Using pre-set license
Built from '2021.3/staging' branch; Version is '2021.3.16f1 (4016570cf34f) revision 4200023'; Using compiler version '192829333'; Build Type 'Release'
OS: 'Windows 10  (10.0.19044) 64bit Education' Language: 'en' Physical Memory: 8058 MB
BatchMode: 1, IsHumanControllingUs: 0, StartBugReporterOnCrash: 0, Is64bit: 1, IsPro: 1

COMMAND LINE ARGUMENTS:
C:\Program Files\Unity\Hub\Editor\2021.3.16f1\Editor\Unity.exe
-adb2
-batchMode
-noUpm
-name
AssetImportWorker1
-projectPath
C:/Users/Hadi/RunGun
-logFile
Logs/AssetImportWorker1.log
-srvPort
53360
Successfully changed project path to: C:/Users/Hadi/RunGun
C:/Users/Hadi/RunGun
[UnityMemory] Configuration Parameters - Can be set up in boot.config
    "memorysetup-bucket-allocator-granularity=16"
    "memorysetup-bucket-allocator-bucket-count=8"
    "memorysetup-bucket-allocator-block-size=33554432"
    "memorysetup-bucket-allocator-block-count=8"
    "memorysetup-main-allocator-block-size=16777216"
    "memorysetup-thread-allocator-block-size=16777216"
    "memorysetup-gfx-main-allocator-block-size=16777216"
    "memorysetup-gfx-thread-allocator-block-size=16777216"
    "memorysetup-cache-allocator-block-size=4194304"
    "memorysetup-typetree-allocator-block-size=2097152"
    "memorysetup-profiler-bucket-allocator-granularity=16"
    "memorysetup-profiler-bucket-allocator-bucket-count=8"
    "memorysetup-profiler-bucket-allocator-block-size=33554432"
    "memorysetup-profiler-bucket-allocator-block-count=8"
    "memorysetup-profiler-allocator-block-size=16777216"
    "memorysetup-profiler-editor-allocator-block-size=1048576"
    "memorysetup-temp-allocator-size-main=16777216"
    "memorysetup-job-temp-allocator-block-size=2097152"
    "memorysetup-job-temp-allocator-block-size-background=1048576"
    "memorysetup-job-temp-allocator-reduction-small-platforms=262144"
    "memorysetup-temp-allocator-size-background-worker=32768"
    "memorysetup-temp-allocator-size-job-worker=262144"
    "memorysetup-temp-allocator-size-preload-manager=33554432"
    "memorysetup-temp-allocator-size-nav-mesh-worker=65536"
    "memorysetup-temp-allocator-size-audio-worker=65536"
    "memorysetup-temp-allocator-size-cloud-worker=32768"
    "memorysetup-temp-allocator-size-gi-baking-worker=262144"
    "memorysetup-temp-allocator-size-gfx=262144"
Player connection [4768] Host "[IP] 10.0.0.85 [Port] 0 [Flags] 2 [Guid] 3994926815 [EditorId] 3994926815 [Version] 1048832 [Id] WindowsEditor(7,DESKTOP-MG4S2MP) [Debug] 1 [PackageName] WindowsEditor [ProjectName] Editor" joined multi-casting on [225.0.0.222:54997]...

Player connection [4768] Host "[IP] 10.0.0.85 [Port] 0 [Flags] 2 [Guid] 3994926815 [EditorId] 3994926815 [Version] 1048832 [Id] WindowsEditor(7,DESKTOP-MG4S2MP) [Debug] 1 [PackageName] WindowsEditor [ProjectName] Editor" joined alternative multi-casting on [225.0.0.222:34997]...

Refreshing native plugins compatible for Editor in 174.22 ms, found 4 plugins.
Preloading 0 native plugins for Editor in 0.00 ms.
Initialize engine version: 2021.3.16f1 (4016570cf34f)
[Subsystems] Discovering subsystems at path C:/Program Files/Unity/Hub/Editor/2021.3.16f1/Editor/Data/Resources/UnitySubsystems
[Subsystems] Discovering subsystems at path C:/Users/Hadi/RunGun/Assets
GfxDevice: creating device client; threaded=0; jobified=0
Direct3D:
    Version:  Direct3D 11.0 [level 11.1]
    Renderer: NVIDIA GeForce GTX 1050 Ti (ID=0x1c8c)
    Vendor:   NVIDIA
    VRAM:     4018 MB
    Driver:   30.0.15.1169
Initialize mono
Mono path[0] = 'C:/Program Files/Unity/Hub/Editor/2021.3.16f1/Editor/Data/Managed'
Mono path[1] = 'C:/Program Files/Unity/Hub/Editor/2021.3.16f1/Editor/Data/MonoBleedingEdge/lib/mono/unityjit-win32'
Mono config path = 'C:/Program Files/Unity/Hub/Editor/2021.3.16f1/Editor/Data/MonoBleedingEdge/etc'
Using monoOptions --debugger-agent=transport=dt_socket,embedding=1,server=y,suspend=n,address=127.0.0.1:56024
Begin MonoManager ReloadAssembly
Registering precompiled unity dll's ...
Register platform support module: C:/Program Files/Unity/Hub/Editor/2021.3.16f1/Editor/Data/PlaybackEngines/WebGLSupport/UnityEditor.WebGL.Extensions.dll
Register platform support module: C:/Program Files/Unity/Hub/Editor/2021.3.16f1/Editor/Data/PlaybackEngines/WindowsStandaloneSupport/UnityEditor.WindowsStandalone.Extensions.dll
Register platform support module: C:/Program Files/Unity/Hub/Editor/2021.3.16f1/Editor/Data/PlaybackEngines/MetroSupport/UnityEditor.UWP.Extensions.dll
Registered in 0.019154 seconds.
Native extension for UWP target not found
Native extension for WindowsStandalone target not found
Native extension for WebGL target not found
Refreshing native plugins compatible for Editor in 257.84 ms, found 4 plugins.
Preloading 0 native plugins for Editor in 0.00 ms.
Mono: successfully reloaded assembly
- Completed reload, in  1.538 seconds
Domain Reload Profiling:
	ReloadAssembly (1539ms)
		BeginReloadAssembly (146ms)
			ExecutionOrderSort (0ms)
			DisableScriptedObjects (0ms)
			BackupInstance (0ms)
			ReleaseScriptingObjects (0ms)
			CreateAndSetChildDomain (1ms)
		EndReloadAssembly (1178ms)
			LoadAssemblies (144ms)
			RebuildTransferFunctionScriptingTraits (0ms)
			SetupTypeCache (197ms)
			ReleaseScriptCaches (0ms)
			RebuildScriptCaches (78ms)
			SetupLoadedEditorAssemblies (805ms)
				LogAssemblyErrors (0ms)
				InitializePlatformSupportModulesInManaged (31ms)
				SetLoadedEditorAssemblies (0ms)
				RefreshPlugins (258ms)
				BeforeProcessingInitializeOnLoad (2ms)
				ProcessInitializeOnLoadAttributes (381ms)
				ProcessInitializeOnLoadMethodAttributes (133ms)
				AfterProcessingInitializeOnLoad (0ms)
				EditorAssembliesLoaded (0ms)
			ExecutionOrderSort2 (0ms)
			AwakeInstancesAfterBackupRestoration (0ms)
Platform modules already initialized, skipping
Registering precompiled user dll's ...
Registered in 0.017963 seconds.
Begin MonoManager ReloadAssembly
Symbol file LoadedFromMemory doesn't match image C:\Users\Hadi\RunGun\Library\PackageCache\com.unity.visualscripting@1.7.8\Editor\VisualScripting.Core\Dependencies\YamlDotNet\Unity.VisualScripting.YamlDotNet.dll
Symbol file LoadedFromMemory doesn't match image C:\Users\Hadi\RunGun\Library\PackageCache\com.unity.visualscripting@1.7.8\Editor\VisualScripting.Core\Dependencies\DotNetZip\Unity.VisualScripting.IonicZip.dll
Native extension for UWP target not found
Native extension for WindowsStandalone target not found
Native extension for WebGL target not found
Refreshing native plugins compatible for Editor in 326.35 ms, found 4 plugins.
Preloading 0 native plugins for Editor in 0.00 ms.
Mono: successfully reloaded assembly
- Completed reload, in  6.057 seconds
Domain Reload Profiling:
	ReloadAssembly (6059ms)
		BeginReloadAssembly (2505ms)
			ExecutionOrderSort (0ms)
			DisableScriptedObjects (2058ms)
			BackupInstance (0ms)
			ReleaseScriptingObjects (0ms)
			CreateAndSetChildDomain (46ms)
		EndReloadAssembly (3226ms)
			LoadAssemblies (266ms)
			RebuildTransferFunctionScriptingTraits (0ms)
			SetupTypeCache (1256ms)
			ReleaseScriptCaches (1ms)
			RebuildScriptCaches (270ms)
			SetupLoadedEditorAssemblies (1308ms)
				LogAssemblyErrors (0ms)
				InitializePlatformSupportModulesInManaged (20ms)
				SetLoadedEditorAssemblies (1ms)
				RefreshPlugins (327ms)
				BeforeProcessingInitializeOnLoad (245ms)
				ProcessInitializeOnLoadAttributes (606ms)
				ProcessInitializeOnLoadMethodAttributes (91ms)
				AfterProcessingInitializeOnLoad (18ms)
				EditorAssembliesLoaded (0ms)
			ExecutionOrderSort2 (0ms)
			AwakeInstancesAfterBackupRestoration (14ms)
Platform modules already initialized, skipping
========================================================================
Worker process is ready to serve import requests
Launched and connected shader compiler UnityShaderCompiler.exe after 0.09 seconds
Refreshing native plugins compatible for Editor in 0.85 ms, found 4 plugins.
Preloading 0 native plugins for Editor in 0.00 ms.
Unloading 4047 Unused Serialized files (Serialized files now loaded: 0)
Unloading 44 unused Assets / (229.2 KB). Loaded Objects now: 4498.
Memory consumption went from 150.9 MB to 150.6 MB.
Total: 5.986100 ms (FindLiveObjects: 0.546700 ms CreateObjectMapping: 0.344400 ms MarkObjects: 4.764000 ms  DeleteObjects: 0.328900 ms)

AssetImportParameters requested are different than current active one (requested -> active):
  custom:video-decoder-ogg-theora: a1e56fd34408186e4bbccfd4996cb3dc -> 
  custom:container-muxer-webm: aa71ff27fc2769a1b78a27578f13a17b -> 
  custom:container-demuxer-webm: 4f35f7cbe854078d1ac9338744f61a02 -> 
  custom:video-encoder-webm-vp8: eb34c28f22e8b96e1ab97ce403110664 -> 
  custom:audio-encoder-webm-vorbis: bf7c407c2cedff20999df2af8eb42d56 -> 
  custom:framework-win-MediaFoundation: 216162199b28c13a410421893ffa2e32 -> 
  custom:container-demuxer-ogg: 62fdf1f143b41e24485cea50d1cbac27 -> 
  custom:video-decoder-webm-vp8: 9c59270c3fd7afecdb556c50c9e8de78 -> 
  custom:audio-decoder-ogg-vorbis: bf7c407c2cedff20999df2af8eb42d56 -> 
========================================================================
Received Import Request.
  Time since last request: 2615992.347310 seconds.
  path: Assets/Scripts/Player.cs
  artifactKey: Guid(b707a0393b5a4ea4c99db52e022ee1e0) Importer(815301076,1909f56bfc062723c751e8b465ee728b)
Start importing Assets/Scripts/Player.cs using Guid(b707a0393b5a4ea4c99db52e022ee1e0) Importer(815301076,1909f56bfc062723c751e8b465ee728b)  -> (artifact id: 'd398d84e3eaa11257040ec09c25d80a6') in 0.078134 seconds 
========================================================================
Received Prepare
Registering precompiled user dll's ...
Registered in 0.009466 seconds.
Begin MonoManager ReloadAssembly
Symbol file LoadedFromMemory doesn't match image C:\Users\Hadi\RunGun\Library\PackageCache\com.unity.visualscripting@1.7.8\Editor\VisualScripting.Core\Dependencies\YamlDotNet\Unity.VisualScripting.YamlDotNet.dll
Symbol file LoadedFromMemory doesn't match image C:\Users\Hadi\RunGun\Library\PackageCache\com.unity.visualscripting@1.7.8\Editor\VisualScripting.Core\Dependencies\DotNetZip\Unity.VisualScripting.IonicZip.dll
Native extension for UWP target not found
Native extension for WindowsStandalone target not found
Native extension for WebGL target not found
Refreshing native plugins compatible for Editor in 1.77 ms, found 4 plugins.
Preloading 0 native plugins for Editor in 0.00 ms.
Mono: successfully reloaded assembly
- Completed reload, in  3.038 seconds
Domain Reload Profiling:
	ReloadAssembly (3040ms)
		BeginReloadAssembly (480ms)
			ExecutionOrderSort (0ms)
			DisableScriptedObjects (53ms)
			BackupInstance (0ms)
			ReleaseScriptingObjects (0ms)
			CreateAndSetChildDomain (105ms)
		EndReloadAssembly (2283ms)
			LoadAssemblies (442ms)
			RebuildTransferFunctionScriptingTraits (0ms)
			SetupTypeCache (678ms)
			ReleaseScriptCaches (3ms)
			RebuildScriptCaches (200ms)
			SetupLoadedEditorAssemblies (938ms)
				LogAssemblyErrors (0ms)
				InitializePlatformSupportModulesInManaged (37ms)
				SetLoadedEditorAssemblies (1ms)
				RefreshPlugins (2ms)
				BeforeProcessingInitializeOnLoad (164ms)
				ProcessInitializeOnLoadAttributes (631ms)
				ProcessInitializeOnLoadMethodAttributes (85ms)
				AfterProcessingInitializeOnLoad (17ms)
				EditorAssembliesLoaded (1ms)
			ExecutionOrderSort2 (0ms)
			AwakeInstancesAfterBackupRestoration (28ms)
Platform modules already initialized, skipping
Refreshing native plugins compatible for Editor in 113.62 ms, found 4 plugins.
Preloading 0 native plugins for Editor in 0.00 ms.
Unloading 4042 Unused Serialized files (Serialized files now loaded: 0)
Unloading 31 unused Assets / (195.9 KB). Loaded Objects now: 4501.
Memory consumption went from 150.9 MB to 150.7 MB.
Total: 11.358400 ms (FindLiveObjects: 0.781200 ms CreateObjectMapping: 0.989400 ms MarkObjects: 9.291800 ms  DeleteObjects: 0.293400 ms)

AssetImportParameters requested are different than current active one (requested -> active):
  custom:video-decoder-ogg-theora: a1e56fd34408186e4bbccfd4996cb3dc -> 
  custom:container-muxer-webm: aa71ff27fc2769a1b78a27578f13a17b -> 
  custom:container-demuxer-webm: 4f35f7cbe854078d1ac9338744f61a02 -> 
  custom:video-encoder-webm-vp8: eb34c28f22e8b96e1ab97ce403110664 -> 
  custom:audio-encoder-webm-vorbis: bf7c407c2cedff20999df2af8eb42d56 -> 
  custom:framework-win-MediaFoundation: 216162199b28c13a410421893ffa2e32 -> 
  custom:container-demuxer-ogg: 62fdf1f143b41e24485cea50d1cbac27 -> 
  custom:video-decoder-webm-vp8: 9c59270c3fd7afecdb556c50c9e8de78 -> 
  custom:audio-decoder-ogg-vorbis: bf7c407c2cedff20999df2af8eb42d56 -> 
========================================================================
Received Prepare
Registering precompiled user dll's ...
Registered in 0.009555 seconds.
Begin MonoManager ReloadAssembly
Symbol file LoadedFromMemory doesn't match image C:\Users\Hadi\RunGun\Library\PackageCache\com.unity.visualscripting@1.7.8\Editor\VisualScripting.Core\Dependencies\YamlDotNet\Unity.VisualScripting.YamlDotNet.dll
Symbol file LoadedFromMemory doesn't match image C:\Users\Hadi\RunGun\Library\PackageCache\com.unity.visualscripting@1.7.8\Editor\VisualScripting.Core\Dependencies\DotNetZip\Unity.VisualScripting.IonicZip.dll
Native extension for UWP target not found
Native extension for WindowsStandalone target not found
Native extension for WebGL target not found
Refreshing native plugins compatible for Editor in 2.57 ms, found 4 plugins.
Preloading 0 native plugins for Editor in 0.00 ms.
Mono: successfully reloaded assembly
- Completed reload, in  3.143 seconds
Domain Reload Profiling:
	ReloadAssembly (3149ms)
		BeginReloadAssembly (449ms)
			ExecutionOrderSort (0ms)
			DisableScriptedObjects (20ms)
			BackupInstance (0ms)
			ReleaseScriptingObjects (0ms)
			CreateAndSetChildDomain (179ms)
		EndReloadAssembly (2453ms)
			LoadAssemblies (270ms)
			RebuildTransferFunctionScriptingTraits (0ms)
			SetupTypeCache (735ms)
			ReleaseScriptCaches (3ms)
			RebuildScriptCaches (128ms)
			SetupLoadedEditorAssemblies (1140ms)
				LogAssemblyErrors (0ms)
				InitializePlatformSupportModulesInManaged (53ms)
				SetLoadedEditorAssemblies (6ms)
				RefreshPlugins (3ms)
				BeforeProcessingInitializeOnLoad (257ms)
				ProcessInitializeOnLoadAttributes (718ms)
				ProcessInitializeOnLoadMethodAttributes (87ms)
				AfterProcessingInitializeOnLoad (16ms)
				EditorAssembliesLoaded (0ms)
			ExecutionOrderSort2 (0ms)
			AwakeInstancesAfterBackupRestoration (22ms)
Platform modules already initialized, skipping
Refreshing native plugins compatible for Editor in 6.58 ms, found 4 plugins.
Preloading 0 native plugins for Editor in 0.00 ms.
Unloading 4042 Unused Serialized files (Serialized files now loaded: 0)
Unloading 31 unused Assets / (196.1 KB). Loaded Objects now: 4504.
Memory consumption went from 150.9 MB to 150.7 MB.
Total: 8.604800 ms (FindLiveObjects: 1.096800 ms CreateObjectMapping: 1.522300 ms MarkObjects: 5.693000 ms  DeleteObjects: 0.290300 ms)

AssetImportParameters requested are different than current active one (requested -> active):
  custom:video-decoder-ogg-theora: a1e56fd34408186e4bbccfd4996cb3dc -> 
  custom:container-muxer-webm: aa71ff27fc2769a1b78a27578f13a17b -> 
  custom:container-demuxer-webm: 4f35f7cbe854078d1ac9338744f61a02 -> 
  custom:video-encoder-webm-vp8: eb34c28f22e8b96e1ab97ce403110664 -> 
  custom:audio-encoder-webm-vorbis: bf7c407c2cedff20999df2af8eb42d56 -> 
  custom:framework-win-MediaFoundation: 216162199b28c13a410421893ffa2e32 -> 
  custom:container-demuxer-ogg: 62fdf1f143b41e24485cea50d1cbac27 -> 
  custom:video-decoder-webm-vp8: 9c59270c3fd7afecdb556c50c9e8de78 -> 
  custom:audio-decoder-ogg-vorbis: bf7c407c2cedff20999df2af8eb42d56 -> 
========================================================================
Received Prepare
Registering precompiled user dll's ...
Registered in 0.009586 seconds.
Begin MonoManager ReloadAssembly
Symbol file LoadedFromMemory doesn't match image C:\Users\Hadi\RunGun\Library\PackageCache\com.unity.visualscripting@1.7.8\Editor\VisualScripting.Core\Dependencies\YamlDotNet\Unity.VisualScripting.YamlDotNet.dll
Symbol file LoadedFromMemory doesn't match image C:\Users\Hadi\RunGun\Library\PackageCache\com.unity.visualscripting@1.7.8\Editor\VisualScripting.Core\Dependencies\DotNetZip\Unity.VisualScripting.IonicZip.dll
Native extension for UWP target not found
Native extension for WindowsStandalone target not found
Native extension for WebGL target not found
Refreshing native plugins compatible for Editor in 1.40 ms, found 4 plugins.
Preloading 0 native plugins for Editor in 0.00 ms.
Mono: successfully reloaded assembly
- Completed reload, in  2.522 seconds
Domain Reload Profiling:
	ReloadAssembly (2524ms)
		BeginReloadAssembly (330ms)
			ExecutionOrderSort (0ms)
			DisableScriptedObjects (20ms)
			BackupInstance (0ms)
			ReleaseScriptingObjects (0ms)
			CreateAndSetChildDomain (93ms)
		EndReloadAssembly (1957ms)
			LoadAssemblies (259ms)
			RebuildTransferFunctionScriptingTraits (0ms)
			SetupTypeCache (588ms)
			ReleaseScriptCaches (4ms)
			RebuildScriptCaches (130ms)
			SetupLoadedEditorAssemblies (863ms)
				LogAssemblyErrors (0ms)
				InitializePlatformSupportModulesInManaged (40ms)
				SetLoadedEditorAssemblies (1ms)
				RefreshPlugins (2ms)
				BeforeProcessingInitializeOnLoad (180ms)
				ProcessInitializeOnLoadAttributes (527ms)
				ProcessInitializeOnLoadMethodAttributes (97ms)
				AfterProcessingInitializeOnLoad (17ms)
				EditorAssembliesLoaded (0ms)
			ExecutionOrderSort2 (0ms)
			AwakeInstancesAfterBackupRestoration (22ms)
Platform modules already initialized, skipping
Refreshing native plugins compatible for Editor in 7.14 ms, found 4 plugins.
Preloading 0 native plugins for Editor in 0.00 ms.
Unloading 4042 Unused Serialized files (Serialized files now loaded: 0)
Unloading 31 unused Assets / (195.8 KB). Loaded Objects now: 4507.
Memory consumption went from 150.9 MB to 150.7 MB.
Total: 5.124100 ms (FindLiveObjects: 0.430900 ms CreateObjectMapping: 0.450800 ms MarkObjects: 4.042600 ms  DeleteObjects: 0.198300 ms)

AssetImportParameters requested are different than current active one (requested -> active):
  custom:video-decoder-ogg-theora: a1e56fd34408186e4bbccfd4996cb3dc -> 
  custom:container-muxer-webm: aa71ff27fc2769a1b78a27578f13a17b -> 
  custom:container-demuxer-webm: 4f35f7cbe854078d1ac9338744f61a02 -> 
  custom:video-encoder-webm-vp8: eb34c28f22e8b96e1ab97ce403110664 -> 
  custom:audio-encoder-webm-vorbis: bf7c407c2cedff20999df2af8eb42d56 -> 
  custom:framework-win-MediaFoundation: 216162199b28c13a410421893ffa2e32 -> 
  custom:container-demuxer-ogg: 62fdf1f143b41e24485cea50d1cbac27 -> 
  custom:video-decoder-webm-vp8: 9c59270c3fd7afecdb556c50c9e8de78 -> 
  custom:audio-decoder-ogg-vorbis: bf7c407c2cedff20999df2af8eb42d56 -> 
========================================================================
Received Prepare
Registering precompiled user dll's ...
Registered in 0.013409 seconds.
Begin MonoManager ReloadAssembly
Symbol file LoadedFromMemory doesn't match image C:\Users\Hadi\RunGun\Library\PackageCache\com.unity.visualscripting@1.7.8\Editor\VisualScripting.Core\Dependencies\YamlDotNet\Unity.VisualScripting.YamlDotNet.dll
Symbol file LoadedFromMemory doesn't match image C:\Users\Hadi\RunGun\Library\PackageCache\com.unity.visualscripting@1.7.8\Editor\VisualScripting.Core\Dependencies\DotNetZip\Unity.VisualScripting.IonicZip.dll
Native extension for UWP target not found
Native extension for WindowsStandalone target not found
Native extension for WebGL target not found
Refreshing native plugins compatible for Editor in 1.40 ms, found 4 plugins.
Preloading 0 native plugins for Editor in 0.00 ms.
Mono: successfully reloaded assembly
- Completed reload, in  2.966 seconds
Domain Reload Profiling:
	ReloadAssembly (2972ms)
		BeginReloadAssembly (415ms)
			ExecutionOrderSort (0ms)
			DisableScriptedObjects (17ms)
			BackupInstance (0ms)
			ReleaseScriptingObjects (0ms)
			CreateAndSetChildDomain (91ms)
		EndReloadAssembly (2326ms)
			LoadAssemblies (348ms)
			RebuildTransferFunctionScriptingTraits (0ms)
			SetupTypeCache (730ms)
			ReleaseScriptCaches (3ms)
			RebuildScriptCaches (107ms)
			SetupLoadedEditorAssemblies (1060ms)
				LogAssemblyErrors (0ms)
				InitializePlatformSupportModulesInManaged (49ms)
				SetLoadedEditorAssemblies (1ms)
				RefreshPlugins (2ms)
				BeforeProcessingInitializeOnLoad (167ms)
				ProcessInitializeOnLoadAttributes (656ms)
				ProcessInitializeOnLoadMethodAttributes (152ms)
				AfterProcessingInitializeOnLoad (33ms)
				EditorAssembliesLoaded (0ms)
			ExecutionOrderSort2 (0ms)
			AwakeInstancesAfterBackupRestoration (24ms)
Platform modules already initialized, skipping
Refreshing native plugins compatible for Editor in 7.25 ms, found 4 plugins.
Preloading 0 native plugins for Editor in 0.00 ms.
Unloading 4042 Unused Serialized files (Serialized files now loaded: 0)
Unloading 31 unused Assets / (195.5 KB). Loaded Objects now: 4510.
Memory consumption went from 150.9 MB to 150.7 MB.
Total: 8.985600 ms (FindLiveObjects: 1.033800 ms CreateObjectMapping: 1.742900 ms MarkObjects: 5.764000 ms  DeleteObjects: 0.442600 ms)

AssetImportParameters requested are different than current active one (requested -> active):
  custom:video-decoder-ogg-theora: a1e56fd34408186e4bbccfd4996cb3dc -> 
  custom:container-muxer-webm: aa71ff27fc2769a1b78a27578f13a17b -> 
  custom:container-demuxer-webm: 4f35f7cbe854078d1ac9338744f61a02 -> 
  custom:video-encoder-webm-vp8: eb34c28f22e8b96e1ab97ce403110664 -> 
  custom:audio-encoder-webm-vorbis: bf7c407c2cedff20999df2af8eb42d56 -> 
  custom:framework-win-MediaFoundation: 216162199b28c13a410421893ffa2e32 -> 
  custom:container-demuxer-ogg: 62fdf1f143b41e24485cea50d1cbac27 -> 
  custom:video-decoder-webm-vp8: 9c59270c3fd7afecdb556c50c9e8de78 -> 
  custom:audio-decoder-ogg-vorbis: bf7c407c2cedff20999df2af8eb42d56 -> 
========================================================================
Received Prepare
Registering precompiled user dll's ...
Registered in 0.009159 seconds.
Begin MonoManager ReloadAssembly
Symbol file LoadedFromMemory doesn't match image C:\Users\Hadi\RunGun\Library\PackageCache\com.unity.visualscripting@1.7.8\Editor\VisualScripting.Core\Dependencies\YamlDotNet\Unity.VisualScripting.YamlDotNet.dll
Symbol file LoadedFromMemory doesn't match image C:\Users\Hadi\RunGun\Library\PackageCache\com.unity.visualscripting@1.7.8\Editor\VisualScripting.Core\Dependencies\DotNetZip\Unity.VisualScripting.IonicZip.dll
Native extension for UWP target not found
Native extension for WindowsStandalone target not found
Native extension for WebGL target not found
Refreshing native plugins compatible for Editor in 1.58 ms, found 4 plugins.
Preloading 0 native plugins for Editor in 0.00 ms.
Mono: successfully reloaded assembly
- Completed reload, in  2.553 seconds
Domain Reload Profiling:
	ReloadAssembly (2555ms)
		BeginReloadAssembly (349ms)
			ExecutionOrderSort (0ms)
			DisableScriptedObjects (19ms)
			BackupInstance (0ms)
			ReleaseScriptingObjects (0ms)
			CreateAndSetChildDomain (96ms)
		EndReloadAssembly (1954ms)
			LoadAssemblies (275ms)
			RebuildTransferFunctionScriptingTraits (0ms)
			SetupTypeCache (612ms)
			ReleaseScriptCaches (4ms)
			RebuildScriptCaches (114ms)
			SetupLoadedEditorAssemblies (868ms)
				LogAssemblyErrors (0ms)
				InitializePlatformSupportModulesInManaged (41ms)
				SetLoadedEditorAssemblies (1ms)
				RefreshPlugins (2ms)
				BeforeProcessingInitializeOnLoad (174ms)
				ProcessInitializeOnLoadAttributes (543ms)
				ProcessInitializeOnLoadMethodAttributes (88ms)
				AfterProcessingInitializeOnLoad (18ms)
				EditorAssembliesLoaded (0ms)
			ExecutionOrderSort2 (0ms)
			AwakeInstancesAfterBackupRestoration (23ms)
Platform modules already initialized, skipping
Refreshing native plugins compatible for Editor in 6.16 ms, found 4 plugins.
Preloading 0 native plugins for Editor in 0.00 ms.
Unloading 4042 Unused Serialized files (Serialized files now loaded: 0)
Unloading 31 unused Assets / (195.4 KB). Loaded Objects now: 4513.
Memory consumption went from 150.9 MB to 150.7 MB.
Total: 11.266700 ms (FindLiveObjects: 2.498900 ms CreateObjectMapping: 0.500300 ms MarkObjects: 7.570600 ms  DeleteObjects: 0.650400 ms)

AssetImportParameters requested are different than current active one (requested -> active):
  custom:video-decoder-ogg-theora: a1e56fd34408186e4bbccfd4996cb3dc -> 
  custom:container-muxer-webm: aa71ff27fc2769a1b78a27578f13a17b -> 
  custom:container-demuxer-webm: 4f35f7cbe854078d1ac9338744f61a02 -> 
  custom:video-encoder-webm-vp8: eb34c28f22e8b96e1ab97ce403110664 -> 
  custom:audio-encoder-webm-vorbis: bf7c407c2cedff20999df2af8eb42d56 -> 
  custom:framework-win-MediaFoundation: 216162199b28c13a410421893ffa2e32 -> 
  custom:container-demuxer-ogg: 62fdf1f143b41e24485cea50d1cbac27 -> 
  custom:video-decoder-webm-vp8: 9c59270c3fd7afecdb556c50c9e8de78 -> 
  custom:audio-decoder-ogg-vorbis: bf7c407c2cedff20999df2af8eb42d56 -> 
========================================================================
Received Prepare
Registering precompiled user dll's ...
Registered in 0.009254 seconds.
Begin MonoManager ReloadAssembly
Symbol file LoadedFromMemory doesn't match image C:\Users\Hadi\RunGun\Library\PackageCache\com.unity.visualscripting@1.7.8\Editor\VisualScripting.Core\Dependencies\YamlDotNet\Unity.VisualScripting.YamlDotNet.dll
Symbol file LoadedFromMemory doesn't match image C:\Users\Hadi\RunGun\Library\PackageCache\com.unity.visualscripting@1.7.8\Editor\VisualScripting.Core\Dependencies\DotNetZip\Unity.VisualScripting.IonicZip.dll
Native extension for UWP target not found
Native extension for WindowsStandalone target not found
Native extension for WebGL target not found
Refreshing native plugins compatible for Editor in 1.34 ms, found 4 plugins.
Preloading 0 native plugins for Editor in 0.00 ms.
Mono: successfully reloaded assembly
- Completed reload, in  2.583 seconds
Domain Reload Profiling:
	ReloadAssembly (2585ms)
		BeginReloadAssembly (347ms)
			ExecutionOrderSort (0ms)
			DisableScriptedObjects (17ms)
			BackupInstance (0ms)
			ReleaseScriptingObjects (0ms)
			CreateAndSetChildDomain (109ms)
		EndReloadAssembly (1997ms)
			LoadAssemblies (264ms)
			RebuildTransferFunctionScriptingTraits (0ms)
			SetupTypeCache (657ms)
			ReleaseScriptCaches (3ms)
			RebuildScriptCaches (115ms)
			SetupLoadedEditorAssemblies (850ms)
				LogAssemblyErrors (0ms)
				InitializePlatformSupportModulesInManaged (40ms)
				SetLoadedEditorAssemblies (1ms)
				RefreshPlugins (2ms)
				BeforeProcessingInitializeOnLoad (165ms)
				ProcessInitializeOnLoadAttributes (530ms)
				ProcessInitializeOnLoadMethodAttributes (93ms)
				AfterProcessingInitializeOnLoad (19ms)
				EditorAssembliesLoaded (0ms)
			ExecutionOrderSort2 (0ms)
			AwakeInstancesAfterBackupRestoration (23ms)
Platform modules already initialized, skipping
Refreshing native plugins compatible for Editor in 5.49 ms, found 4 plugins.
Preloading 0 native plugins for Editor in 0.00 ms.
Unloading 4042 Unused Serialized files (Serialized files now loaded: 0)
Unloading 31 unused Assets / (195.5 KB). Loaded Objects now: 4516.
Memory consumption went from 150.9 MB to 150.7 MB.
Total: 8.950700 ms (FindLiveObjects: 0.601100 ms CreateObjectMapping: 2.111100 ms MarkObjects: 5.788400 ms  DeleteObjects: 0.447800 ms)

AssetImportParameters requested are different than current active one (requested -> active):
  custom:video-decoder-ogg-theora: a1e56fd34408186e4bbccfd4996cb3dc -> 
  custom:container-muxer-webm: aa71ff27fc2769a1b78a27578f13a17b -> 
  custom:container-demuxer-webm: 4f35f7cbe854078d1ac9338744f61a02 -> 
  custom:video-encoder-webm-vp8: eb34c28f22e8b96e1ab97ce403110664 -> 
  custom:audio-encoder-webm-vorbis: bf7c407c2cedff20999df2af8eb42d56 -> 
  custom:framework-win-MediaFoundation: 216162199b28c13a410421893ffa2e32 -> 
  custom:container-demuxer-ogg: 62fdf1f143b41e24485cea50d1cbac27 -> 
  custom:video-decoder-webm-vp8: 9c59270c3fd7afecdb556c50c9e8de78 -> 
  custom:audio-decoder-ogg-vorbis: bf7c407c2cedff20999df2af8eb42d56 -> 
========================================================================
Received Prepare
Registering precompiled user dll's ...
Registered in 0.013074 seconds.
Begin MonoManager ReloadAssembly
Symbol file LoadedFromMemory doesn't match image C:\Users\Hadi\RunGun\Library\PackageCache\com.unity.visualscripting@1.7.8\Editor\VisualScripting.Core\Dependencies\YamlDotNet\Unity.VisualScripting.YamlDotNet.dll
Symbol file LoadedFromMemory doesn't match image C:\Users\Hadi\RunGun\Library\PackageCache\com.unity.visualscripting@1.7.8\Editor\VisualScripting.Core\Dependencies\DotNetZip\Unity.VisualScripting.IonicZip.dll
Native extension for UWP target not found
Native extension for WindowsStandalone target not found
Native extension for WebGL target not found
Refreshing native plugins compatible for Editor in 0.91 ms, found 4 plugins.
Preloading 0 native plugins for Editor in 0.00 ms.
Mono: successfully reloaded assembly
- Completed reload, in  2.041 seconds
Domain Reload Profiling:
	ReloadAssembly (2045ms)
		BeginReloadAssembly (225ms)
			ExecutionOrderSort (0ms)
			DisableScriptedObjects (14ms)
			BackupInstance (0ms)
			ReleaseScriptingObjects (0ms)
			CreateAndSetChildDomain (56ms)
		EndReloadAssembly (1601ms)
			LoadAssemblies (160ms)
			RebuildTransferFunctionScriptingTraits (0ms)
			SetupTypeCache (428ms)
			ReleaseScriptCaches (3ms)
			RebuildScriptCaches (76ms)
			SetupLoadedEditorAssemblies (798ms)
				LogAssemblyErrors (0ms)
				InitializePlatformSupportModulesInManaged (38ms)
				SetLoadedEditorAssemblies (1ms)
				RefreshPlugins (1ms)
				BeforeProcessingInitializeOnLoad (178ms)
				ProcessInitializeOnLoadAttributes (459ms)
				ProcessInitializeOnLoadMethodAttributes (107ms)
				AfterProcessingInitializeOnLoad (13ms)
				EditorAssembliesLoaded (0ms)
			ExecutionOrderSort2 (0ms)
			AwakeInstancesAfterBackupRestoration (14ms)
Platform modules already initialized, skipping
Refreshing native plugins compatible for Editor in 5.24 ms, found 4 plugins.
Preloading 0 native plugins for Editor in 0.00 ms.
Unloading 4043 Unused Serialized files (Serialized files now loaded: 0)
Unloading 31 unused Assets / (195.3 KB). Loaded Objects now: 4520.
Memory consumption went from 150.9 MB to 150.8 MB.
Total: 5.402600 ms (FindLiveObjects: 0.394500 ms CreateObjectMapping: 0.254300 ms MarkObjects: 4.501900 ms  DeleteObjects: 0.250100 ms)

AssetImportParameters requested are different than current active one (requested -> active):
  custom:video-decoder-ogg-theora: a1e56fd34408186e4bbccfd4996cb3dc -> 
  custom:container-muxer-webm: aa71ff27fc2769a1b78a27578f13a17b -> 
  custom:container-demuxer-webm: 4f35f7cbe854078d1ac9338744f61a02 -> 
  custom:video-encoder-webm-vp8: eb34c28f22e8b96e1ab97ce403110664 -> 
  custom:audio-encoder-webm-vorbis: bf7c407c2cedff20999df2af8eb42d56 -> 
  custom:framework-win-MediaFoundation: 216162199b28c13a410421893ffa2e32 -> 
  custom:container-demuxer-ogg: 62fdf1f143b41e24485cea50d1cbac27 -> 
  custom:video-decoder-webm-vp8: 9c59270c3fd7afecdb556c50c9e8de78 -> 
  custom:audio-decoder-ogg-vorbis: bf7c407c2cedff20999df2af8eb42d56 -> 
========================================================================
Received Import Request.
  Time since last request: 739.592534 seconds.
  path: Assets/Scripts/CameraFollow.cs
  artifactKey: Guid(f67e1a707bfe9bf449c0cac9190e38ab) Importer(815301076,1909f56bfc062723c751e8b465ee728b)
Start importing Assets/Scripts/CameraFollow.cs using Guid(f67e1a707bfe9bf449c0cac9190e38ab) Importer(815301076,1909f56bfc062723c751e8b465ee728b)  -> (artifact id: '6f9ea33ec3faa3d7a98e3e679a2a1324') in 0.094363 seconds 
========================================================================
Received Prepare
Registering precompiled user dll's ...
Registered in 0.011231 seconds.
Begin MonoManager ReloadAssembly
Symbol file LoadedFromMemory doesn't match image C:\Users\Hadi\RunGun\Library\PackageCache\com.unity.visualscripting@1.7.8\Editor\VisualScripting.Core\Dependencies\YamlDotNet\Unity.VisualScripting.YamlDotNet.dll
Symbol file LoadedFromMemory doesn't match image C:\Users\Hadi\RunGun\Library\PackageCache\com.unity.visualscripting@1.7.8\Editor\VisualScripting.Core\Dependencies\DotNetZip\Unity.VisualScripting.IonicZip.dll
Native extension for UWP target not found
Native extension for WindowsStandalone target not found
Native extension for WebGL target not found
Refreshing native plugins compatible for Editor in 1.75 ms, found 4 plugins.
Preloading 0 native plugins for Editor in 0.00 ms.
Mono: successfully reloaded assembly
- Completed reload, in  2.385 seconds
Domain Reload Profiling:
	ReloadAssembly (2386ms)
		BeginReloadAssembly (214ms)
			ExecutionOrderSort (0ms)
			DisableScriptedObjects (10ms)
			BackupInstance (0ms)
			ReleaseScriptingObjects (0ms)
			CreateAndSetChildDomain (48ms)
		EndReloadAssembly (1935ms)
			LoadAssemblies (209ms)
			RebuildTransferFunctionScriptingTraits (0ms)
			SetupTypeCache (561ms)
			ReleaseScriptCaches (3ms)
			RebuildScriptCaches (106ms)
			SetupLoadedEditorAssemblies (945ms)
				LogAssemblyErrors (0ms)
				InitializePlatformSupportModulesInManaged (38ms)
				SetLoadedEditorAssemblies (1ms)
				RefreshPlugins (2ms)
				BeforeProcessingInitializeOnLoad (226ms)
				ProcessInitializeOnLoadAttributes (557ms)
				ProcessInitializeOnLoadMethodAttributes (103ms)
				AfterProcessingInitializeOnLoad (17ms)
				EditorAssembliesLoaded (0ms)
			ExecutionOrderSort2 (0ms)
			AwakeInstancesAfterBackupRestoration (21ms)
Platform modules already initialized, skipping
Refreshing native plugins compatible for Editor in 6.08 ms, found 4 plugins.
Preloading 0 native plugins for Editor in 0.00 ms.
Unloading 4043 Unused Serialized files (Serialized files now loaded: 0)
Unloading 31 unused Assets / (195.5 KB). Loaded Objects now: 4523.
Memory consumption went from 151.0 MB to 150.8 MB.
Total: 16.670000 ms (FindLiveObjects: 0.575200 ms CreateObjectMapping: 1.029900 ms MarkObjects: 12.369100 ms  DeleteObjects: 2.694100 ms)

AssetImportParameters requested are different than current active one (requested -> active):
  custom:video-decoder-ogg-theora: a1e56fd34408186e4bbccfd4996cb3dc -> 
  custom:container-muxer-webm: aa71ff27fc2769a1b78a27578f13a17b -> 
  custom:container-demuxer-webm: 4f35f7cbe854078d1ac9338744f61a02 -> 
  custom:video-encoder-webm-vp8: eb34c28f22e8b96e1ab97ce403110664 -> 
  custom:audio-encoder-webm-vorbis: bf7c407c2cedff20999df2af8eb42d56 -> 
  custom:framework-win-MediaFoundation: 216162199b28c13a410421893ffa2e32 -> 
  custom:container-demuxer-ogg: 62fdf1f143b41e24485cea50d1cbac27 -> 
  custom:video-decoder-webm-vp8: 9c59270c3fd7afecdb556c50c9e8de78 -> 
  custom:audio-decoder-ogg-vorbis: bf7c407c2cedff20999df2af8eb42d56 -> 
========================================================================
Received Prepare
Registering precompiled user dll's ...
Registered in 0.013249 seconds.
Begin MonoManager ReloadAssembly
Symbol file LoadedFromMemory doesn't match image C:\Users\Hadi\RunGun\Library\PackageCache\com.unity.visualscripting@1.7.8\Editor\VisualScripting.Core\Dependencies\YamlDotNet\Unity.VisualScripting.YamlDotNet.dll
Symbol file LoadedFromMemory doesn't match image C:\Users\Hadi\RunGun\Library\PackageCache\com.unity.visualscripting@1.7.8\Editor\VisualScripting.Core\Dependencies\DotNetZip\Unity.VisualScripting.IonicZip.dll
Native extension for UWP target not found
Native extension for WindowsStandalone target not found
Native extension for WebGL target not found
Refreshing native plugins compatible for Editor in 1.88 ms, found 4 plugins.
Preloading 0 native plugins for Editor in 0.00 ms.
Mono: successfully reloaded assembly
- Completed reload, in  2.843 seconds
Domain Reload Profiling:
	ReloadAssembly (2851ms)
		BeginReloadAssembly (326ms)
			ExecutionOrderSort (0ms)
			DisableScriptedObjects (16ms)
			BackupInstance (0ms)
			ReleaseScriptingObjects (0ms)
			CreateAndSetChildDomain (80ms)
		EndReloadAssembly (2042ms)
			LoadAssemblies (272ms)
			RebuildTransferFunctionScriptingTraits (0ms)
			SetupTypeCache (729ms)
			ReleaseScriptCaches (3ms)
			RebuildScriptCaches (110ms)
			SetupLoadedEditorAssemblies (857ms)
				LogAssemblyErrors (0ms)
				InitializePlatformSupportModulesInManaged (35ms)
				SetLoadedEditorAssemblies (1ms)
				RefreshPlugins (2ms)
				BeforeProcessingInitializeOnLoad (167ms)
				ProcessInitializeOnLoadAttributes (540ms)
				ProcessInitializeOnLoadMethodAttributes (94ms)
				AfterProcessingInitializeOnLoad (17ms)
				EditorAssembliesLoaded (1ms)
			ExecutionOrderSort2 (0ms)
			AwakeInstancesAfterBackupRestoration (23ms)
Platform modules already initialized, skipping
Refreshing native plugins compatible for Editor in 8.26 ms, found 4 plugins.
Preloading 0 native plugins for Editor in 0.00 ms.
Unloading 4043 Unused Serialized files (Serialized files now loaded: 0)
Unloading 31 unused Assets / (195.3 KB). Loaded Objects now: 4526.
Memory consumption went from 151.0 MB to 150.8 MB.
Total: 14.844400 ms (FindLiveObjects: 0.714500 ms CreateObjectMapping: 0.867900 ms MarkObjects: 9.579300 ms  DeleteObjects: 3.679800 ms)

AssetImportParameters requested are different than current active one (requested -> active):
  custom:video-decoder-ogg-theora: a1e56fd34408186e4bbccfd4996cb3dc -> 
  custom:container-muxer-webm: aa71ff27fc2769a1b78a27578f13a17b -> 
  custom:container-demuxer-webm: 4f35f7cbe854078d1ac9338744f61a02 -> 
  custom:video-encoder-webm-vp8: eb34c28f22e8b96e1ab97ce403110664 -> 
  custom:audio-encoder-webm-vorbis: bf7c407c2cedff20999df2af8eb42d56 -> 
  custom:framework-win-MediaFoundation: 216162199b28c13a410421893ffa2e32 -> 
  custom:container-demuxer-ogg: 62fdf1f143b41e24485cea50d1cbac27 -> 
  custom:video-decoder-webm-vp8: 9c59270c3fd7afecdb556c50c9e8de78 -> 
  custom:audio-decoder-ogg-vorbis: bf7c407c2cedff20999df2af8eb42d56 -> 
========================================================================
Received Import Request.
  Time since last request: 100.721143 seconds.
  path: Assets/Scripts/Enemy.cs
  artifactKey: Guid(a01169b5d28a20e44ba48f29ae85e645) Importer(815301076,1909f56bfc062723c751e8b465ee728b)
Start importing Assets/Scripts/Enemy.cs using Guid(a01169b5d28a20e44ba48f29ae85e645) Importer(815301076,1909f56bfc062723c751e8b465ee728b)  -> (artifact id: 'f172dfe93822c87e26da10103420369e') in 0.018312 seconds 
========================================================================
Received Prepare
Registering precompiled user dll's ...
Registered in 0.009469 seconds.
Begin MonoManager ReloadAssembly
Symbol file LoadedFromMemory doesn't match image C:\Users\Hadi\RunGun\Library\PackageCache\com.unity.visualscripting@1.7.8\Editor\VisualScripting.Core\Dependencies\YamlDotNet\Unity.VisualScripting.YamlDotNet.dll
Symbol file LoadedFromMemory doesn't match image C:\Users\Hadi\RunGun\Library\PackageCache\com.unity.visualscripting@1.7.8\Editor\VisualScripting.Core\Dependencies\DotNetZip\Unity.VisualScripting.IonicZip.dll
Native extension for UWP target not found
Native extension for WindowsStandalone target not found
Native extension for WebGL target not found
Refreshing native plugins compatible for Editor in 2.17 ms, found 4 plugins.
Preloading 0 native plugins for Editor in 0.00 ms.
Mono: successfully reloaded assembly
- Completed reload, in  2.144 seconds
Domain Reload Profiling:
	ReloadAssembly (2148ms)
		BeginReloadAssembly (231ms)
			ExecutionOrderSort (0ms)
			DisableScriptedObjects (15ms)
			BackupInstance (0ms)
			ReleaseScriptingObjects (0ms)
			CreateAndSetChildDomain (60ms)
		EndReloadAssembly (1679ms)
			LoadAssemblies (165ms)
			RebuildTransferFunctionScriptingTraits (0ms)
			SetupTypeCache (425ms)
			ReleaseScriptCaches (2ms)
			RebuildScriptCaches (80ms)
			SetupLoadedEditorAssemblies (892ms)
				LogAssemblyErrors (0ms)
				InitializePlatformSupportModulesInManaged (55ms)
				SetLoadedEditorAssemblies (1ms)
				RefreshPlugins (2ms)
				BeforeProcessingInitializeOnLoad (194ms)
				ProcessInitializeOnLoadAttributes (522ms)
				ProcessInitializeOnLoadMethodAttributes (97ms)
				AfterProcessingInitializeOnLoad (20ms)
				EditorAssembliesLoaded (0ms)
			ExecutionOrderSort2 (0ms)
			AwakeInstancesAfterBackupRestoration (21ms)
Platform modules already initialized, skipping
Refreshing native plugins compatible for Editor in 3.17 ms, found 4 plugins.
Preloading 0 native plugins for Editor in 0.00 ms.
Unloading 4044 Unused Serialized files (Serialized files now loaded: 0)
Unloading 31 unused Assets / (196.4 KB). Loaded Objects now: 4530.
Memory consumption went from 151.0 MB to 150.8 MB.
Total: 5.040300 ms (FindLiveObjects: 0.334400 ms CreateObjectMapping: 0.258800 ms MarkObjects: 4.253000 ms  DeleteObjects: 0.192800 ms)

AssetImportParameters requested are different than current active one (requested -> active):
  custom:video-decoder-ogg-theora: a1e56fd34408186e4bbccfd4996cb3dc -> 
  custom:container-muxer-webm: aa71ff27fc2769a1b78a27578f13a17b -> 
  custom:container-demuxer-webm: 4f35f7cbe854078d1ac9338744f61a02 -> 
  custom:video-encoder-webm-vp8: eb34c28f22e8b96e1ab97ce403110664 -> 
  custom:audio-encoder-webm-vorbis: bf7c407c2cedff20999df2af8eb42d56 -> 
  custom:framework-win-MediaFoundation: 216162199b28c13a410421893ffa2e32 -> 
  custom:container-demuxer-ogg: 62fdf1f143b41e24485cea50d1cbac27 -> 
  custom:video-decoder-webm-vp8: 9c59270c3fd7afecdb556c50c9e8de78 -> 
  custom:audio-decoder-ogg-vorbis: bf7c407c2cedff20999df2af8eb42d56 -> 
========================================================================
Received Prepare
Registering precompiled user dll's ...
Registered in 0.009188 seconds.
Begin MonoManager ReloadAssembly
Symbol file LoadedFromMemory doesn't match image C:\Users\Hadi\RunGun\Library\PackageCache\com.unity.visualscripting@1.7.8\Editor\VisualScripting.Core\Dependencies\YamlDotNet\Unity.VisualScripting.YamlDotNet.dll
Symbol file LoadedFromMemory doesn't match image C:\Users\Hadi\RunGun\Library\PackageCache\com.unity.visualscripting@1.7.8\Editor\VisualScripting.Core\Dependencies\DotNetZip\Unity.VisualScripting.IonicZip.dll
Native extension for UWP target not found
Native extension for WindowsStandalone target not found
Native extension for WebGL target not found
Refreshing native plugins compatible for Editor in 0.99 ms, found 4 plugins.
Preloading 0 native plugins for Editor in 0.00 ms.
Mono: successfully reloaded assembly
- Completed reload, in  2.368 seconds
Domain Reload Profiling:
	ReloadAssembly (2369ms)
		BeginReloadAssembly (308ms)
			ExecutionOrderSort (0ms)
			DisableScriptedObjects (17ms)
			BackupInstance (0ms)
			ReleaseScriptingObjects (0ms)
			CreateAndSetChildDomain (77ms)
		EndReloadAssembly (1823ms)
			LoadAssemblies (240ms)
			RebuildTransferFunctionScriptingTraits (0ms)
			SetupTypeCache (551ms)
			ReleaseScriptCaches (5ms)
			RebuildScriptCaches (108ms)
			SetupLoadedEditorAssemblies (820ms)
				LogAssemblyErrors (0ms)
				InitializePlatformSupportModulesInManaged (35ms)
				SetLoadedEditorAssemblies (1ms)
				RefreshPlugins (1ms)
				BeforeProcessingInitializeOnLoad (179ms)
				ProcessInitializeOnLoadAttributes (500ms)
				ProcessInitializeOnLoadMethodAttributes (85ms)
				AfterProcessingInitializeOnLoad (18ms)
				EditorAssembliesLoaded (0ms)
			ExecutionOrderSort2 (0ms)
			AwakeInstancesAfterBackupRestoration (33ms)
Platform modules already initialized, skipping
Refreshing native plugins compatible for Editor in 4.25 ms, found 4 plugins.
Preloading 0 native plugins for Editor in 0.00 ms.
Unloading 4044 Unused Serialized files (Serialized files now loaded: 0)
Unloading 31 unused Assets / (195.5 KB). Loaded Objects now: 4533.
Memory consumption went from 151.0 MB to 150.8 MB.
Total: 19.844600 ms (FindLiveObjects: 0.829600 ms CreateObjectMapping: 1.063800 ms MarkObjects: 17.411600 ms  DeleteObjects: 0.537400 ms)

AssetImportParameters requested are different than current active one (requested -> active):
  custom:video-decoder-ogg-theora: a1e56fd34408186e4bbccfd4996cb3dc -> 
  custom:container-muxer-webm: aa71ff27fc2769a1b78a27578f13a17b -> 
  custom:container-demuxer-webm: 4f35f7cbe854078d1ac9338744f61a02 -> 
  custom:video-encoder-webm-vp8: eb34c28f22e8b96e1ab97ce403110664 -> 
  custom:audio-encoder-webm-vorbis: bf7c407c2cedff20999df2af8eb42d56 -> 
  custom:framework-win-MediaFoundation: 216162199b28c13a410421893ffa2e32 -> 
  custom:container-demuxer-ogg: 62fdf1f143b41e24485cea50d1cbac27 -> 
  custom:video-decoder-webm-vp8: 9c59270c3fd7afecdb556c50c9e8de78 -> 
  custom:audio-decoder-ogg-vorbis: bf7c407c2cedff20999df2af8eb42d56 -> 
========================================================================
Received Prepare
Registering precompiled user dll's ...
Registered in 0.010062 seconds.
Begin MonoManager ReloadAssembly
Symbol file LoadedFromMemory doesn't match image C:\Users\Hadi\RunGun\Library\PackageCache\com.unity.visualscripting@1.7.8\Editor\VisualScripting.Core\Dependencies\YamlDotNet\Unity.VisualScripting.YamlDotNet.dll
Symbol file LoadedFromMemory doesn't match image C:\Users\Hadi\RunGun\Library\PackageCache\com.unity.visualscripting@1.7.8\Editor\VisualScripting.Core\Dependencies\DotNetZip\Unity.VisualScripting.IonicZip.dll
Native extension for UWP target not found
Native extension for WindowsStandalone target not found
Native extension for WebGL target not found
Refreshing native plugins compatible for Editor in 0.90 ms, found 4 plugins.
Preloading 0 native plugins for Editor in 0.00 ms.
Mono: successfully reloaded assembly
- Completed reload, in  2.264 seconds
Domain Reload Profiling:
	ReloadAssembly (2270ms)
		BeginReloadAssembly (214ms)
			ExecutionOrderSort (0ms)
			DisableScriptedObjects (10ms)
			BackupInstance (0ms)
			ReleaseScriptingObjects (0ms)
			CreateAndSetChildDomain (44ms)
		EndReloadAssembly (1818ms)
			LoadAssemblies (201ms)
			RebuildTransferFunctionScriptingTraits (0ms)
			SetupTypeCache (564ms)
			ReleaseScriptCaches (4ms)
			RebuildScriptCaches (112ms)
			SetupLoadedEditorAssemblies (823ms)
				LogAssemblyErrors (0ms)
				InitializePlatformSupportModulesInManaged (36ms)
				SetLoadedEditorAssemblies (1ms)
				RefreshPlugins (1ms)
				BeforeProcessingInitializeOnLoad (153ms)
				ProcessInitializeOnLoadAttributes (519ms)
				ProcessInitializeOnLoadMethodAttributes (94ms)
				AfterProcessingInitializeOnLoad (18ms)
				EditorAssembliesLoaded (1ms)
			ExecutionOrderSort2 (0ms)
			AwakeInstancesAfterBackupRestoration (23ms)
Platform modules already initialized, skipping
Refreshing native plugins compatible for Editor in 5.61 ms, found 4 plugins.
Preloading 0 native plugins for Editor in 0.00 ms.
Unloading 4044 Unused Serialized files (Serialized files now loaded: 0)
Unloading 31 unused Assets / (195.3 KB). Loaded Objects now: 4536.
Memory consumption went from 151.0 MB to 150.8 MB.
Total: 5.108800 ms (FindLiveObjects: 0.606000 ms CreateObjectMapping: 0.474200 ms MarkObjects: 3.818300 ms  DeleteObjects: 0.208900 ms)

AssetImportParameters requested are different than current active one (requested -> active):
  custom:video-decoder-ogg-theora: a1e56fd34408186e4bbccfd4996cb3dc -> 
  custom:container-muxer-webm: aa71ff27fc2769a1b78a27578f13a17b -> 
  custom:container-demuxer-webm: 4f35f7cbe854078d1ac9338744f61a02 -> 
  custom:video-encoder-webm-vp8: eb34c28f22e8b96e1ab97ce403110664 -> 
  custom:audio-encoder-webm-vorbis: bf7c407c2cedff20999df2af8eb42d56 -> 
  custom:framework-win-MediaFoundation: 216162199b28c13a410421893ffa2e32 -> 
  custom:container-demuxer-ogg: 62fdf1f143b41e24485cea50d1cbac27 -> 
  custom:video-decoder-webm-vp8: 9c59270c3fd7afecdb556c50c9e8de78 -> 
  custom:audio-decoder-ogg-vorbis: bf7c407c2cedff20999df2af8eb42d56 -> 
========================================================================
Received Prepare
Registering precompiled user dll's ...
Registered in 0.009426 seconds.
Begin MonoManager ReloadAssembly
Symbol file LoadedFromMemory doesn't match image C:\Users\Hadi\RunGun\Library\PackageCache\com.unity.visualscripting@1.7.8\Editor\VisualScripting.Core\Dependencies\YamlDotNet\Unity.VisualScripting.YamlDotNet.dll
Symbol file LoadedFromMemory doesn't match image C:\Users\Hadi\RunGun\Library\PackageCache\com.unity.visualscripting@1.7.8\Editor\VisualScripting.Core\Dependencies\DotNetZip\Unity.VisualScripting.IonicZip.dll
Native extension for UWP target not found
Native extension for WindowsStandalone target not found
Native extension for WebGL target not found
Refreshing native plugins compatible for Editor in 1.50 ms, found 4 plugins.
Preloading 0 native plugins for Editor in 0.00 ms.
Mono: successfully reloaded assembly
- Completed reload, in  2.460 seconds
Domain Reload Profiling:
	ReloadAssembly (2462ms)
		BeginReloadAssembly (356ms)
			ExecutionOrderSort (0ms)
			DisableScriptedObjects (17ms)
			BackupInstance (0ms)
			ReleaseScriptingObjects (0ms)
			CreateAndSetChildDomain (84ms)
		EndReloadAssembly (1851ms)
			LoadAssemblies (295ms)
			RebuildTransferFunctionScriptingTraits (0ms)
			SetupTypeCache (556ms)
			ReleaseScriptCaches (4ms)
			RebuildScriptCaches (103ms)
			SetupLoadedEditorAssemblies (849ms)
				LogAssemblyErrors (0ms)
				InitializePlatformSupportModulesInManaged (44ms)
				SetLoadedEditorAssemblies (2ms)
				RefreshPlugins (2ms)
				BeforeProcessingInitializeOnLoad (173ms)
				ProcessInitializeOnLoadAttributes (525ms)
				ProcessInitializeOnLoadMethodAttributes (87ms)
				AfterProcessingInitializeOnLoad (16ms)
				EditorAssembliesLoaded (0ms)
			ExecutionOrderSort2 (0ms)
			AwakeInstancesAfterBackupRestoration (20ms)
Platform modules already initialized, skipping
Refreshing native plugins compatible for Editor in 6.67 ms, found 4 plugins.
Preloading 0 native plugins for Editor in 0.00 ms.
Unloading 4044 Unused Serialized files (Serialized files now loaded: 0)
Unloading 31 unused Assets / (195.5 KB). Loaded Objects now: 4539.
Memory consumption went from 151.0 MB to 150.8 MB.
Total: 5.488700 ms (FindLiveObjects: 0.362800 ms CreateObjectMapping: 0.302100 ms MarkObjects: 4.487300 ms  DeleteObjects: 0.335000 ms)

AssetImportParameters requested are different than current active one (requested -> active):
  custom:video-decoder-ogg-theora: a1e56fd34408186e4bbccfd4996cb3dc -> 
  custom:container-muxer-webm: aa71ff27fc2769a1b78a27578f13a17b -> 
  custom:container-demuxer-webm: 4f35f7cbe854078d1ac9338744f61a02 -> 
  custom:video-encoder-webm-vp8: eb34c28f22e8b96e1ab97ce403110664 -> 
  custom:audio-encoder-webm-vorbis: bf7c407c2cedff20999df2af8eb42d56 -> 
  custom:framework-win-MediaFoundation: 216162199b28c13a410421893ffa2e32 -> 
  custom:container-demuxer-ogg: 62fdf1f143b41e24485cea50d1cbac27 -> 
  custom:video-decoder-webm-vp8: 9c59270c3fd7afecdb556c50c9e8de78 -> 
  custom:audio-decoder-ogg-vorbis: bf7c407c2cedff20999df2af8eb42d56 -> 
========================================================================
Received Import Request.
  Time since last request: 768.720221 seconds.
  path: Assets/Scripts/Paralax.cs
  artifactKey: Guid(05cf7591194b54c49b21d465e8b92818) Importer(815301076,1909f56bfc062723c751e8b465ee728b)
Start importing Assets/Scripts/Paralax.cs using Guid(05cf7591194b54c49b21d465e8b92818) Importer(815301076,1909f56bfc062723c751e8b465ee728b)  -> (artifact id: '18b05b20fb9e5543b6e07a99fa94e3ed') in 0.029541 seconds 
========================================================================
Received Prepare
Registering precompiled user dll's ...
Registered in 0.009569 seconds.
Begin MonoManager ReloadAssembly
Symbol file LoadedFromMemory doesn't match image C:\Users\Hadi\RunGun\Library\PackageCache\com.unity.visualscripting@1.7.8\Editor\VisualScripting.Core\Dependencies\YamlDotNet\Unity.VisualScripting.YamlDotNet.dll
Symbol file LoadedFromMemory doesn't match image C:\Users\Hadi\RunGun\Library\PackageCache\com.unity.visualscripting@1.7.8\Editor\VisualScripting.Core\Dependencies\DotNetZip\Unity.VisualScripting.IonicZip.dll
Native extension for UWP target not found
Native extension for WindowsStandalone target not found
Native extension for WebGL target not found
Refreshing native plugins compatible for Editor in 1.14 ms, found 4 plugins.
Preloading 0 native plugins for Editor in 0.00 ms.
Mono: successfully reloaded assembly
- Completed reload, in  2.315 seconds
Domain Reload Profiling:
	ReloadAssembly (2316ms)
		BeginReloadAssembly (240ms)
			ExecutionOrderSort (0ms)
			DisableScriptedObjects (15ms)
			BackupInstance (0ms)
			ReleaseScriptingObjects (0ms)
			CreateAndSetChildDomain (66ms)
		EndReloadAssembly (1819ms)
			LoadAssemblies (171ms)
			RebuildTransferFunctionScriptingTraits (0ms)
			SetupTypeCache (484ms)
			ReleaseScriptCaches (3ms)
			RebuildScriptCaches (99ms)
			SetupLoadedEditorAssemblies (950ms)
				LogAssemblyErrors (0ms)
				InitializePlatformSupportModulesInManaged (29ms)
				SetLoadedEditorAssemblies (1ms)
				RefreshPlugins (1ms)
				BeforeProcessingInitializeOnLoad (183ms)
				ProcessInitializeOnLoadAttributes (630ms)
				ProcessInitializeOnLoadMethodAttributes (87ms)
				AfterProcessingInitializeOnLoad (19ms)
				EditorAssembliesLoaded (0ms)
			ExecutionOrderSort2 (0ms)
			AwakeInstancesAfterBackupRestoration (20ms)
Platform modules already initialized, skipping
Refreshing native plugins compatible for Editor in 4.36 ms, found 4 plugins.
Preloading 0 native plugins for Editor in 0.00 ms.
Unloading 4045 Unused Serialized files (Serialized files now loaded: 0)
Unloading 31 unused Assets / (196.6 KB). Loaded Objects now: 4543.
Memory consumption went from 151.0 MB to 150.9 MB.
Total: 5.855300 ms (FindLiveObjects: 0.532000 ms CreateObjectMapping: 0.351100 ms MarkObjects: 4.781400 ms  DeleteObjects: 0.189600 ms)

AssetImportParameters requested are different than current active one (requested -> active):
  custom:video-decoder-ogg-theora: a1e56fd34408186e4bbccfd4996cb3dc -> 
  custom:container-muxer-webm: aa71ff27fc2769a1b78a27578f13a17b -> 
  custom:container-demuxer-webm: 4f35f7cbe854078d1ac9338744f61a02 -> 
  custom:video-encoder-webm-vp8: eb34c28f22e8b96e1ab97ce403110664 -> 
  custom:audio-encoder-webm-vorbis: bf7c407c2cedff20999df2af8eb42d56 -> 
  custom:framework-win-MediaFoundation: 216162199b28c13a410421893ffa2e32 -> 
  custom:container-demuxer-ogg: 62fdf1f143b41e24485cea50d1cbac27 -> 
  custom:video-decoder-webm-vp8: 9c59270c3fd7afecdb556c50c9e8de78 -> 
  custom:audio-decoder-ogg-vorbis: bf7c407c2cedff20999df2af8eb42d56 -> 
========================================================================
Received Import Request.
  Time since last request: 486.704221 seconds.
  path: Assets/Scripts/Paralax.cs
  artifactKey: Guid(05cf7591194b54c49b21d465e8b92818) Importer(815301076,1909f56bfc062723c751e8b465ee728b)
Start importing Assets/Scripts/Paralax.cs using Guid(05cf7591194b54c49b21d465e8b92818) Importer(815301076,1909f56bfc062723c751e8b465ee728b)  -> (artifact id: 'c419d2fa3b33b1821d24e6e65769c683') in 0.162532 seconds 
========================================================================
Received Import Request.
  Time since last request: 136.441417 seconds.
  path: Assets/Scripts/Paralax.cs
  artifactKey: Guid(05cf7591194b54c49b21d465e8b92818) Importer(815301076,1909f56bfc062723c751e8b465ee728b)
Start importing Assets/Scripts/Paralax.cs using Guid(05cf7591194b54c49b21d465e8b92818) Importer(815301076,1909f56bfc062723c751e8b465ee728b)  -> (artifact id: 'b1854b5eba28577a16cff3e80fce46b4') in 0.005171 seconds 
========================================================================
Received Prepare
Registering precompiled user dll's ...
Registered in 0.011774 seconds.
Begin MonoManager ReloadAssembly
Symbol file LoadedFromMemory doesn't match image C:\Users\Hadi\RunGun\Library\PackageCache\com.unity.visualscripting@1.7.8\Editor\VisualScripting.Core\Dependencies\YamlDotNet\Unity.VisualScripting.YamlDotNet.dll
Symbol file LoadedFromMemory doesn't match image C:\Users\Hadi\RunGun\Library\PackageCache\com.unity.visualscripting@1.7.8\Editor\VisualScripting.Core\Dependencies\DotNetZip\Unity.VisualScripting.IonicZip.dll
Native extension for UWP target not found
Native extension for WindowsStandalone target not found
Native extension for WebGL target not found
Refreshing native plugins compatible for Editor in 1.17 ms, found 4 plugins.
Preloading 0 native plugins for Editor in 0.00 ms.
Mono: successfully reloaded assembly
- Completed reload, in  2.363 seconds
Domain Reload Profiling:
	ReloadAssembly (2364ms)
		BeginReloadAssembly (330ms)
			ExecutionOrderSort (0ms)
			DisableScriptedObjects (30ms)
			BackupInstance (0ms)
			ReleaseScriptingObjects (0ms)
			CreateAndSetChildDomain (105ms)
		EndReloadAssembly (1781ms)
			LoadAssemblies (197ms)
			RebuildTransferFunctionScriptingTraits (0ms)
			SetupTypeCache (678ms)
			ReleaseScriptCaches (3ms)
			RebuildScriptCaches (105ms)
			SetupLoadedEditorAssemblies (683ms)
				LogAssemblyErrors (0ms)
				InitializePlatformSupportModulesInManaged (29ms)
				SetLoadedEditorAssemblies (1ms)
				RefreshPlugins (1ms)
				BeforeProcessingInitializeOnLoad (156ms)
				ProcessInitializeOnLoadAttributes (397ms)
				ProcessInitializeOnLoadMethodAttributes (80ms)
				AfterProcessingInitializeOnLoad (18ms)
				EditorAssembliesLoaded (0ms)
			ExecutionOrderSort2 (0ms)
			AwakeInstancesAfterBackupRestoration (18ms)
Platform modules already initialized, skipping
Refreshing native plugins compatible for Editor in 4.46 ms, found 4 plugins.
Preloading 0 native plugins for Editor in 0.00 ms.
Unloading 4045 Unused Serialized files (Serialized files now loaded: 0)
Unloading 31 unused Assets / (195.7 KB). Loaded Objects now: 4546.
Memory consumption went from 151.1 MB to 150.9 MB.
Total: 7.258900 ms (FindLiveObjects: 0.419300 ms CreateObjectMapping: 0.379300 ms MarkObjects: 6.183500 ms  DeleteObjects: 0.275200 ms)

AssetImportParameters requested are different than current active one (requested -> active):
  custom:video-decoder-ogg-theora: a1e56fd34408186e4bbccfd4996cb3dc -> 
  custom:container-muxer-webm: aa71ff27fc2769a1b78a27578f13a17b -> 
  custom:container-demuxer-webm: 4f35f7cbe854078d1ac9338744f61a02 -> 
  custom:video-encoder-webm-vp8: eb34c28f22e8b96e1ab97ce403110664 -> 
  custom:audio-encoder-webm-vorbis: bf7c407c2cedff20999df2af8eb42d56 -> 
  custom:framework-win-MediaFoundation: 216162199b28c13a410421893ffa2e32 -> 
  custom:container-demuxer-ogg: 62fdf1f143b41e24485cea50d1cbac27 -> 
  custom:video-decoder-webm-vp8: 9c59270c3fd7afecdb556c50c9e8de78 -> 
  custom:audio-decoder-ogg-vorbis: bf7c407c2cedff20999df2af8eb42d56 -> 
========================================================================
Received Import Request.
  Time since last request: 32.330509 seconds.
  path: ProjectSettings/TagManager.asset
  artifactKey: Guid(00000000000000003000000000000000) Importer(815301076,1909f56bfc062723c751e8b465ee728b)
Start importing ProjectSettings/TagManager.asset using Guid(00000000000000003000000000000000) Importer(815301076,1909f56bfc062723c751e8b465ee728b)  -> (artifact id: 'cd2f1d57f4860cf3d0fb2819c3333b4e') in 0.063850 seconds 
========================================================================
Received Prepare
Registering precompiled user dll's ...
Registered in 0.008795 seconds.
Begin MonoManager ReloadAssembly
Symbol file LoadedFromMemory doesn't match image C:\Users\Hadi\RunGun\Library\PackageCache\com.unity.visualscripting@1.7.8\Editor\VisualScripting.Core\Dependencies\YamlDotNet\Unity.VisualScripting.YamlDotNet.dll
Symbol file LoadedFromMemory doesn't match image C:\Users\Hadi\RunGun\Library\PackageCache\com.unity.visualscripting@1.7.8\Editor\VisualScripting.Core\Dependencies\DotNetZip\Unity.VisualScripting.IonicZip.dll
Native extension for UWP target not found
Native extension for WindowsStandalone target not found
Native extension for WebGL target not found
Refreshing native plugins compatible for Editor in 1.41 ms, found 4 plugins.
Preloading 0 native plugins for Editor in 0.00 ms.
Mono: successfully reloaded assembly
- Completed reload, in  2.929 seconds
Domain Reload Profiling:
	ReloadAssembly (2934ms)
		BeginReloadAssembly (418ms)
			ExecutionOrderSort (0ms)
			DisableScriptedObjects (17ms)
			BackupInstance (0ms)
			ReleaseScriptingObjects (0ms)
			CreateAndSetChildDomain (92ms)
		EndReloadAssembly (2182ms)
			LoadAssemblies (347ms)
			RebuildTransferFunctionScriptingTraits (0ms)
			SetupTypeCache (663ms)
			ReleaseScriptCaches (7ms)
			RebuildScriptCaches (112ms)
			SetupLoadedEditorAssemblies (965ms)
				LogAssemblyErrors (0ms)
				InitializePlatformSupportModulesInManaged (36ms)
				SetLoadedEditorAssemblies (1ms)
				RefreshPlugins (2ms)
				BeforeProcessingInitializeOnLoad (161ms)
				ProcessInitializeOnLoadAttributes (613ms)
				ProcessInitializeOnLoadMethodAttributes (110ms)
				AfterProcessingInitializeOnLoad (41ms)
				EditorAssembliesLoaded (0ms)
			ExecutionOrderSort2 (0ms)
			AwakeInstancesAfterBackupRestoration (36ms)
Platform modules already initialized, skipping
Refreshing native plugins compatible for Editor in 11.10 ms, found 4 plugins.
Preloading 0 native plugins for Editor in 0.00 ms.
Unloading 4045 Unused Serialized files (Serialized files now loaded: 0)
Unloading 32 unused Assets / (195.4 KB). Loaded Objects now: 4550.
Memory consumption went from 151.1 MB to 150.9 MB.
Total: 8.528900 ms (FindLiveObjects: 0.551900 ms CreateObjectMapping: 0.869100 ms MarkObjects: 6.841400 ms  DeleteObjects: 0.264800 ms)

AssetImportParameters requested are different than current active one (requested -> active):
  custom:video-decoder-ogg-theora: a1e56fd34408186e4bbccfd4996cb3dc -> 
  custom:container-muxer-webm: aa71ff27fc2769a1b78a27578f13a17b -> 
  custom:container-demuxer-webm: 4f35f7cbe854078d1ac9338744f61a02 -> 
  custom:video-encoder-webm-vp8: eb34c28f22e8b96e1ab97ce403110664 -> 
  custom:audio-encoder-webm-vorbis: bf7c407c2cedff20999df2af8eb42d56 -> 
  custom:framework-win-MediaFoundation: 216162199b28c13a410421893ffa2e32 -> 
  custom:container-demuxer-ogg: 62fdf1f143b41e24485cea50d1cbac27 -> 
  custom:video-decoder-webm-vp8: 9c59270c3fd7afecdb556c50c9e8de78 -> 
  custom:audio-decoder-ogg-vorbis: bf7c407c2cedff20999df2af8eb42d56 -> 
========================================================================
Received Prepare
Registering precompiled user dll's ...
Registered in 0.016347 seconds.
Begin MonoManager ReloadAssembly
Symbol file LoadedFromMemory doesn't match image C:\Users\Hadi\RunGun\Library\PackageCache\com.unity.visualscripting@1.7.8\Editor\VisualScripting.Core\Dependencies\YamlDotNet\Unity.VisualScripting.YamlDotNet.dll
Symbol file LoadedFromMemory doesn't match image C:\Users\Hadi\RunGun\Library\PackageCache\com.unity.visualscripting@1.7.8\Editor\VisualScripting.Core\Dependencies\DotNetZip\Unity.VisualScripting.IonicZip.dll
Native extension for UWP target not found
Native extension for WindowsStandalone target not found
Native extension for WebGL target not found
Refreshing native plugins compatible for Editor in 3.12 ms, found 4 plugins.
Preloading 0 native plugins for Editor in 0.00 ms.
Mono: successfully reloaded assembly
- Completed reload, in  3.313 seconds
Domain Reload Profiling:
	ReloadAssembly (3320ms)
		BeginReloadAssembly (444ms)
			ExecutionOrderSort (0ms)
			DisableScriptedObjects (20ms)
			BackupInstance (0ms)
			ReleaseScriptingObjects (0ms)
			CreateAndSetChildDomain (118ms)
		EndReloadAssembly (2548ms)
			LoadAssemblies (330ms)
			RebuildTransferFunctionScriptingTraits (0ms)
			SetupTypeCache (860ms)
			ReleaseScriptCaches (4ms)
			RebuildScriptCaches (122ms)
			SetupLoadedEditorAssemblies (1091ms)
				LogAssemblyErrors (0ms)
				InitializePlatformSupportModulesInManaged (83ms)
				SetLoadedEditorAssemblies (2ms)
				RefreshPlugins (4ms)
				BeforeProcessingInitializeOnLoad (188ms)
				ProcessInitializeOnLoadAttributes (675ms)
				ProcessInitializeOnLoadMethodAttributes (98ms)
				AfterProcessingInitializeOnLoad (41ms)
				EditorAssembliesLoaded (0ms)
			ExecutionOrderSort2 (0ms)
			AwakeInstancesAfterBackupRestoration (44ms)
Platform modules already initialized, skipping
Refreshing native plugins compatible for Editor in 3.55 ms, found 4 plugins.
Preloading 0 native plugins for Editor in 0.00 ms.
Unloading 4045 Unused Serialized files (Serialized files now loaded: 0)
Unloading 31 unused Assets / (195.6 KB). Loaded Objects now: 4553.
Memory consumption went from 151.1 MB to 150.9 MB.
Total: 4.520200 ms (FindLiveObjects: 0.408200 ms CreateObjectMapping: 0.311800 ms MarkObjects: 3.602500 ms  DeleteObjects: 0.195900 ms)

AssetImportParameters requested are different than current active one (requested -> active):
  custom:video-decoder-ogg-theora: a1e56fd34408186e4bbccfd4996cb3dc -> 
  custom:container-muxer-webm: aa71ff27fc2769a1b78a27578f13a17b -> 
  custom:container-demuxer-webm: 4f35f7cbe854078d1ac9338744f61a02 -> 
  custom:video-encoder-webm-vp8: eb34c28f22e8b96e1ab97ce403110664 -> 
  custom:audio-encoder-webm-vorbis: bf7c407c2cedff20999df2af8eb42d56 -> 
  custom:framework-win-MediaFoundation: 216162199b28c13a410421893ffa2e32 -> 
  custom:container-demuxer-ogg: 62fdf1f143b41e24485cea50d1cbac27 -> 
  custom:video-decoder-webm-vp8: 9c59270c3fd7afecdb556c50c9e8de78 -> 
  custom:audio-decoder-ogg-vorbis: bf7c407c2cedff20999df2af8eb42d56 -> 
========================================================================
Received Prepare
Registering precompiled user dll's ...
Registered in 0.009329 seconds.
Begin MonoManager ReloadAssembly
Symbol file LoadedFromMemory doesn't match image C:\Users\Hadi\RunGun\Library\PackageCache\com.unity.visualscripting@1.7.8\Editor\VisualScripting.Core\Dependencies\YamlDotNet\Unity.VisualScripting.YamlDotNet.dll
Symbol file LoadedFromMemory doesn't match image C:\Users\Hadi\RunGun\Library\PackageCache\com.unity.visualscripting@1.7.8\Editor\VisualScripting.Core\Dependencies\DotNetZip\Unity.VisualScripting.IonicZip.dll
Native extension for UWP target not found
Native extension for WindowsStandalone target not found
Native extension for WebGL target not found
Refreshing native plugins compatible for Editor in 0.97 ms, found 4 plugins.
Preloading 0 native plugins for Editor in 0.00 ms.
Mono: successfully reloaded assembly
- Completed reload, in  1.892 seconds
Domain Reload Profiling:
	ReloadAssembly (1893ms)
		BeginReloadAssembly (221ms)
			ExecutionOrderSort (0ms)
			DisableScriptedObjects (14ms)
			BackupInstance (0ms)
			ReleaseScriptingObjects (0ms)
			CreateAndSetChildDomain (56ms)
		EndReloadAssembly (1469ms)
			LoadAssemblies (158ms)
			RebuildTransferFunctionScriptingTraits (0ms)
			SetupTypeCache (446ms)
			ReleaseScriptCaches (2ms)
			RebuildScriptCaches (74ms)
			SetupLoadedEditorAssemblies (732ms)
				LogAssemblyErrors (0ms)
				InitializePlatformSupportModulesInManaged (27ms)
				SetLoadedEditorAssemblies (1ms)
				RefreshPlugins (1ms)
				BeforeProcessingInitializeOnLoad (143ms)
				ProcessInitializeOnLoadAttributes (479ms)
				ProcessInitializeOnLoadMethodAttributes (67ms)
				AfterProcessingInitializeOnLoad (14ms)
				EditorAssembliesLoaded (0ms)
			ExecutionOrderSort2 (0ms)
			AwakeInstancesAfterBackupRestoration (15ms)
Platform modules already initialized, skipping
Refreshing native plugins compatible for Editor in 3.79 ms, found 4 plugins.
Preloading 0 native plugins for Editor in 0.00 ms.
Unloading 4205 Unused Serialized files (Serialized files now loaded: 0)
Unloading 33 unused Assets / (290.1 KB). Loaded Objects now: 4725.
Memory consumption went from 156.7 MB to 156.4 MB.
Total: 6.042400 ms (FindLiveObjects: 0.403700 ms CreateObjectMapping: 0.301300 ms MarkObjects: 5.082800 ms  DeleteObjects: 0.253100 ms)

AssetImportParameters requested are different than current active one (requested -> active):
  custom:video-decoder-ogg-theora: a1e56fd34408186e4bbccfd4996cb3dc -> 
  custom:container-muxer-webm: aa71ff27fc2769a1b78a27578f13a17b -> 
  custom:container-demuxer-webm: 4f35f7cbe854078d1ac9338744f61a02 -> 
  custom:video-encoder-webm-vp8: eb34c28f22e8b96e1ab97ce403110664 -> 
  custom:audio-encoder-webm-vorbis: bf7c407c2cedff20999df2af8eb42d56 -> 
  custom:framework-win-MediaFoundation: 216162199b28c13a410421893ffa2e32 -> 
  custom:container-demuxer-ogg: 62fdf1f143b41e24485cea50d1cbac27 -> 
  custom:video-decoder-webm-vp8: 9c59270c3fd7afecdb556c50c9e8de78 -> 
  custom:audio-decoder-ogg-vorbis: bf7c407c2cedff20999df2af8eb42d56 -> 
========================================================================
Received Import Request.
  Time since last request: 548.950151 seconds.
  path: Assets/Player.controller
  artifactKey: Guid(55309e8062b171d46ae347c1d2fb141e) Importer(2089858483,0ecaa5967403d082aa24f35e1b516d23)
Start importing Assets/Player.controller using Guid(55309e8062b171d46ae347c1d2fb141e) Importer(2089858483,0ecaa5967403d082aa24f35e1b516d23) Generated GUIDs only implemented for interfaces!
 -> (artifact id: '243fd5951c36dd26fe4d6a19f976a13c') in 0.306422 seconds 
========================================================================
Received Import Request.
  Time since last request: 0.000028 seconds.
  path: Assets/Sprites/Enemies/Miner/MinerAttack16.png
  artifactKey: Guid(52283ea6e6bd2a443b8ee02a53807834) Importer(2089858483,0ecaa5967403d082aa24f35e1b516d23)
Start importing Assets/Sprites/Enemies/Miner/MinerAttack16.png using Guid(52283ea6e6bd2a443b8ee02a53807834) Importer(2089858483,0ecaa5967403d082aa24f35e1b516d23) Generated GUIDs only implemented for interfaces!
 -> (artifact id: '6430f3f2d37e8eb3a26aa4f180650c10') in 0.231958 seconds 
========================================================================
Received Import Request.
  Time since last request: 0.000057 seconds.
  path: Assets/Animations/Death.anim
  artifactKey: Guid(15e634619dba8d847bc81468da91e5e6) Importer(2089858483,0ecaa5967403d082aa24f35e1b516d23)
Start importing Assets/Animations/Death.anim using Guid(15e634619dba8d847bc81468da91e5e6) Importer(2089858483,0ecaa5967403d082aa24f35e1b516d23) Generated GUIDs only implemented for interfaces!
 -> (artifact id: '18797e880f23e056189cbe72a5183989') in 0.039908 seconds 
========================================================================
Received Import Request.
  Time since last request: 0.000031 seconds.
  path: Assets/Sprites/Enemies/Patrol/PatrolIdle4.png
  artifactKey: Guid(cbc7e382cf55e67428446a6b741ed7d8) Importer(2089858483,0ecaa5967403d082aa24f35e1b516d23)
Start importing Assets/Sprites/Enemies/Patrol/PatrolIdle4.png using Guid(cbc7e382cf55e67428446a6b741ed7d8) Importer(2089858483,0ecaa5967403d082aa24f35e1b516d23) Generated GUIDs only implemented for interfaces!
 -> (artifact id: 'fc1a43ab8b6fdff1aef48619eae8b408') in 0.119470 seconds 
========================================================================
Received Import Request.
  Time since last request: 0.000031 seconds.
  path: Assets/Sprites/Enemies/Patrol/PatrolFire7.png
  artifactKey: Guid(f8b5cc4ecf1205244ad321c4504afe60) Importer(2089858483,0ecaa5967403d082aa24f35e1b516d23)
Start importing Assets/Sprites/Enemies/Patrol/PatrolFire7.png using Guid(f8b5cc4ecf1205244ad321c4504afe60) Importer(2089858483,0ecaa5967403d082aa24f35e1b516d23) Generated GUIDs only implemented for interfaces!
 -> (artifact id: 'fca36d4262b339e4ee049e8ace6e2163') in 0.070626 seconds 
========================================================================
Received Import Request.
  Time since last request: 0.000031 seconds.
  path: Assets/Sprites/Enemies/Pikeman/PikemanAt10.png
  artifactKey: Guid(ec51ecfb23c783d4b82b4ed42f81cec5) Importer(2089858483,0ecaa5967403d082aa24f35e1b516d23)
Start importing Assets/Sprites/Enemies/Pikeman/PikemanAt10.png using Guid(ec51ecfb23c783d4b82b4ed42f81cec5) Importer(2089858483,0ecaa5967403d082aa24f35e1b516d23) Generated GUIDs only implemented for interfaces!
 -> (artifact id: 'c10e58f2ff283c5b1f99a14f718bac00') in 0.067313 seconds 
========================================================================
Received Import Request.
  Time since last request: 0.000156 seconds.
  path: Assets/Sprites/Enemies/Miner/MinerAttack15.png
  artifactKey: Guid(005493ca459b7444b90df5ea55fc9c3f) Importer(2089858483,0ecaa5967403d082aa24f35e1b516d23)
Start importing Assets/Sprites/Enemies/Miner/MinerAttack15.png using Guid(005493ca459b7444b90df5ea55fc9c3f) Importer(2089858483,0ecaa5967403d082aa24f35e1b516d23) Generated GUIDs only implemented for interfaces!
 -> (artifact id: 'c933138c2fc93f467a3aeddb66d6e35e') in 0.127788 seconds 
========================================================================
Received Import Request.
  Time since last request: 0.000026 seconds.
  path: Assets/Sprites/Enemies/Pikeman/PikemanAt8.png
  artifactKey: Guid(41c4a865c8825674093e3d3c72915dcc) Importer(2089858483,0ecaa5967403d082aa24f35e1b516d23)
Start importing Assets/Sprites/Enemies/Pikeman/PikemanAt8.png using Guid(41c4a865c8825674093e3d3c72915dcc) Importer(2089858483,0ecaa5967403d082aa24f35e1b516d23) Generated GUIDs only implemented for interfaces!
 -> (artifact id: '01c93ac4d90baaa2f4abde4d9311dd9d') in 0.036507 seconds 
========================================================================
Received Import Request.
  Time since last request: 0.000041 seconds.
  path: Assets/Sprites/prop_crate_health.png
  artifactKey: Guid(d56563660865a5a46a832986f2769e0f) Importer(2089858483,0ecaa5967403d082aa24f35e1b516d23)
Start importing Assets/Sprites/prop_crate_health.png using Guid(d56563660865a5a46a832986f2769e0f) Importer(2089858483,0ecaa5967403d082aa24f35e1b516d23) Generated GUIDs only implemented for interfaces!
 -> (artifact id: '5bffe0f0a6b623622b35e9f51a3c7d7d') in 0.046891 seconds 
========================================================================
Received Import Request.
  Time since last request: 0.000041 seconds.
  path: Assets/Sprites/Enemies/Miner/Attacking.anim
  artifactKey: Guid(85562e8f731483446b4487679b58ad1e) Importer(2089858483,0ecaa5967403d082aa24f35e1b516d23)
Start importing Assets/Sprites/Enemies/Miner/Attacking.anim using Guid(85562e8f731483446b4487679b58ad1e) Importer(2089858483,0ecaa5967403d082aa24f35e1b516d23) Generated GUIDs only implemented for interfaces!
 -> (artifact id: '0d25e7aa967fbe936f0b4fd1126a0d35') in 0.037491 seconds 
========================================================================
Received Import Request.
  Time since last request: 0.000024 seconds.
  path: Assets/Sprites/Enemies/Pikeman/PikemanAt5.png
  artifactKey: Guid(59c0ba10a7a3e544c86ec80117df5ead) Importer(2089858483,0ecaa5967403d082aa24f35e1b516d23)
Start importing Assets/Sprites/Enemies/Pikeman/PikemanAt5.png using Guid(59c0ba10a7a3e544c86ec80117df5ead) Importer(2089858483,0ecaa5967403d082aa24f35e1b516d23) Generated GUIDs only implemented for interfaces!
 -> (artifact id: '066a629a74aa148aa03879ede1991d0b') in 0.073023 seconds 
========================================================================
Received Import Request.
  Time since last request: 0.000038 seconds.
  path: Assets/Animations/LookingUp.anim
  artifactKey: Guid(c003bcced331db048a369504abaed768) Importer(2089858483,0ecaa5967403d082aa24f35e1b516d23)
Start importing Assets/Animations/LookingUp.anim using Guid(c003bcced331db048a369504abaed768) Importer(2089858483,0ecaa5967403d082aa24f35e1b516d23) Generated GUIDs only implemented for interfaces!
 -> (artifact id: '44be5a5486b415ece3156318711cd47a') in 0.048751 seconds 
========================================================================
Received Import Request.
  Time since last request: 0.000370 seconds.
  path: Assets/Animations/Crouching.anim
  artifactKey: Guid(bbb03d5bd8864b74c8c9f3fc21e1fc43) Importer(2089858483,0ecaa5967403d082aa24f35e1b516d23)
Start importing Assets/Animations/Crouching.anim using Guid(bbb03d5bd8864b74c8c9f3fc21e1fc43) Importer(2089858483,0ecaa5967403d082aa24f35e1b516d23) Generated GUIDs only implemented for interfaces!
 -> (artifact id: '391cf610447de1e132ed5d3879ad332f') in 0.027161 seconds 
========================================================================
Received Import Request.
  Time since last request: 0.000039 seconds.
  path: Assets/Sprites/Enemies/Pikeman/PikemanAt12.png
  artifactKey: Guid(34d9aea85d4de204fa47f209e935e602) Importer(2089858483,0ecaa5967403d082aa24f35e1b516d23)
Start importing Assets/Sprites/Enemies/Pikeman/PikemanAt12.png using Guid(34d9aea85d4de204fa47f209e935e602) Importer(2089858483,0ecaa5967403d082aa24f35e1b516d23) Generated GUIDs only implemented for interfaces!
 -> (artifact id: 'ebe34e2da3a4bfe69cbaeafe53807313') in 0.051786 seconds 
========================================================================
Received Import Request.
  Time since last request: 0.000028 seconds.
  path: Assets/Sprites/Enemies/Miner/MinerAttack17.png
  artifactKey: Guid(77182eb19040edb41b2d69b9b214cc2a) Importer(2089858483,0ecaa5967403d082aa24f35e1b516d23)
Start importing Assets/Sprites/Enemies/Miner/MinerAttack17.png using Guid(77182eb19040edb41b2d69b9b214cc2a) Importer(2089858483,0ecaa5967403d082aa24f35e1b516d23) Generated GUIDs only implemented for interfaces!
 -> (artifact id: '26630d4de6826195adb329452695be81') in 0.044491 seconds 
========================================================================
Received Import Request.
  Time since last request: 0.000025 seconds.
  path: Assets/Animations/CrounchShoot.anim
  artifactKey: Guid(655ffc9fd80908e498fa8a2c80b00036) Importer(2089858483,0ecaa5967403d082aa24f35e1b516d23)
Start importing Assets/Animations/CrounchShoot.anim using Guid(655ffc9fd80908e498fa8a2c80b00036) Importer(2089858483,0ecaa5967403d082aa24f35e1b516d23) Generated GUIDs only implemented for interfaces!
 -> (artifact id: '81c01a25a92b1b6c02c91a9e53a3a3ba') in 0.026988 seconds 
========================================================================
Received Import Request.
  Time since last request: 0.000026 seconds.
  path: Assets/Sprites/Enemies/Miner/MinerAttack1.png
  artifactKey: Guid(8d6fa5bc2d3986148919a7bc6bb9c48d) Importer(2089858483,0ecaa5967403d082aa24f35e1b516d23)
Start importing Assets/Sprites/Enemies/Miner/MinerAttack1.png using Guid(8d6fa5bc2d3986148919a7bc6bb9c48d) Importer(2089858483,0ecaa5967403d082aa24f35e1b516d23) Generated GUIDs only implemented for interfaces!
 -> (artifact id: '1fec87203886de52f75099491e9db583') in 0.044277 seconds 
========================================================================
Received Import Request.
  Time since last request: 0.000028 seconds.
  path: Assets/Sprites/Enemies/Miner/MinerAttack5.png
  artifactKey: Guid(a6e3560490547b54dae3c8c8073a0b1f) Importer(2089858483,0ecaa5967403d082aa24f35e1b516d23)
Start importing Assets/Sprites/Enemies/Miner/MinerAttack5.png using Guid(a6e3560490547b54dae3c8c8073a0b1f) Importer(2089858483,0ecaa5967403d082aa24f35e1b516d23) Generated GUIDs only implemented for interfaces!
 -> (artifact id: 'e1e1b7c062eab016e194d4d09f302b00') in 0.075685 seconds 
========================================================================
Received Import Request.
  Time since last request: 0.000040 seconds.
  path: Assets/Sprites/Enemies/Bomberfly/bomberfly8.png
  artifactKey: Guid(4374a52e8c32a104d81139cd685a0f3f) Importer(2089858483,0ecaa5967403d082aa24f35e1b516d23)
Start importing Assets/Sprites/Enemies/Bomberfly/bomberfly8.png using Guid(4374a52e8c32a104d81139cd685a0f3f) Importer(2089858483,0ecaa5967403d082aa24f35e1b516d23) Generated GUIDs only implemented for interfaces!
 -> (artifact id: '02b1a90e0c968494cedceed9ee187aa3') in 0.069225 seconds 
========================================================================
Received Import Request.
  Time since last request: 0.000026 seconds.
  path: Assets/Animations/JumpShoot.anim
  artifactKey: Guid(96985ed35602e7f43940f2a0e51faf4d) Importer(2089858483,0ecaa5967403d082aa24f35e1b516d23)
Start importing Assets/Animations/JumpShoot.anim using Guid(96985ed35602e7f43940f2a0e51faf4d) Importer(2089858483,0ecaa5967403d082aa24f35e1b516d23) Generated GUIDs only implemented for interfaces!
 -> (artifact id: '3a82328ba953219dc390a032bc0f2414') in 0.026687 seconds 
========================================================================
Received Import Request.
  Time since last request: 0.000026 seconds.
  path: Assets/Sprites/BombLitSprite.png
  artifactKey: Guid(23f2dcab7a131324d922cfb2bd07db80) Importer(2089858483,0ecaa5967403d082aa24f35e1b516d23)
Start importing Assets/Sprites/BombLitSprite.png using Guid(23f2dcab7a131324d922cfb2bd07db80) Importer(2089858483,0ecaa5967403d082aa24f35e1b516d23) Generated GUIDs only implemented for interfaces!
 -> (artifact id: '1c94ac01f773df9f9ecb7c02880a792f') in 0.048423 seconds 
========================================================================
Received Import Request.
  Time since last request: 0.000035 seconds.
  path: Assets/Prefab/Player Bullet.prefab
  artifactKey: Guid(a8d185e77f6452c4ca615a91a0f8dfa9) Importer(2089858483,0ecaa5967403d082aa24f35e1b516d23)
Start importing Assets/Prefab/Player Bullet.prefab using Guid(a8d185e77f6452c4ca615a91a0f8dfa9) Importer(2089858483,0ecaa5967403d082aa24f35e1b516d23) Generated GUIDs only implemented for interfaces!
 -> (artifact id: 'a0912aa13add23c03df9d4cedc91062f') in 0.050824 seconds 
========================================================================
Received Import Request.
  Time since last request: 0.000040 seconds.
  path: Assets/Sprites/Enemies/Pikeman/PikemanWalk.anim
  artifactKey: Guid(405fb5bb758ca9d4f8e7ef2d58339000) Importer(2089858483,0ecaa5967403d082aa24f35e1b516d23)
Start importing Assets/Sprites/Enemies/Pikeman/PikemanWalk.anim using Guid(405fb5bb758ca9d4f8e7ef2d58339000) Importer(2089858483,0ecaa5967403d082aa24f35e1b516d23) Generated GUIDs only implemented for interfaces!
 -> (artifact id: 'd36d9063dc9cac644f4f4639b7fe00dd') in 0.034369 seconds 
========================================================================
Received Import Request.
  Time since last request: 0.000038 seconds.
  path: Assets/Sprites/Enemies/Pikeman/PikemanIdle5.png
  artifactKey: Guid(0c314217a3cdfe94aa46721f7b68d4c7) Importer(2089858483,0ecaa5967403d082aa24f35e1b516d23)
Start importing Assets/Sprites/Enemies/Pikeman/PikemanIdle5.png using Guid(0c314217a3cdfe94aa46721f7b68d4c7) Importer(2089858483,0ecaa5967403d082aa24f35e1b516d23) Generated GUIDs only implemented for interfaces!
 -> (artifact id: '9f1cffda1eac7c99b5e7e74803083724') in 0.043961 seconds 
========================================================================
Received Import Request.
  Time since last request: 0.000023 seconds.
  path: Assets/Sprites/Enemies/Miner/MineMove4.png
  artifactKey: Guid(f1cfa20ebd9aca0428e24c49dc8fa3df) Importer(2089858483,0ecaa5967403d082aa24f35e1b516d23)
Start importing Assets/Sprites/Enemies/Miner/MineMove4.png using Guid(f1cfa20ebd9aca0428e24c49dc8fa3df) Importer(2089858483,0ecaa5967403d082aa24f35e1b516d23) Generated GUIDs only implemented for interfaces!
 -> (artifact id: 'df815baf2ed5e6afc6f4ee184bf75b13') in 0.044437 seconds 
========================================================================
Received Import Request.
  Time since last request: 0.000031 seconds.
  path: Assets/Sprites/GrassSprite.png
  artifactKey: Guid(3bb40c4bb20b72940ba2dd57ae30f88c) Importer(2089858483,0ecaa5967403d082aa24f35e1b516d23)
Start importing Assets/Sprites/GrassSprite.png using Guid(3bb40c4bb20b72940ba2dd57ae30f88c) Importer(2089858483,0ecaa5967403d082aa24f35e1b516d23) Generated GUIDs only implemented for interfaces!
 -> (artifact id: '4969a9847a37799e5bcaba7078fe84f7') in 0.069823 seconds 
========================================================================
Received Import Request.
  Time since last request: 0.000041 seconds.
  path: Assets/Sprites/Enemies/Patrol/PatrolFire9.png
  artifactKey: Guid(e94286e2d334311499b04a5ec4c9d4a0) Importer(2089858483,0ecaa5967403d082aa24f35e1b516d23)
Start importing Assets/Sprites/Enemies/Patrol/PatrolFire9.png using Guid(e94286e2d334311499b04a5ec4c9d4a0) Importer(2089858483,0ecaa5967403d082aa24f35e1b516d23) Generated GUIDs only implemented for interfaces!
 -> (artifact id: '84e64ab0aee9461f97b0dd113a548dfc') in 0.091794 seconds 
========================================================================
Received Import Request.
  Time since last request: 0.000048 seconds.
  path: Assets/Sprites/Enemies/Pikeman/Pikeman.controller
  artifactKey: Guid(b4339d72f02efff4998348fcb16cad23) Importer(2089858483,0ecaa5967403d082aa24f35e1b516d23)
Start importing Assets/Sprites/Enemies/Pikeman/Pikeman.controller using Guid(b4339d72f02efff4998348fcb16cad23) Importer(2089858483,0ecaa5967403d082aa24f35e1b516d23) Generated GUIDs only implemented for interfaces!
 -> (artifact id: '6d70fb47c2442884caaac48bdf8a11b6') in 0.059499 seconds 
========================================================================
Received Import Request.
  Time since last request: 0.000075 seconds.
  path: Assets/Sprites/Enemies/Miner/MinerAttack3.png
  artifactKey: Guid(dae28be2061870f488873fde3cc9d2b1) Importer(2089858483,0ecaa5967403d082aa24f35e1b516d23)
Start importing Assets/Sprites/Enemies/Miner/MinerAttack3.png using Guid(dae28be2061870f488873fde3cc9d2b1) Importer(2089858483,0ecaa5967403d082aa24f35e1b516d23) Generated GUIDs only implemented for interfaces!
 -> (artifact id: '0e8974ae5352fba6d1ceb3a674394b4c') in 0.056287 seconds 
========================================================================
Received Import Request.
  Time since last request: 0.000041 seconds.
  path: Assets/Sprites/Enemies/Miner/MineMove1.png
  artifactKey: Guid(bd149dc2598147e4ea81e933180b49e2) Importer(2089858483,0ecaa5967403d082aa24f35e1b516d23)
Start importing Assets/Sprites/Enemies/Miner/MineMove1.png using Guid(bd149dc2598147e4ea81e933180b49e2) Importer(2089858483,0ecaa5967403d082aa24f35e1b516d23) Generated GUIDs only implemented for interfaces!
 -> (artifact id: '5bb3f956119bb742f1f8f3fc2f9580d5') in 0.046060 seconds 
========================================================================
Received Import Request.
  Time since last request: 0.000024 seconds.
  path: Assets/Sprites/METALSLUG.png
  artifactKey: Guid(7085995bb0ddcd5499d1ed6adbf22812) Importer(2089858483,0ecaa5967403d082aa24f35e1b516d23)
Start importing Assets/Sprites/METALSLUG.png using Guid(7085995bb0ddcd5499d1ed6adbf22812) Importer(2089858483,0ecaa5967403d082aa24f35e1b516d23) Generated GUIDs only implemented for interfaces!
 -> (artifact id: 'af3f15fca34980aed9fd5c24d7c3737b') in 0.562990 seconds 
========================================================================
Received Import Request.
  Time since last request: 0.000028 seconds.
  path: Assets/Sprites/Enemies/Bomberfly/bomberfly4.png
  artifactKey: Guid(fb00d9eb69eb66d46acd6c43bbb824d5) Importer(2089858483,0ecaa5967403d082aa24f35e1b516d23)
Start importing Assets/Sprites/Enemies/Bomberfly/bomberfly4.png using Guid(fb00d9eb69eb66d46acd6c43bbb824d5) Importer(2089858483,0ecaa5967403d082aa24f35e1b516d23) Generated GUIDs only implemented for interfaces!
 -> (artifact id: '07db7852b3b1706a0c04da9ea1232282') in 0.034621 seconds 
========================================================================
Received Import Request.
  Time since last request: 0.000037 seconds.
  path: Assets/Sprites/Enemies/Pikeman/PikemanIdel.anim
  artifactKey: Guid(f0537d12a469b1d41bd7bfd0d770c858) Importer(2089858483,0ecaa5967403d082aa24f35e1b516d23)
Start importing Assets/Sprites/Enemies/Pikeman/PikemanIdel.anim using Guid(f0537d12a469b1d41bd7bfd0d770c858) Importer(2089858483,0ecaa5967403d082aa24f35e1b516d23) Generated GUIDs only implemented for interfaces!
 -> (artifact id: 'c62141e2d63e34aa8269a26bbd34354a') in 0.018506 seconds 
========================================================================
Received Import Request.
  Time since last request: 0.000032 seconds.
  path: Assets/Sprites/Enemies/Pikeman/PikemanAt17.png
  artifactKey: Guid(dae9b7c841996434eaabc83b05d93560) Importer(2089858483,0ecaa5967403d082aa24f35e1b516d23)
Start importing Assets/Sprites/Enemies/Pikeman/PikemanAt17.png using Guid(dae9b7c841996434eaabc83b05d93560) Importer(2089858483,0ecaa5967403d082aa24f35e1b516d23) Generated GUIDs only implemented for interfaces!
 -> (artifact id: '6ad77c75f1da93a647c060d0cb632358') in 0.036328 seconds 
========================================================================
Received Import Request.
  Time since last request: 0.000023 seconds.
  path: Assets/Sprites/SkySprite.png
  artifactKey: Guid(dede5f4548992dd4ba1c9840a451ed31) Importer(2089858483,0ecaa5967403d082aa24f35e1b516d23)
Start importing Assets/Sprites/SkySprite.png using Guid(dede5f4548992dd4ba1c9840a451ed31) Importer(2089858483,0ecaa5967403d082aa24f35e1b516d23) Generated GUIDs only implemented for interfaces!
 -> (artifact id: 'b571fba4bf12a2afaef3c791868d4ad5') in 0.061870 seconds 
========================================================================
Received Import Request.
  Time since last request: 0.000026 seconds.
  path: Assets/Scripts/Bullet.cs
  artifactKey: Guid(dea57468abc54834291fb5bad4e9f8ed) Importer(2089858483,0ecaa5967403d082aa24f35e1b516d23)
Start importing Assets/Scripts/Bullet.cs using Guid(dea57468abc54834291fb5bad4e9f8ed) Importer(2089858483,0ecaa5967403d082aa24f35e1b516d23) Generated GUIDs only implemented for interfaces!
 -> (artifact id: '6cb8d9c052a617c17bbd869174c08915') in 0.012841 seconds 
========================================================================
Received Import Request.
  Time since last request: 0.000020 seconds.
  path: Assets/Sprites/Enemies/Patrol/PatrolFire5.png
  artifactKey: Guid(19a0c710059c0be4f88ac244a56d76d5) Importer(2089858483,0ecaa5967403d082aa24f35e1b516d23)
Start importing Assets/Sprites/Enemies/Patrol/PatrolFire5.png using Guid(19a0c710059c0be4f88ac244a56d76d5) Importer(2089858483,0ecaa5967403d082aa24f35e1b516d23) Generated GUIDs only implemented for interfaces!
 -> (artifact id: 'aaba7887bf1b3c60c1dd74deab2a2415') in 0.040963 seconds 
========================================================================
Received Import Request.
  Time since last request: 0.000034 seconds.
  path: Assets/Sprites/Enemies/Pikeman/PikemanWalk5.png
  artifactKey: Guid(041dfdd7595ebee488fd0199fc712573) Importer(2089858483,0ecaa5967403d082aa24f35e1b516d23)
Start importing Assets/Sprites/Enemies/Pikeman/PikemanWalk5.png using Guid(041dfdd7595ebee488fd0199fc712573) Importer(2089858483,0ecaa5967403d082aa24f35e1b516d23) Generated GUIDs only implemented for interfaces!
 -> (artifact id: '869e743095960d90cf8cb6414189af36') in 0.033093 seconds 
========================================================================
Received Import Request.
  Time since last request: 0.000060 seconds.
  path: Assets/Sprites/Enemies/Miner/MinerAttack4.png
  artifactKey: Guid(459a67a5d85fa1a4e8560de3b917f7f0) Importer(2089858483,0ecaa5967403d082aa24f35e1b516d23)
Start importing Assets/Sprites/Enemies/Miner/MinerAttack4.png using Guid(459a67a5d85fa1a4e8560de3b917f7f0) Importer(2089858483,0ecaa5967403d082aa24f35e1b516d23) Generated GUIDs only implemented for interfaces!
 -> (artifact id: 'c70de202384dcea94121cf14358d6b06') in 0.036525 seconds 
========================================================================
Received Import Request.
  Time since last request: 0.000021 seconds.
  path: Assets/Sprites/Enemies/Patrol/PatrolIdle3.png
  artifactKey: Guid(0c71ebbcd4d2f4148af0a0de5e2a68ab) Importer(2089858483,0ecaa5967403d082aa24f35e1b516d23)
Start importing Assets/Sprites/Enemies/Patrol/PatrolIdle3.png using Guid(0c71ebbcd4d2f4148af0a0de5e2a68ab) Importer(2089858483,0ecaa5967403d082aa24f35e1b516d23) Generated GUIDs only implemented for interfaces!
 -> (artifact id: '335125555dc4dde2faedae7c88f23532') in 0.058093 seconds 
========================================================================
Received Import Request.
  Time since last request: 0.000026 seconds.
  path: Assets/Sprites/Enemies/Pikeman/PikemanAt7.png
  artifactKey: Guid(29511fd774374e54190b9f7841ece518) Importer(2089858483,0ecaa5967403d082aa24f35e1b516d23)
Start importing Assets/Sprites/Enemies/Pikeman/PikemanAt7.png using Guid(29511fd774374e54190b9f7841ece518) Importer(2089858483,0ecaa5967403d082aa24f35e1b516d23) Generated GUIDs only implemented for interfaces!
 -> (artifact id: 'd536a34e78508af5a23faf15ccd20ea9') in 0.055110 seconds 
========================================================================
Received Import Request.
  Time since last request: 0.000034 seconds.
  path: Assets/Sprites/Enemies/Pikeman/PikemanWalk2.png
  artifactKey: Guid(8affb7bdba5737745a92595073e3e514) Importer(2089858483,0ecaa5967403d082aa24f35e1b516d23)
Start importing Assets/Sprites/Enemies/Pikeman/PikemanWalk2.png using Guid(8affb7bdba5737745a92595073e3e514) Importer(2089858483,0ecaa5967403d082aa24f35e1b516d23) Generated GUIDs only implemented for interfaces!
 -> (artifact id: '60410fb718752a99cb5daebcf6cfd9cf') in 0.054034 seconds 
========================================================================
Received Import Request.
  Time since last request: 0.000033 seconds.
  path: Assets/Sprites/Enemies/Miner/MinerAttack8.png
  artifactKey: Guid(616753201621fe3408ce6a1de5dbc2ef) Importer(2089858483,0ecaa5967403d082aa24f35e1b516d23)
Start importing Assets/Sprites/Enemies/Miner/MinerAttack8.png using Guid(616753201621fe3408ce6a1de5dbc2ef) Importer(2089858483,0ecaa5967403d082aa24f35e1b516d23) Generated GUIDs only implemented for interfaces!
 -> (artifact id: 'dea0edb0561abafa7e46b54dcbffd5ae') in 0.030619 seconds 
========================================================================
Received Import Request.
  Time since last request: 0.000106 seconds.
  path: Assets/Sprites/Enemies/Patrol/PatrolIdle2.png
  artifactKey: Guid(58deaf159bb273f42ba94a5aa96fd3e6) Importer(2089858483,0ecaa5967403d082aa24f35e1b516d23)
Start importing Assets/Sprites/Enemies/Patrol/PatrolIdle2.png using Guid(58deaf159bb273f42ba94a5aa96fd3e6) Importer(2089858483,0ecaa5967403d082aa24f35e1b516d23) Generated GUIDs only implemented for interfaces!
 -> (artifact id: '1f6f28fb84693a17c336947947224bc4') in 0.039905 seconds 
========================================================================
Received Import Request.
  Time since last request: 0.000022 seconds.
  path: Assets/Sprites/PuffSprite.png
  artifactKey: Guid(a3dde001bc3076e4ca0998fe4d32ade3) Importer(2089858483,0ecaa5967403d082aa24f35e1b516d23)
Start importing Assets/Sprites/PuffSprite.png using Guid(a3dde001bc3076e4ca0998fe4d32ade3) Importer(2089858483,0ecaa5967403d082aa24f35e1b516d23) Generated GUIDs only implemented for interfaces!
 -> (artifact id: '46ab3e365fd3453394ee61e7419e4687') in 0.049664 seconds 
========================================================================
Received Import Request.
  Time since last request: 0.000020 seconds.
  path: Assets/Sprites/Enemies/Pikeman/PikemanWalk6.png
  artifactKey: Guid(614748b8c5bcd2a43840b140fdae3394) Importer(2089858483,0ecaa5967403d082aa24f35e1b516d23)
Start importing Assets/Sprites/Enemies/Pikeman/PikemanWalk6.png using Guid(614748b8c5bcd2a43840b140fdae3394) Importer(2089858483,0ecaa5967403d082aa24f35e1b516d23) Generated GUIDs only implemented for interfaces!
 -> (artifact id: 'f6f13a79fd39bb1c2ac6c91dc8db5d60') in 0.029812 seconds 
========================================================================
Received Import Request.
  Time since last request: 0.000019 seconds.
  path: Assets/Sprites/prop_crate_ammo.png
  artifactKey: Guid(bf764f3033f64fd4fa068d6475f5c062) Importer(2089858483,0ecaa5967403d082aa24f35e1b516d23)
Start importing Assets/Sprites/prop_crate_ammo.png using Guid(bf764f3033f64fd4fa068d6475f5c062) Importer(2089858483,0ecaa5967403d082aa24f35e1b516d23) Generated GUIDs only implemented for interfaces!
 -> (artifact id: '13b778ee63c6c7c3e9869def0bba4be2') in 0.044290 seconds 
========================================================================
Received Import Request.
  Time since last request: 0.000020 seconds.
  path: Assets/Sprites/Enemies/Miner/MinerAttack7.png
  artifactKey: Guid(9b4300f26436fb1478d4870b20965328) Importer(2089858483,0ecaa5967403d082aa24f35e1b516d23)
Start importing Assets/Sprites/Enemies/Miner/MinerAttack7.png using Guid(9b4300f26436fb1478d4870b20965328) Importer(2089858483,0ecaa5967403d082aa24f35e1b516d23) Generated GUIDs only implemented for interfaces!
 -> (artifact id: 'bbb9f8345583a284db17ea9d84f1b072') in 0.030926 seconds 
========================================================================
Received Import Request.
  Time since last request: 0.000023 seconds.
  path: Assets/Sprites/Guns.gif
  artifactKey: Guid(17800e949b4f5014aadb083764e78c80) Importer(2089858483,0ecaa5967403d082aa24f35e1b516d23)
Start importing Assets/Sprites/Guns.gif using Guid(17800e949b4f5014aadb083764e78c80) Importer(2089858483,0ecaa5967403d082aa24f35e1b516d23) Generated GUIDs only implemented for interfaces!
 -> (artifact id: 'eb0cf7a1279d2cec65cbf745119d5c49') in 0.082203 seconds 
========================================================================
Received Import Request.
  Time since last request: 0.000031 seconds.
  path: Assets/Sprites/Enemies/Bomberfly/Idle.anim
  artifactKey: Guid(2afbdce7dcd9a6e48b310f48af32e1f2) Importer(2089858483,0ecaa5967403d082aa24f35e1b516d23)
Start importing Assets/Sprites/Enemies/Bomberfly/Idle.anim using Guid(2afbdce7dcd9a6e48b310f48af32e1f2) Importer(2089858483,0ecaa5967403d082aa24f35e1b516d23) Generated GUIDs only implemented for interfaces!
 -> (artifact id: '2070bf59c2e2a2dc5455ed9a90153857') in 0.030109 seconds 
========================================================================
Received Import Request.
  Time since last request: 0.000199 seconds.
  path: Assets/Sprites/Enemies/Pikeman/PikemanIdle2.png
  artifactKey: Guid(d2531fd94afa2c54e9ba0fd24d6883d5) Importer(2089858483,0ecaa5967403d082aa24f35e1b516d23)
Start importing Assets/Sprites/Enemies/Pikeman/PikemanIdle2.png using Guid(d2531fd94afa2c54e9ba0fd24d6883d5) Importer(2089858483,0ecaa5967403d082aa24f35e1b516d23) Generated GUIDs only implemented for interfaces!
 -> (artifact id: 'f6a9a155c640d385623f264a504eeaf3') in 0.032519 seconds 
========================================================================
Received Import Request.
  Time since last request: 0.000021 seconds.
  path: Assets/Sprites/Enemies/Bomberfly/bomberfly2.png
  artifactKey: Guid(9bd9a578dc9a39040a9edeb6c1131c25) Importer(2089858483,0ecaa5967403d082aa24f35e1b516d23)
Start importing Assets/Sprites/Enemies/Bomberfly/bomberfly2.png using Guid(9bd9a578dc9a39040a9edeb6c1131c25) Importer(2089858483,0ecaa5967403d082aa24f35e1b516d23) Generated GUIDs only implemented for interfaces!
 -> (artifact id: 'a04f7a01ffd4ac65aa2c12fb29f397cb') in 0.038510 seconds 
========================================================================
Received Import Request.
  Time since last request: 0.000022 seconds.
  path: Assets/Sprites/Enemies/Pikeman/PikemanAt11.png
  artifactKey: Guid(e19c51d00c157f34d81ce82da31c89b8) Importer(2089858483,0ecaa5967403d082aa24f35e1b516d23)
Start importing Assets/Sprites/Enemies/Pikeman/PikemanAt11.png using Guid(e19c51d00c157f34d81ce82da31c89b8) Importer(2089858483,0ecaa5967403d082aa24f35e1b516d23) Generated GUIDs only implemented for interfaces!
 -> (artifact id: '02417d93dcb0e945dff7143c53127a82') in 0.043401 seconds 
========================================================================
Received Import Request.
  Time since last request: 0.000025 seconds.
  path: Assets/Sprites/Enemies/Miner/MinerAttack13.png
  artifactKey: Guid(5c3f359ed9ea0de41b0ba08da89a878c) Importer(2089858483,0ecaa5967403d082aa24f35e1b516d23)
Start importing Assets/Sprites/Enemies/Miner/MinerAttack13.png using Guid(5c3f359ed9ea0de41b0ba08da89a878c) Importer(2089858483,0ecaa5967403d082aa24f35e1b516d23) Generated GUIDs only implemented for interfaces!
 -> (artifact id: '446a3d5d8dba95068ec0263f99e68b91') in 0.033943 seconds 
========================================================================
Received Import Request.
  Time since last request: 0.000022 seconds.
  path: Assets/Sprites/Enemies/Bomberfly/bomberfly3.png
  artifactKey: Guid(a453b01933106314e9692fc2293b9e8b) Importer(2089858483,0ecaa5967403d082aa24f35e1b516d23)
Start importing Assets/Sprites/Enemies/Bomberfly/bomberfly3.png using Guid(a453b01933106314e9692fc2293b9e8b) Importer(2089858483,0ecaa5967403d082aa24f35e1b516d23) Generated GUIDs only implemented for interfaces!
 -> (artifact id: '4c998b845705b3c6510160c67dc4b7f8') in 0.040498 seconds 
========================================================================
Received Import Request.
  Time since last request: 0.000031 seconds.
  path: Assets/Sprites/Enemies/Bomberfly/bomberfly1.png
  artifactKey: Guid(e0560a5cb9648f54f92688cf6bd7447e) Importer(2089858483,0ecaa5967403d082aa24f35e1b516d23)
Start importing Assets/Sprites/Enemies/Bomberfly/bomberfly1.png using Guid(e0560a5cb9648f54f92688cf6bd7447e) Importer(2089858483,0ecaa5967403d082aa24f35e1b516d23) Generated GUIDs only implemented for interfaces!
 -> (artifact id: '228f4cf46c765af7319565ecc806eebd') in 0.066548 seconds 
========================================================================
Received Import Request.
  Time since last request: 0.000071 seconds.
  path: Assets/Scripts/CameraFollow.cs
  artifactKey: Guid(f67e1a707bfe9bf449c0cac9190e38ab) Importer(2089858483,0ecaa5967403d082aa24f35e1b516d23)
Start importing Assets/Scripts/CameraFollow.cs using Guid(f67e1a707bfe9bf449c0cac9190e38ab) Importer(2089858483,0ecaa5967403d082aa24f35e1b516d23) Generated GUIDs only implemented for interfaces!
 -> (artifact id: 'd8f314f65d6e48d089076d89bf1287d9') in 0.024938 seconds 
========================================================================
Received Import Request.
  Time since last request: 0.000028 seconds.
  path: Assets/Sprites/Enemies/Patrol/Shooting.anim
  artifactKey: Guid(71ae627cc44a1664480426313e62d022) Importer(2089858483,0ecaa5967403d082aa24f35e1b516d23)
Start importing Assets/Sprites/Enemies/Patrol/Shooting.anim using Guid(71ae627cc44a1664480426313e62d022) Importer(2089858483,0ecaa5967403d082aa24f35e1b516d23) Generated GUIDs only implemented for interfaces!
 -> (artifact id: '4f37d30ff97155013d461c873d7fa4fa') in 0.030487 seconds 
========================================================================
Received Import Request.
  Time since last request: 0.000021 seconds.
  path: Assets/Sprites/Enemies/Miner/MinerAttack18.png
  artifactKey: Guid(896feffb8f2eb4b49adc51849a95ec4e) Importer(2089858483,0ecaa5967403d082aa24f35e1b516d23)
Start importing Assets/Sprites/Enemies/Miner/MinerAttack18.png using Guid(896feffb8f2eb4b49adc51849a95ec4e) Importer(2089858483,0ecaa5967403d082aa24f35e1b516d23) Generated GUIDs only implemented for interfaces!
 -> (artifact id: '444cc079f67fba849572ae226485611f') in 0.036799 seconds 
========================================================================
Received Import Request.
  Time since last request: 0.000019 seconds.
  path: Assets/Sprites/Enemies/Pikeman/PikemanIdle1.png
  artifactKey: Guid(ca5767e306a8b264aa6229e9b33aff8c) Importer(2089858483,0ecaa5967403d082aa24f35e1b516d23)
Start importing Assets/Sprites/Enemies/Pikeman/PikemanIdle1.png using Guid(ca5767e306a8b264aa6229e9b33aff8c) Importer(2089858483,0ecaa5967403d082aa24f35e1b516d23) Generated GUIDs only implemented for interfaces!
 -> (artifact id: '3f0a66740300e0f9ca5c5d055e6cc18f') in 0.038567 seconds 
========================================================================
Received Import Request.
  Time since last request: 0.000028 seconds.
  path: Assets/Sprites/Enemies/Miner/MinerAttack20.png
  artifactKey: Guid(303489ce223d62f48bdec91f40f9a3e5) Importer(2089858483,0ecaa5967403d082aa24f35e1b516d23)
Start importing Assets/Sprites/Enemies/Miner/MinerAttack20.png using Guid(303489ce223d62f48bdec91f40f9a3e5) Importer(2089858483,0ecaa5967403d082aa24f35e1b516d23) Generated GUIDs only implemented for interfaces!
 -> (artifact id: '4e4c700997a2638baed1261d4165c492') in 0.031467 seconds 
========================================================================
Received Import Request.
  Time since last request: 0.000034 seconds.
  path: Assets/Animations/Reloading.anim
  artifactKey: Guid(116d0fc7144659847ade070e71ac50bb) Importer(2089858483,0ecaa5967403d082aa24f35e1b516d23)
Start importing Assets/Animations/Reloading.anim using Guid(116d0fc7144659847ade070e71ac50bb) Importer(2089858483,0ecaa5967403d082aa24f35e1b516d23) Generated GUIDs only implemented for interfaces!
 -> (artifact id: '6824f44c934271fa55a1a3287e740bd5') in 0.032518 seconds 
========================================================================
Received Import Request.
  Time since last request: 0.000020 seconds.
  path: Assets/Sprites/Enemies/Pikeman/PikemanAt1.png
  artifactKey: Guid(4f55381a6e9241e418627ccfeba3358d) Importer(2089858483,0ecaa5967403d082aa24f35e1b516d23)
Start importing Assets/Sprites/Enemies/Pikeman/PikemanAt1.png using Guid(4f55381a6e9241e418627ccfeba3358d) Importer(2089858483,0ecaa5967403d082aa24f35e1b516d23) Generated GUIDs only implemented for interfaces!
 -> (artifact id: 'e3b4586be086fc4bbafff52c4d1e77f7') in 0.034521 seconds 
========================================================================
Received Import Request.
  Time since last request: 0.000029 seconds.
  path: Assets/Sprites/Enemies/Pikeman/PikemanAt3.png
  artifactKey: Guid(e648908497ac63a42a6c686e940b1222) Importer(2089858483,0ecaa5967403d082aa24f35e1b516d23)
Start importing Assets/Sprites/Enemies/Pikeman/PikemanAt3.png using Guid(e648908497ac63a42a6c686e940b1222) Importer(2089858483,0ecaa5967403d082aa24f35e1b516d23) Generated GUIDs only implemented for interfaces!
 -> (artifact id: '962abcd16529d8506b6b9d390370df87') in 0.035703 seconds 
========================================================================
Received Import Request.
  Time since last request: 0.000026 seconds.
  path: Assets/Sprites/RetroBullet.png
  artifactKey: Guid(fb16cc86978e6464d9ecc8802812674a) Importer(2089858483,0ecaa5967403d082aa24f35e1b516d23)
Start importing Assets/Sprites/RetroBullet.png using Guid(fb16cc86978e6464d9ecc8802812674a) Importer(2089858483,0ecaa5967403d082aa24f35e1b516d23) Generated GUIDs only implemented for interfaces!
 -> (artifact id: 'b378680097755081755560282e09e730') in 0.036523 seconds 
========================================================================
Received Import Request.
  Time since last request: 0.000024 seconds.
  path: Assets/Sprites/Enemies/Pikeman/PikemanWalk7.png
  artifactKey: Guid(ccee0ecbf1ceb10499ac80ba911f6568) Importer(2089858483,0ecaa5967403d082aa24f35e1b516d23)
Start importing Assets/Sprites/Enemies/Pikeman/PikemanWalk7.png using Guid(ccee0ecbf1ceb10499ac80ba911f6568) Importer(2089858483,0ecaa5967403d082aa24f35e1b516d23) Generated GUIDs only implemented for interfaces!
 -> (artifact id: '79ed234c8bb2b1d14055dcb655939238') in 0.032074 seconds 
========================================================================
Received Import Request.
  Time since last request: 0.000029 seconds.
  path: Assets/Sprites/Enemies/Patrol/PatrolFire3.png
  artifactKey: Guid(ab767d5e9cd4971478496269d7771f59) Importer(2089858483,0ecaa5967403d082aa24f35e1b516d23)
Start importing Assets/Sprites/Enemies/Patrol/PatrolFire3.png using Guid(ab767d5e9cd4971478496269d7771f59) Importer(2089858483,0ecaa5967403d082aa24f35e1b516d23) Generated GUIDs only implemented for interfaces!
 -> (artifact id: '87db23f20c96819f084754021e57e715') in 0.035164 seconds 
========================================================================
Received Import Request.
  Time since last request: 0.000030 seconds.
  path: Assets/Sprites/Enemies/Pikeman/PikemanIdle4.png
  artifactKey: Guid(d676a8bab14885c4d97bccb4d3f9a534) Importer(2089858483,0ecaa5967403d082aa24f35e1b516d23)
Start importing Assets/Sprites/Enemies/Pikeman/PikemanIdle4.png using Guid(d676a8bab14885c4d97bccb4d3f9a534) Importer(2089858483,0ecaa5967403d082aa24f35e1b516d23) Generated GUIDs only implemented for interfaces!
 -> (artifact id: '5730d641b53ee80a307fbb0e7e0bfa96') in 0.039445 seconds 
========================================================================
Received Import Request.
  Time since last request: 0.000020 seconds.
  path: Assets/Sprites/Enemies/Patrol/PatrolFire1.png
  artifactKey: Guid(43e30943301974e448d2c049c7f2d86a) Importer(2089858483,0ecaa5967403d082aa24f35e1b516d23)
Start importing Assets/Sprites/Enemies/Patrol/PatrolFire1.png using Guid(43e30943301974e448d2c049c7f2d86a) Importer(2089858483,0ecaa5967403d082aa24f35e1b516d23) Generated GUIDs only implemented for interfaces!
 -> (artifact id: 'd2cf30645f561a1aa7524d12c961c3d0') in 0.035857 seconds 
========================================================================
Received Import Request.
  Time since last request: 0.000027 seconds.
  path: Assets/Sprites/Enemies/Miner/MinerAttack19.png
  artifactKey: Guid(6d761df579f45f54bbc3b2f0bacae6c6) Importer(2089858483,0ecaa5967403d082aa24f35e1b516d23)
Start importing Assets/Sprites/Enemies/Miner/MinerAttack19.png using Guid(6d761df579f45f54bbc3b2f0bacae6c6) Importer(2089858483,0ecaa5967403d082aa24f35e1b516d23) Generated GUIDs only implemented for interfaces!
 -> (artifact id: '9957c7a909c00203a386f3e6598967dc') in 0.037426 seconds 
========================================================================
Received Import Request.
  Time since last request: 0.000023 seconds.
  path: Assets/Sprites/Enemies/Patrol/PatrolFire4.png
  artifactKey: Guid(d906eb4db02a16f4faccb6c3873863ae) Importer(2089858483,0ecaa5967403d082aa24f35e1b516d23)
Start importing Assets/Sprites/Enemies/Patrol/PatrolFire4.png using Guid(d906eb4db02a16f4faccb6c3873863ae) Importer(2089858483,0ecaa5967403d082aa24f35e1b516d23) Generated GUIDs only implemented for interfaces!
 -> (artifact id: 'd05a23f92037abe45ca50769538d9654') in 0.045760 seconds 
========================================================================
Received Import Request.
  Time since last request: 0.000022 seconds.
  path: Assets/Sprites/Enemies/Bomberfly/Bomberfly.controller
  artifactKey: Guid(a29602c65b73bfd48b540010ba1b182a) Importer(2089858483,0ecaa5967403d082aa24f35e1b516d23)
Start importing Assets/Sprites/Enemies/Bomberfly/Bomberfly.controller using Guid(a29602c65b73bfd48b540010ba1b182a) Importer(2089858483,0ecaa5967403d082aa24f35e1b516d23) Generated GUIDs only implemented for interfaces!
 -> (artifact id: '7c1031e67911ec6f619fba1b00b8d7b0') in 0.025120 seconds 
========================================================================
Received Import Request.
  Time since last request: 0.000215 seconds.
  path: Assets/Sprites/cart-full-128.png
  artifactKey: Guid(4beaa2a4fe40ac64d92da397b303b0c6) Importer(2089858483,0ecaa5967403d082aa24f35e1b516d23)
Start importing Assets/Sprites/cart-full-128.png using Guid(4beaa2a4fe40ac64d92da397b303b0c6) Importer(2089858483,0ecaa5967403d082aa24f35e1b516d23) Generated GUIDs only implemented for interfaces!
 -> (artifact id: '026337549e54d05749a42e115741b459') in 0.040928 seconds 
========================================================================
Received Import Request.
  Time since last request: 0.000037 seconds.
  path: Assets/Sprites/Enemies/Bomberfly/bomberfly6.png
  artifactKey: Guid(23b842be11d5dc84fa7f56649d9bfe23) Importer(2089858483,0ecaa5967403d082aa24f35e1b516d23)
Start importing Assets/Sprites/Enemies/Bomberfly/bomberfly6.png using Guid(23b842be11d5dc84fa7f56649d9bfe23) Importer(2089858483,0ecaa5967403d082aa24f35e1b516d23) Generated GUIDs only implemented for interfaces!
 -> (artifact id: '40a147d40a11b031d4a276bd2bac1fe1') in 0.042027 seconds 
========================================================================
Received Import Request.
  Time since last request: 0.000023 seconds.
  path: Assets/Sprites/Enemies/Miner/MinerAttack12.png
  artifactKey: Guid(df472d67376b3d54996e1f61e48b5d24) Importer(2089858483,0ecaa5967403d082aa24f35e1b516d23)
Start importing Assets/Sprites/Enemies/Miner/MinerAttack12.png using Guid(df472d67376b3d54996e1f61e48b5d24) Importer(2089858483,0ecaa5967403d082aa24f35e1b516d23) Generated GUIDs only implemented for interfaces!
 -> (artifact id: '59d54c54088160ae51068599f6dcfc86') in 0.049832 seconds 
========================================================================
Received Import Request.
  Time since last request: 0.000035 seconds.
  path: Assets/Sprites/Enemies/Pikeman/PikemanAt15.png
  artifactKey: Guid(1a9a39a7768dff94eaea3f2ee2b1fa0b) Importer(2089858483,0ecaa5967403d082aa24f35e1b516d23)
Start importing Assets/Sprites/Enemies/Pikeman/PikemanAt15.png using Guid(1a9a39a7768dff94eaea3f2ee2b1fa0b) Importer(2089858483,0ecaa5967403d082aa24f35e1b516d23) Generated GUIDs only implemented for interfaces!
 -> (artifact id: '2eb125773ed37132afdc37d77fb9170e') in 0.045358 seconds 
========================================================================
Received Import Request.
  Time since last request: 0.000021 seconds.
  path: Assets/Sprites/BombSprite.png
  artifactKey: Guid(91a6f4c9b969b4bb9866c25cba77273c) Importer(2089858483,0ecaa5967403d082aa24f35e1b516d23)
Start importing Assets/Sprites/BombSprite.png using Guid(91a6f4c9b969b4bb9866c25cba77273c) Importer(2089858483,0ecaa5967403d082aa24f35e1b516d23) Generated GUIDs only implemented for interfaces!
 -> (artifact id: '105cf892da8b673f20dcb0492e9c0f5f') in 0.049579 seconds 
========================================================================
Received Import Request.
  Time since last request: 0.000044 seconds.
  path: Assets/Sprites/Enemies/Miner/MinerAttack11.png
  artifactKey: Guid(3208b76d3741ee34a8880d0b379724f8) Importer(2089858483,0ecaa5967403d082aa24f35e1b516d23)
Start importing Assets/Sprites/Enemies/Miner/MinerAttack11.png using Guid(3208b76d3741ee34a8880d0b379724f8) Importer(2089858483,0ecaa5967403d082aa24f35e1b516d23) Generated GUIDs only implemented for interfaces!
 -> (artifact id: 'b97fc589165b3d7367491e9a523565c3') in 0.062749 seconds 
========================================================================
Received Import Request.
  Time since last request: 0.000034 seconds.
  path: Assets/Sprites/Enemies/Pikeman/PikemanWalk1.png
  artifactKey: Guid(b9c64740602d3fb43a3744ef4667282a) Importer(2089858483,0ecaa5967403d082aa24f35e1b516d23)
Start importing Assets/Sprites/Enemies/Pikeman/PikemanWalk1.png using Guid(b9c64740602d3fb43a3744ef4667282a) Importer(2089858483,0ecaa5967403d082aa24f35e1b516d23) Generated GUIDs only implemented for interfaces!
 -> (artifact id: '70c52502bac6915339b1b670d4b8d0a6') in 0.032742 seconds 
========================================================================
Received Import Request.
  Time since last request: 0.000020 seconds.
  path: Assets/Scripts/Paralax.cs
  artifactKey: Guid(05cf7591194b54c49b21d465e8b92818) Importer(2089858483,0ecaa5967403d082aa24f35e1b516d23)
Start importing Assets/Scripts/Paralax.cs using Guid(05cf7591194b54c49b21d465e8b92818) Importer(2089858483,0ecaa5967403d082aa24f35e1b516d23) Generated GUIDs only implemented for interfaces!
 -> (artifact id: '7d29610255a5f8c2c05b0f138e2b8adc') in 0.014192 seconds 
========================================================================
Received Import Request.
  Time since last request: 0.000029 seconds.
  path: Assets/Animations/Shooting.anim
  artifactKey: Guid(f5b347bb98cd17748bbfcd558c8eb3f4) Importer(2089858483,0ecaa5967403d082aa24f35e1b516d23)
Start importing Assets/Animations/Shooting.anim using Guid(f5b347bb98cd17748bbfcd558c8eb3f4) Importer(2089858483,0ecaa5967403d082aa24f35e1b516d23) Generated GUIDs only implemented for interfaces!
 -> (artifact id: 'aa33cc72d87a3816da462b1f9e0140a6') in 0.012900 seconds 
========================================================================
Received Import Request.
  Time since last request: 0.000030 seconds.
  path: Assets/Sprites/Enemies/Patrol/PatrolFire2.png
  artifactKey: Guid(26989d4be29f61c4681fd4a4cf8f70f6) Importer(2089858483,0ecaa5967403d082aa24f35e1b516d23)
Start importing Assets/Sprites/Enemies/Patrol/PatrolFire2.png using Guid(26989d4be29f61c4681fd4a4cf8f70f6) Importer(2089858483,0ecaa5967403d082aa24f35e1b516d23) Generated GUIDs only implemented for interfaces!
 -> (artifact id: 'f184fb72ce435b601cc8ba6d9ff6e87f') in 0.042731 seconds 
========================================================================
Received Import Request.
  Time since last request: 0.000029 seconds.
  path: Assets/Sprites/Enemies/Pikeman/PikemanAt6.png
  artifactKey: Guid(459e709d7f6b18041b5baedcb7aa7873) Importer(2089858483,0ecaa5967403d082aa24f35e1b516d23)
Start importing Assets/Sprites/Enemies/Pikeman/PikemanAt6.png using Guid(459e709d7f6b18041b5baedcb7aa7873) Importer(2089858483,0ecaa5967403d082aa24f35e1b516d23) Generated GUIDs only implemented for interfaces!
 -> (artifact id: '62ba12f50bc76f577236f561a0b9ca62') in 0.031870 seconds 
========================================================================
Received Import Request.
  Time since last request: 0.000042 seconds.
  path: Assets/Sprites/Enemies/Miner/MineMove2.png
  artifactKey: Guid(f2cf4d47e16cfab44983777ac21aa8c6) Importer(2089858483,0ecaa5967403d082aa24f35e1b516d23)
Start importing Assets/Sprites/Enemies/Miner/MineMove2.png using Guid(f2cf4d47e16cfab44983777ac21aa8c6) Importer(2089858483,0ecaa5967403d082aa24f35e1b516d23) Generated GUIDs only implemented for interfaces!
 -> (artifact id: '312596b491f166de14c6bf36e654c8fd') in 0.039343 seconds 
========================================================================
Received Import Request.
  Time since last request: 0.000025 seconds.
  path: Assets/Sprites/Enemies/Pikeman/PikemanWalk4.png
  artifactKey: Guid(14a51febd82a707428e0d93795ea7cae) Importer(2089858483,0ecaa5967403d082aa24f35e1b516d23)
Start importing Assets/Sprites/Enemies/Pikeman/PikemanWalk4.png using Guid(14a51febd82a707428e0d93795ea7cae) Importer(2089858483,0ecaa5967403d082aa24f35e1b516d23) Generated GUIDs only implemented for interfaces!
 -> (artifact id: 'a19889813e90987af5be351bfbda409d') in 0.042220 seconds 
========================================================================
Received Import Request.
  Time since last request: 0.000030 seconds.
  path: Assets/Sprites/Enemies/Miner/Moving.anim
  artifactKey: Guid(144256362601d4646980c95799d1fbfa) Importer(2089858483,0ecaa5967403d082aa24f35e1b516d23)
Start importing Assets/Sprites/Enemies/Miner/Moving.anim using Guid(144256362601d4646980c95799d1fbfa) Importer(2089858483,0ecaa5967403d082aa24f35e1b516d23) Generated GUIDs only implemented for interfaces!
 -> (artifact id: '0f4346811a1ac4aeba524e5739a07c5f') in 0.022159 seconds 
========================================================================
Received Import Request.
  Time since last request: 0.000020 seconds.
  path: Assets/Sprites/Enemies/Bomberfly/bomberfly7.png
  artifactKey: Guid(1e092d34bd05e624997b9809c63c70c0) Importer(2089858483,0ecaa5967403d082aa24f35e1b516d23)
Start importing Assets/Sprites/Enemies/Bomberfly/bomberfly7.png using Guid(1e092d34bd05e624997b9809c63c70c0) Importer(2089858483,0ecaa5967403d082aa24f35e1b516d23) Generated GUIDs only implemented for interfaces!
 -> (artifact id: '50d56f3f58b18a1f582cbe99e21759a9') in 0.037995 seconds 
========================================================================
Received Import Request.
  Time since last request: 0.000154 seconds.
  path: Assets/Sprites/ExplosionSprite.png
  artifactKey: Guid(02caf2529e444a14ab5eae5fafab7fd4) Importer(2089858483,0ecaa5967403d082aa24f35e1b516d23)
Start importing Assets/Sprites/ExplosionSprite.png using Guid(02caf2529e444a14ab5eae5fafab7fd4) Importer(2089858483,0ecaa5967403d082aa24f35e1b516d23) Generated GUIDs only implemented for interfaces!
 -> (artifact id: '41c2a132106e814840b44a7c51113ef3') in 0.050570 seconds 
========================================================================
Received Import Request.
  Time since last request: 0.000021 seconds.
  path: Assets/Sprites/Enemies/Bomberfly/bomberfly5.png
  artifactKey: Guid(a482bd0b7b5dbb849be288a51ce40d97) Importer(2089858483,0ecaa5967403d082aa24f35e1b516d23)
Start importing Assets/Sprites/Enemies/Bomberfly/bomberfly5.png using Guid(a482bd0b7b5dbb849be288a51ce40d97) Importer(2089858483,0ecaa5967403d082aa24f35e1b516d23) Generated GUIDs only implemented for interfaces!
 -> (artifact id: 'ec26505a3e71aa4afe2a68471c49f52e') in 0.035545 seconds 
========================================================================
Received Import Request.
  Time since last request: 0.000037 seconds.
  path: Assets/Sprites/Enemies/Pikeman/PikemanAt13.png
  artifactKey: Guid(b39b413047eec334994182064c161a7d) Importer(2089858483,0ecaa5967403d082aa24f35e1b516d23)
Start importing Assets/Sprites/Enemies/Pikeman/PikemanAt13.png using Guid(b39b413047eec334994182064c161a7d) Importer(2089858483,0ecaa5967403d082aa24f35e1b516d23) Generated GUIDs only implemented for interfaces!
 -> (artifact id: '7a7dfa04cd2ed4d8aae000fbd9e3a3a6') in 0.038477 seconds 
========================================================================
Received Import Request.
  Time since last request: 0.000026 seconds.
  path: Assets/Sprites/Enemies/Pikeman/PikemanAt14.png
  artifactKey: Guid(6c6f5474f3d292d48b2b1565bc388ff1) Importer(2089858483,0ecaa5967403d082aa24f35e1b516d23)
Start importing Assets/Sprites/Enemies/Pikeman/PikemanAt14.png using Guid(6c6f5474f3d292d48b2b1565bc388ff1) Importer(2089858483,0ecaa5967403d082aa24f35e1b516d23) Generated GUIDs only implemented for interfaces!
 -> (artifact id: '1d50e256ea6792c65aec42c429ab6ba0') in 0.053828 seconds 
========================================================================
Received Import Request.
  Time since last request: 0.000031 seconds.
  path: Assets/Sprites/SkyTileSprite.png
  artifactKey: Guid(24770088dedc9e84b97afaa1c612d506) Importer(2089858483,0ecaa5967403d082aa24f35e1b516d23)
Start importing Assets/Sprites/SkyTileSprite.png using Guid(24770088dedc9e84b97afaa1c612d506) Importer(2089858483,0ecaa5967403d082aa24f35e1b516d23) Generated GUIDs only implemented for interfaces!
 -> (artifact id: 'e468d898e1ca85c9b3ed59139a9c927d') in 0.045760 seconds 
========================================================================
Received Import Request.
  Time since last request: 0.000039 seconds.
  path: Assets/Sprites/Enemies/Miner/MinerAttack10.png
  artifactKey: Guid(631b06fda4a6b854aa925634c3c19730) Importer(2089858483,0ecaa5967403d082aa24f35e1b516d23)
Start importing Assets/Sprites/Enemies/Miner/MinerAttack10.png using Guid(631b06fda4a6b854aa925634c3c19730) Importer(2089858483,0ecaa5967403d082aa24f35e1b516d23) Generated GUIDs only implemented for interfaces!
 -> (artifact id: '28254d1e80c61b4a1c9650dee32cb92b') in 0.036102 seconds 
========================================================================
Received Import Request.
  Time since last request: 0.000024 seconds.
  path: Assets/Sprites/CoinSprite.png
  artifactKey: Guid(d235556d311cd497b993de7aa11961d4) Importer(2089858483,0ecaa5967403d082aa24f35e1b516d23)
Start importing Assets/Sprites/CoinSprite.png using Guid(d235556d311cd497b993de7aa11961d4) Importer(2089858483,0ecaa5967403d082aa24f35e1b516d23) Generated GUIDs only implemented for interfaces!
 -> (artifact id: '111651e1e2d19d0526415788cc747d0b') in 0.039367 seconds 
========================================================================
Received Import Request.
  Time since last request: 0.000021 seconds.
  path: Assets/Sprites/Enemies/Pikeman/PikemanAt4.png
  artifactKey: Guid(c5b9b5c1f066a4b4f8f3554e150939f0) Importer(2089858483,0ecaa5967403d082aa24f35e1b516d23)
Start importing Assets/Sprites/Enemies/Pikeman/PikemanAt4.png using Guid(c5b9b5c1f066a4b4f8f3554e150939f0) Importer(2089858483,0ecaa5967403d082aa24f35e1b516d23) Generated GUIDs only implemented for interfaces!
 -> (artifact id: '8bc2038b0a69708c10d66b9a66c0525f') in 0.046501 seconds 
========================================================================
Received Import Request.
  Time since last request: 0.000021 seconds.
  path: Assets/Scenes/SampleScene.unity
  artifactKey: Guid(2cda990e2423bbf4892e6590ba056729) Importer(2089858483,0ecaa5967403d082aa24f35e1b516d23)
Start importing Assets/Scenes/SampleScene.unity using Guid(2cda990e2423bbf4892e6590ba056729) Importer(2089858483,0ecaa5967403d082aa24f35e1b516d23) Generated GUIDs only implemented for interfaces!
 -> (artifact id: 'c20bf4172ae9d0d780189bb1baff3246') in 0.017547 seconds 
========================================================================
Received Import Request.
  Time since last request: 0.000025 seconds.
  path: Assets/Sprites/Enemies/Miner/MinerAttack6.png
  artifactKey: Guid(bb11b4f10748d8c4b894a3c600f688e0) Importer(2089858483,0ecaa5967403d082aa24f35e1b516d23)
Start importing Assets/Sprites/Enemies/Miner/MinerAttack6.png using Guid(bb11b4f10748d8c4b894a3c600f688e0) Importer(2089858483,0ecaa5967403d082aa24f35e1b516d23) Generated GUIDs only implemented for interfaces!
 -> (artifact id: '97104a67303a4a2b7ebbe0980d36aeba') in 0.051568 seconds 
========================================================================
Received Import Request.
  Time since last request: 0.000069 seconds.
  path: Assets/Animations/ShootUp.anim
  artifactKey: Guid(e604e7fb64a7acc4282e51b3e10049fe) Importer(2089858483,0ecaa5967403d082aa24f35e1b516d23)
Start importing Assets/Animations/ShootUp.anim using Guid(e604e7fb64a7acc4282e51b3e10049fe) Importer(2089858483,0ecaa5967403d082aa24f35e1b516d23) Generated GUIDs only implemented for interfaces!
 -> (artifact id: '001c73989c377890832afd3a6ac91db4') in 0.022603 seconds 
========================================================================
Received Import Request.
  Time since last request: 0.000059 seconds.
  path: Assets/Sprites/Enemies/Pikeman/PikemanAttack.anim
  artifactKey: Guid(e122c8ce31138da48887fe6ee478bab3) Importer(2089858483,0ecaa5967403d082aa24f35e1b516d23)
Start importing Assets/Sprites/Enemies/Pikeman/PikemanAttack.anim using Guid(e122c8ce31138da48887fe6ee478bab3) Importer(2089858483,0ecaa5967403d082aa24f35e1b516d23) Generated GUIDs only implemented for interfaces!
 -> (artifact id: 'bb9fd4cf0a330c7d14e7b081150dfc1f') in 0.030731 seconds 
========================================================================
Received Import Request.
  Time since last request: 0.000036 seconds.
  path: Assets/Sprites/Enemies/Pikeman/PikemanAt2.png
  artifactKey: Guid(2615c749728bba04cafaef26425b4399) Importer(2089858483,0ecaa5967403d082aa24f35e1b516d23)
Start importing Assets/Sprites/Enemies/Pikeman/PikemanAt2.png using Guid(2615c749728bba04cafaef26425b4399) Importer(2089858483,0ecaa5967403d082aa24f35e1b516d23) Generated GUIDs only implemented for interfaces!
 -> (artifact id: '0d17b41eaaa117cb5dada63e7ec5b8eb') in 0.039275 seconds 
========================================================================
Received Import Request.
  Time since last request: 0.000019 seconds.
  path: Assets/Animations/Idle.anim
  artifactKey: Guid(2f08d90abf576b243b4b4ef70cd57908) Importer(2089858483,0ecaa5967403d082aa24f35e1b516d23)
Start importing Assets/Animations/Idle.anim using Guid(2f08d90abf576b243b4b4ef70cd57908) Importer(2089858483,0ecaa5967403d082aa24f35e1b516d23) Generated GUIDs only implemented for interfaces!
 -> (artifact id: 'd4d09670c9b38eaacdda630389a1285b') in 0.012558 seconds 
========================================================================
Received Import Request.
  Time since last request: 0.000020 seconds.
  path: Assets/Sprites/PlankSprite.png
  artifactKey: Guid(418ab5c27d3054eb89959d9c715e00c9) Importer(2089858483,0ecaa5967403d082aa24f35e1b516d23)
Start importing Assets/Sprites/PlankSprite.png using Guid(418ab5c27d3054eb89959d9c715e00c9) Importer(2089858483,0ecaa5967403d082aa24f35e1b516d23) Generated GUIDs only implemented for interfaces!
 -> (artifact id: '3be980de84fce10f6159ab6264a9f7eb') in 0.040537 seconds 
========================================================================
Received Import Request.
  Time since last request: 0.000022 seconds.
  path: Assets/Sprites/Enemies/Patrol/Patrol.controller
  artifactKey: Guid(a3a70c363aac90843851450c65df9ee0) Importer(2089858483,0ecaa5967403d082aa24f35e1b516d23)
Start importing Assets/Sprites/Enemies/Patrol/Patrol.controller using Guid(a3a70c363aac90843851450c65df9ee0) Importer(2089858483,0ecaa5967403d082aa24f35e1b516d23) Generated GUIDs only implemented for interfaces!
 -> (artifact id: '063e8588748d1ce6a4473c445938983c') in 0.029268 seconds 
========================================================================
Received Import Request.
  Time since last request: 0.000042 seconds.
  path: Assets/Sprites/Enemies/Pikeman/PikemanWalk3.png
  artifactKey: Guid(44d2ab0043a7e1b4c87806518d58d20b) Importer(2089858483,0ecaa5967403d082aa24f35e1b516d23)
Start importing Assets/Sprites/Enemies/Pikeman/PikemanWalk3.png using Guid(44d2ab0043a7e1b4c87806518d58d20b) Importer(2089858483,0ecaa5967403d082aa24f35e1b516d23) Generated GUIDs only implemented for interfaces!
 -> (artifact id: 'b03580eff40e51e57bc8ef0e462ac925') in 0.164573 seconds 
========================================================================
Received Import Request.
  Time since last request: 0.000034 seconds.
  path: Assets/Sprites/Enemies/Pikeman/PikemanAt9.png
  artifactKey: Guid(7ba85d5f844178d4882b00b2fe9867f7) Importer(2089858483,0ecaa5967403d082aa24f35e1b516d23)
Start importing Assets/Sprites/Enemies/Pikeman/PikemanAt9.png using Guid(7ba85d5f844178d4882b00b2fe9867f7) Importer(2089858483,0ecaa5967403d082aa24f35e1b516d23) Generated GUIDs only implemented for interfaces!
 -> (artifact id: 'db63c0574f7d0d5129d75f89a4e0cc37') in 0.059514 seconds 
========================================================================
Received Import Request.
  Time since last request: 0.000025 seconds.
  path: Assets/Sprites/Enemies/Miner/MineMove3.png
  artifactKey: Guid(51765438cab3b5f4babbab292bb94e38) Importer(2089858483,0ecaa5967403d082aa24f35e1b516d23)
Start importing Assets/Sprites/Enemies/Miner/MineMove3.png using Guid(51765438cab3b5f4babbab292bb94e38) Importer(2089858483,0ecaa5967403d082aa24f35e1b516d23) Generated GUIDs only implemented for interfaces!
 -> (artifact id: '0b6b9b3dc932916f490b072dc120dac4') in 0.031386 seconds 
========================================================================
Received Import Request.
  Time since last request: 0.000031 seconds.
  path: Assets/Scripts/Player.cs
  artifactKey: Guid(b707a0393b5a4ea4c99db52e022ee1e0) Importer(2089858483,0ecaa5967403d082aa24f35e1b516d23)
Start importing Assets/Scripts/Player.cs using Guid(b707a0393b5a4ea4c99db52e022ee1e0) Importer(2089858483,0ecaa5967403d082aa24f35e1b516d23) Generated GUIDs only implemented for interfaces!
 -> (artifact id: 'ccc4813af1abf250e5164fd1c757415c') in 0.012479 seconds 
========================================================================
Received Import Request.
  Time since last request: 0.000081 seconds.
  path: Assets/Sprites/Enemies/Pikeman/PikemanIdle6.png
  artifactKey: Guid(3c13cc00e8755b24eb19a628d5c50af9) Importer(2089858483,0ecaa5967403d082aa24f35e1b516d23)
Start importing Assets/Sprites/Enemies/Pikeman/PikemanIdle6.png using Guid(3c13cc00e8755b24eb19a628d5c50af9) Importer(2089858483,0ecaa5967403d082aa24f35e1b516d23) Generated GUIDs only implemented for interfaces!
 -> (artifact id: 'bbc45ef48d4e2f596949da28ba938366') in 0.036293 seconds 
========================================================================
Received Import Request.
  Time since last request: 0.000022 seconds.
  path: Assets/Sprites/Enemies/Patrol/PatrolFire8.png
  artifactKey: Guid(49661260b4b45ca4694dc928794c6f93) Importer(2089858483,0ecaa5967403d082aa24f35e1b516d23)
Start importing Assets/Sprites/Enemies/Patrol/PatrolFire8.png using Guid(49661260b4b45ca4694dc928794c6f93) Importer(2089858483,0ecaa5967403d082aa24f35e1b516d23) Generated GUIDs only implemented for interfaces!
 -> (artifact id: 'e92be078e8c9bc979e6e9bbd7a59d344') in 0.040283 seconds 
========================================================================
Received Import Request.
  Time since last request: 0.000026 seconds.
  path: Assets/Sprites/Enemies/Miner/MinerAttack14.png
  artifactKey: Guid(c56aa5ed3853c1b47bab48bbfb17dff1) Importer(2089858483,0ecaa5967403d082aa24f35e1b516d23)
Start importing Assets/Sprites/Enemies/Miner/MinerAttack14.png using Guid(c56aa5ed3853c1b47bab48bbfb17dff1) Importer(2089858483,0ecaa5967403d082aa24f35e1b516d23) Generated GUIDs only implemented for interfaces!
 -> (artifact id: '1fa49894699e62f53f1af6b739de77d2') in 0.031907 seconds 
========================================================================
Received Import Request.
  Time since last request: 0.000050 seconds.
  path: Assets/Animations/Running.anim
  artifactKey: Guid(b6b246454ab3bcd43810662e93808f83) Importer(2089858483,0ecaa5967403d082aa24f35e1b516d23)
Start importing Assets/Animations/Running.anim using Guid(b6b246454ab3bcd43810662e93808f83) Importer(2089858483,0ecaa5967403d082aa24f35e1b516d23) Generated GUIDs only implemented for interfaces!
 -> (artifact id: '7de87885787a89f68b1c694464b3e4b3') in 0.021722 seconds 
========================================================================
Received Import Request.
  Time since last request: 0.000021 seconds.
  path: Assets/Sprites/Enemies/Patrol/PatrolIdle1.png
  artifactKey: Guid(e2a0866fd164d4747b00769a757d4695) Importer(2089858483,0ecaa5967403d082aa24f35e1b516d23)
Start importing Assets/Sprites/Enemies/Patrol/PatrolIdle1.png using Guid(e2a0866fd164d4747b00769a757d4695) Importer(2089858483,0ecaa5967403d082aa24f35e1b516d23) Generated GUIDs only implemented for interfaces!
 -> (artifact id: 'e5eafebef88aee639bdf013a4b8fdddc') in 0.053041 seconds 
========================================================================
Received Import Request.
  Time since last request: 0.000024 seconds.
  path: Assets/Sprites/Enemies/Miner/MinerAttack2.png
  artifactKey: Guid(3f766e43d65cad04b9a5bf3d7139a5f3) Importer(2089858483,0ecaa5967403d082aa24f35e1b516d23)
Start importing Assets/Sprites/Enemies/Miner/MinerAttack2.png using Guid(3f766e43d65cad04b9a5bf3d7139a5f3) Importer(2089858483,0ecaa5967403d082aa24f35e1b516d23) Generated GUIDs only implemented for interfaces!
 -> (artifact id: '7ec9d4f9dbb432bdc012ec100a0710a0') in 0.051088 seconds 
========================================================================
Received Import Request.
  Time since last request: 0.000029 seconds.
  path: Assets/Sprites/ColumnShortSprite.png
  artifactKey: Guid(eb99749fb0134d54ba7b9a456fd3f6af) Importer(2089858483,0ecaa5967403d082aa24f35e1b516d23)
Start importing Assets/Sprites/ColumnShortSprite.png using Guid(eb99749fb0134d54ba7b9a456fd3f6af) Importer(2089858483,0ecaa5967403d082aa24f35e1b516d23) Generated GUIDs only implemented for interfaces!
 -> (artifact id: '826b4ad90a30a81383ad1f177c46a825') in 0.045254 seconds 
========================================================================
Received Import Request.
  Time since last request: 0.000024 seconds.
  path: Assets/Sprites/Enemies/Patrol/Idle.anim
  artifactKey: Guid(08ee729cb8211954bbab36120166f8c9) Importer(2089858483,0ecaa5967403d082aa24f35e1b516d23)
Start importing Assets/Sprites/Enemies/Patrol/Idle.anim using Guid(08ee729cb8211954bbab36120166f8c9) Importer(2089858483,0ecaa5967403d082aa24f35e1b516d23) Generated GUIDs only implemented for interfaces!
 -> (artifact id: 'dd3ca7f362944d6103d8421abc355c2e') in 0.013400 seconds 
========================================================================
Received Import Request.
  Time since last request: 0.000031 seconds.
  path: Assets/Animations/Jump.anim
  artifactKey: Guid(df198d9e85c388a4196afe2dac5e6975) Importer(2089858483,0ecaa5967403d082aa24f35e1b516d23)
Start importing Assets/Animations/Jump.anim using Guid(df198d9e85c388a4196afe2dac5e6975) Importer(2089858483,0ecaa5967403d082aa24f35e1b516d23) Generated GUIDs only implemented for interfaces!
 -> (artifact id: '17e93c056e620b75cf05f5259ab82910') in 0.015568 seconds 
========================================================================
Received Import Request.
  Time since last request: 0.000023 seconds.
  path: Assets/Sprites/Enemies/Miner/Miner.controller
  artifactKey: Guid(92a5f791a6e8fef4788c522321aacad9) Importer(2089858483,0ecaa5967403d082aa24f35e1b516d23)
Start importing Assets/Sprites/Enemies/Miner/Miner.controller using Guid(92a5f791a6e8fef4788c522321aacad9) Importer(2089858483,0ecaa5967403d082aa24f35e1b516d23) Generated GUIDs only implemented for interfaces!
 -> (artifact id: '4e88d63faaabde8c8b6b121bbc9757b7') in 0.029592 seconds 
========================================================================
Received Import Request.
  Time since last request: 0.000023 seconds.
  path: Assets/Sprites/Enemies/Pikeman/PikemanAt16.png
  artifactKey: Guid(1de6570156ab191488c350033fec7128) Importer(2089858483,0ecaa5967403d082aa24f35e1b516d23)
Start importing Assets/Sprites/Enemies/Pikeman/PikemanAt16.png using Guid(1de6570156ab191488c350033fec7128) Importer(2089858483,0ecaa5967403d082aa24f35e1b516d23) Generated GUIDs only implemented for interfaces!
 -> (artifact id: '5da7978730e482be68e0f9910b83c03e') in 0.032493 seconds 
========================================================================
Received Import Request.
  Time since last request: 0.000028 seconds.
  path: Assets/Scripts/Enemy.cs
  artifactKey: Guid(a01169b5d28a20e44ba48f29ae85e645) Importer(2089858483,0ecaa5967403d082aa24f35e1b516d23)
Start importing Assets/Scripts/Enemy.cs using Guid(a01169b5d28a20e44ba48f29ae85e645) Importer(2089858483,0ecaa5967403d082aa24f35e1b516d23) Generated GUIDs only implemented for interfaces!
 -> (artifact id: '7a1b3d87927c51f2fee3534cf0848639') in 0.017325 seconds 
========================================================================
Received Import Request.
  Time since last request: 0.000020 seconds.
  path: Assets/Animations/JumpShootDonwn.anim
  artifactKey: Guid(fb3c2a9af17be3f498005faf8b0dfa0f) Importer(2089858483,0ecaa5967403d082aa24f35e1b516d23)
Start importing Assets/Animations/JumpShootDonwn.anim using Guid(fb3c2a9af17be3f498005faf8b0dfa0f) Importer(2089858483,0ecaa5967403d082aa24f35e1b516d23) Generated GUIDs only implemented for interfaces!
 -> (artifact id: '44e77cdc649c2c35101e4029bf436851') in 0.015442 seconds 
========================================================================
Received Import Request.
  Time since last request: 0.000021 seconds.
  path: Assets/Sprites/Enemies/Miner/MinerAttack9.png
  artifactKey: Guid(8632b40644218f746876207992924108) Importer(2089858483,0ecaa5967403d082aa24f35e1b516d23)
Start importing Assets/Sprites/Enemies/Miner/MinerAttack9.png using Guid(8632b40644218f746876207992924108) Importer(2089858483,0ecaa5967403d082aa24f35e1b516d23) Generated GUIDs only implemented for interfaces!
 -> (artifact id: '0bc087e79514774142b6e7f5fe528673') in 0.039521 seconds 
========================================================================
Received Import Request.
  Time since last request: 0.000020 seconds.
  path: Assets/Sprites/Enemies/Pikeman/PikemanIdle3.png
  artifactKey: Guid(31ee8ec2447f26b44a2a6bfd9dabf17a) Importer(2089858483,0ecaa5967403d082aa24f35e1b516d23)
Start importing Assets/Sprites/Enemies/Pikeman/PikemanIdle3.png using Guid(31ee8ec2447f26b44a2a6bfd9dabf17a) Importer(2089858483,0ecaa5967403d082aa24f35e1b516d23) Generated GUIDs only implemented for interfaces!
 -> (artifact id: 'c0f012d2add33c2e9e403b8c1c41de1f') in 0.031688 seconds 
========================================================================
Received Import Request.
  Time since last request: 0.000027 seconds.
  path: Assets/Sprites/Enemies/Patrol/PatrolFire6.png
  artifactKey: Guid(b7e19bad239700648af9bd8e9e7f15d7) Importer(2089858483,0ecaa5967403d082aa24f35e1b516d23)
Start importing Assets/Sprites/Enemies/Patrol/PatrolFire6.png using Guid(b7e19bad239700648af9bd8e9e7f15d7) Importer(2089858483,0ecaa5967403d082aa24f35e1b516d23) Generated GUIDs only implemented for interfaces!
 -> (artifact id: '2560db45d2fe28f3252c4dc513d9d87e') in 0.038621 seconds 
========================================================================
Received Import Request.
  Time since last request: 0.000031 seconds.
  path: Assets/Sprites/Enemies/Pikeman/PikemanWalk8.png
  artifactKey: Guid(1d6e25d0d018c7243b24ea6eaaef7b24) Importer(2089858483,0ecaa5967403d082aa24f35e1b516d23)
Start importing Assets/Sprites/Enemies/Pikeman/PikemanWalk8.png using Guid(1d6e25d0d018c7243b24ea6eaaef7b24) Importer(2089858483,0ecaa5967403d082aa24f35e1b516d23) Generated GUIDs only implemented for interfaces!
 -> (artifact id: '47ef3e188425a6b8b36f77e9a4ab58df') in 0.040362 seconds 
========================================================================
Received Prepare
Refreshing native plugins compatible for Editor in 9.21 ms, found 4 plugins.
Preloading 0 native plugins for Editor in 0.00 ms.
Unloading 33 Unused Serialized files (Serialized files now loaded: 0)
Unloading 33 unused Assets / (286.5 KB). Loaded Objects now: 4725.
Memory consumption went from 73.7 MB to 73.4 MB.
Total: 7.946200 ms (FindLiveObjects: 0.382200 ms CreateObjectMapping: 0.357800 ms MarkObjects: 6.958100 ms  DeleteObjects: 0.246700 ms)

AssetImportParameters requested are different than current active one (requested -> active):
  custom:video-decoder-ogg-theora: a1e56fd34408186e4bbccfd4996cb3dc -> 
  custom:container-muxer-webm: aa71ff27fc2769a1b78a27578f13a17b -> 
  custom:container-demuxer-webm: 4f35f7cbe854078d1ac9338744f61a02 -> 
  custom:video-encoder-webm-vp8: eb34c28f22e8b96e1ab97ce403110664 -> 
  custom:audio-encoder-webm-vorbis: bf7c407c2cedff20999df2af8eb42d56 -> 
  custom:framework-win-MediaFoundation: 216162199b28c13a410421893ffa2e32 -> 
  custom:SearchIndexIgnoredProperties: e643bd26f0fe6173181afceb89e7c659 -> 
  custom:container-demuxer-ogg: 62fdf1f143b41e24485cea50d1cbac27 -> 
  custom:video-decoder-webm-vp8: 9c59270c3fd7afecdb556c50c9e8de78 -> 
  custom:audio-decoder-ogg-vorbis: bf7c407c2cedff20999df2af8eb42d56 -> 
========================================================================
Received Import Request.
  Time since last request: 5.520144 seconds.
  path: Assets/CinemachineBlenderSettings.asset
  artifactKey: Guid(79f75be91fccb474cba7ed1f2e0bb312) Importer(815301076,1909f56bfc062723c751e8b465ee728b)
Start importing Assets/CinemachineBlenderSettings.asset using Guid(79f75be91fccb474cba7ed1f2e0bb312) Importer(815301076,1909f56bfc062723c751e8b465ee728b)  -> (artifact id: '720b8b1e4e14ab53aae3a3fa5670eb07') in 0.049036 seconds 
========================================================================
Received Import Request.
  Time since last request: 0.679810 seconds.
  path: Assets/CinemachineBlenderSettings.asset
  artifactKey: Guid(79f75be91fccb474cba7ed1f2e0bb312) Importer(2089858483,0ecaa5967403d082aa24f35e1b516d23)
Start importing Assets/CinemachineBlenderSettings.asset using Guid(79f75be91fccb474cba7ed1f2e0bb312) Importer(2089858483,0ecaa5967403d082aa24f35e1b516d23) Generated GUIDs only implemented for interfaces!
 -> (artifact id: '74389e0666e36a122cfa67eddfaec75b') in 0.063287 seconds 
========================================================================
Received Prepare
Registering precompiled user dll's ...
Registered in 0.009946 seconds.
Begin MonoManager ReloadAssembly
Symbol file LoadedFromMemory doesn't match image C:\Users\Hadi\RunGun\Library\PackageCache\com.unity.visualscripting@1.7.8\Editor\VisualScripting.Core\Dependencies\YamlDotNet\Unity.VisualScripting.YamlDotNet.dll
Symbol file LoadedFromMemory doesn't match image C:\Users\Hadi\RunGun\Library\PackageCache\com.unity.visualscripting@1.7.8\Editor\VisualScripting.Core\Dependencies\DotNetZip\Unity.VisualScripting.IonicZip.dll
Native extension for UWP target not found
Native extension for WindowsStandalone target not found
Native extension for WebGL target not found
Refreshing native plugins compatible for Editor in 1.52 ms, found 4 plugins.
Preloading 0 native plugins for Editor in 0.00 ms.
Mono: successfully reloaded assembly
- Completed reload, in  3.041 seconds
Domain Reload Profiling:
	ReloadAssembly (3043ms)
		BeginReloadAssembly (389ms)
			ExecutionOrderSort (0ms)
			DisableScriptedObjects (10ms)
			BackupInstance (0ms)
			ReleaseScriptingObjects (0ms)
			CreateAndSetChildDomain (62ms)
		EndReloadAssembly (2402ms)
			LoadAssemblies (373ms)
			RebuildTransferFunctionScriptingTraits (0ms)
			SetupTypeCache (742ms)
			ReleaseScriptCaches (3ms)
			RebuildScriptCaches (123ms)
			SetupLoadedEditorAssemblies (1090ms)
				LogAssemblyErrors (0ms)
				InitializePlatformSupportModulesInManaged (37ms)
				SetLoadedEditorAssemblies (2ms)
				RefreshPlugins (2ms)
				BeforeProcessingInitializeOnLoad (173ms)
				ProcessInitializeOnLoadAttributes (761ms)
				ProcessInitializeOnLoadMethodAttributes (97ms)
				AfterProcessingInitializeOnLoad (17ms)
				EditorAssembliesLoaded (1ms)
			ExecutionOrderSort2 (0ms)
			AwakeInstancesAfterBackupRestoration (23ms)
Platform modules already initialized, skipping
Refreshing native plugins compatible for Editor in 8.66 ms, found 4 plugins.
Preloading 0 native plugins for Editor in 0.00 ms.
Unloading 4205 Unused Serialized files (Serialized files now loaded: 0)
Unloading 33 unused Assets / (289.1 KB). Loaded Objects now: 4740.
Memory consumption went from 157.8 MB to 157.5 MB.
Total: 15.062000 ms (FindLiveObjects: 1.705600 ms CreateObjectMapping: 2.767700 ms MarkObjects: 10.217500 ms  DeleteObjects: 0.369600 ms)

AssetImportParameters requested are different than current active one (requested -> active):
  custom:video-decoder-ogg-theora: a1e56fd34408186e4bbccfd4996cb3dc -> 
  custom:container-muxer-webm: aa71ff27fc2769a1b78a27578f13a17b -> 
  custom:container-demuxer-webm: 4f35f7cbe854078d1ac9338744f61a02 -> 
  custom:video-encoder-webm-vp8: eb34c28f22e8b96e1ab97ce403110664 -> 
  custom:audio-encoder-webm-vorbis: bf7c407c2cedff20999df2af8eb42d56 -> 
  custom:framework-win-MediaFoundation: 216162199b28c13a410421893ffa2e32 -> 
  custom:SearchIndexIgnoredProperties: e643bd26f0fe6173181afceb89e7c659 -> 
  custom:container-demuxer-ogg: 62fdf1f143b41e24485cea50d1cbac27 -> 
  custom:video-decoder-webm-vp8: 9c59270c3fd7afecdb556c50c9e8de78 -> 
  custom:audio-decoder-ogg-vorbis: bf7c407c2cedff20999df2af8eb42d56 -> 
========================================================================
Received Prepare
Registering precompiled user dll's ...
Registered in 0.013938 seconds.
Begin MonoManager ReloadAssembly
Symbol file LoadedFromMemory doesn't match image C:\Users\Hadi\RunGun\Library\PackageCache\com.unity.visualscripting@1.7.8\Editor\VisualScripting.Core\Dependencies\YamlDotNet\Unity.VisualScripting.YamlDotNet.dll
Symbol file LoadedFromMemory doesn't match image C:\Users\Hadi\RunGun\Library\PackageCache\com.unity.visualscripting@1.7.8\Editor\VisualScripting.Core\Dependencies\DotNetZip\Unity.VisualScripting.IonicZip.dll
Native extension for UWP target not found
Native extension for WindowsStandalone target not found
Native extension for WebGL target not found
Refreshing native plugins compatible for Editor in 1.47 ms, found 4 plugins.
Preloading 0 native plugins for Editor in 0.00 ms.
Mono: successfully reloaded assembly
- Completed reload, in  3.185 seconds
Domain Reload Profiling:
	ReloadAssembly (3187ms)
		BeginReloadAssembly (408ms)
			ExecutionOrderSort (0ms)
			DisableScriptedObjects (55ms)
			BackupInstance (0ms)
			ReleaseScriptingObjects (0ms)
			CreateAndSetChildDomain (90ms)
		EndReloadAssembly (2532ms)
			LoadAssemblies (367ms)
			RebuildTransferFunctionScriptingTraits (0ms)
			SetupTypeCache (682ms)
			ReleaseScriptCaches (3ms)
			RebuildScriptCaches (123ms)
			SetupLoadedEditorAssemblies (1196ms)
				LogAssemblyErrors (0ms)
				InitializePlatformSupportModulesInManaged (85ms)
				SetLoadedEditorAssemblies (2ms)
				RefreshPlugins (2ms)
				BeforeProcessingInitializeOnLoad (291ms)
				ProcessInitializeOnLoadAttributes (651ms)
				ProcessInitializeOnLoadMethodAttributes (149ms)
				AfterProcessingInitializeOnLoad (16ms)
				EditorAssembliesLoaded (0ms)
			ExecutionOrderSort2 (0ms)
			AwakeInstancesAfterBackupRestoration (19ms)
Platform modules already initialized, skipping
Refreshing native plugins compatible for Editor in 6.54 ms, found 4 plugins.
Preloading 0 native plugins for Editor in 0.00 ms.
Unloading 4205 Unused Serialized files (Serialized files now loaded: 0)
Unloading 33 unused Assets / (289.4 KB). Loaded Objects now: 4755.
Memory consumption went from 157.8 MB to 157.5 MB.
Total: 8.547700 ms (FindLiveObjects: 1.358000 ms CreateObjectMapping: 1.048800 ms MarkObjects: 5.662500 ms  DeleteObjects: 0.477100 ms)

AssetImportParameters requested are different than current active one (requested -> active):
  custom:video-decoder-ogg-theora: a1e56fd34408186e4bbccfd4996cb3dc -> 
  custom:container-muxer-webm: aa71ff27fc2769a1b78a27578f13a17b -> 
  custom:container-demuxer-webm: 4f35f7cbe854078d1ac9338744f61a02 -> 
  custom:video-encoder-webm-vp8: eb34c28f22e8b96e1ab97ce403110664 -> 
  custom:audio-encoder-webm-vorbis: bf7c407c2cedff20999df2af8eb42d56 -> 
  custom:framework-win-MediaFoundation: 216162199b28c13a410421893ffa2e32 -> 
  custom:SearchIndexIgnoredProperties: e643bd26f0fe6173181afceb89e7c659 -> 
  custom:container-demuxer-ogg: 62fdf1f143b41e24485cea50d1cbac27 -> 
  custom:video-decoder-webm-vp8: 9c59270c3fd7afecdb556c50c9e8de78 -> 
  custom:audio-decoder-ogg-vorbis: bf7c407c2cedff20999df2af8eb42d56 -> 
========================================================================
Received Prepare
Registering precompiled user dll's ...
Registered in 0.009625 seconds.
Begin MonoManager ReloadAssembly
Symbol file LoadedFromMemory doesn't match image C:\Users\Hadi\RunGun\Library\PackageCache\com.unity.visualscripting@1.7.8\Editor\VisualScripting.Core\Dependencies\YamlDotNet\Unity.VisualScripting.YamlDotNet.dll
Symbol file LoadedFromMemory doesn't match image C:\Users\Hadi\RunGun\Library\PackageCache\com.unity.visualscripting@1.7.8\Editor\VisualScripting.Core\Dependencies\DotNetZip\Unity.VisualScripting.IonicZip.dll
Native extension for UWP target not found
Native extension for WindowsStandalone target not found
Native extension for WebGL target not found
Refreshing native plugins compatible for Editor in 2.59 ms, found 4 plugins.
Preloading 0 native plugins for Editor in 0.00 ms.
Mono: successfully reloaded assembly
- Completed reload, in  2.585 seconds
Domain Reload Profiling:
	ReloadAssembly (2586ms)
		BeginReloadAssembly (339ms)
			ExecutionOrderSort (0ms)
			DisableScriptedObjects (16ms)
			BackupInstance (0ms)
			ReleaseScriptingObjects (0ms)
			CreateAndSetChildDomain (94ms)
		EndReloadAssembly (1986ms)
			LoadAssemblies (297ms)
			RebuildTransferFunctionScriptingTraits (0ms)
			SetupTypeCache (593ms)
			ReleaseScriptCaches (6ms)
			RebuildScriptCaches (148ms)
			SetupLoadedEditorAssemblies (874ms)
				LogAssemblyErrors (0ms)
				InitializePlatformSupportModulesInManaged (39ms)
				SetLoadedEditorAssemblies (1ms)
				RefreshPlugins (3ms)
				BeforeProcessingInitializeOnLoad (175ms)
				ProcessInitializeOnLoadAttributes (548ms)
				ProcessInitializeOnLoadMethodAttributes (90ms)
				AfterProcessingInitializeOnLoad (18ms)
				EditorAssembliesLoaded (1ms)
			ExecutionOrderSort2 (0ms)
			AwakeInstancesAfterBackupRestoration (22ms)
Platform modules already initialized, skipping
Refreshing native plugins compatible for Editor in 6.93 ms, found 4 plugins.
Preloading 0 native plugins for Editor in 0.00 ms.
Unloading 4205 Unused Serialized files (Serialized files now loaded: 0)
Unloading 33 unused Assets / (289.3 KB). Loaded Objects now: 4770.
Memory consumption went from 157.8 MB to 157.5 MB.
Total: 7.789500 ms (FindLiveObjects: 0.701000 ms CreateObjectMapping: 2.289500 ms MarkObjects: 4.564500 ms  DeleteObjects: 0.232200 ms)

AssetImportParameters requested are different than current active one (requested -> active):
  custom:video-decoder-ogg-theora: a1e56fd34408186e4bbccfd4996cb3dc -> 
  custom:container-muxer-webm: aa71ff27fc2769a1b78a27578f13a17b -> 
  custom:container-demuxer-webm: 4f35f7cbe854078d1ac9338744f61a02 -> 
  custom:video-encoder-webm-vp8: eb34c28f22e8b96e1ab97ce403110664 -> 
  custom:audio-encoder-webm-vorbis: bf7c407c2cedff20999df2af8eb42d56 -> 
  custom:framework-win-MediaFoundation: 216162199b28c13a410421893ffa2e32 -> 
  custom:SearchIndexIgnoredProperties: e643bd26f0fe6173181afceb89e7c659 -> 
  custom:container-demuxer-ogg: 62fdf1f143b41e24485cea50d1cbac27 -> 
  custom:video-decoder-webm-vp8: 9c59270c3fd7afecdb556c50c9e8de78 -> 
  custom:audio-decoder-ogg-vorbis: bf7c407c2cedff20999df2af8eb42d56 -> 
========================================================================
Received Prepare
Registering precompiled user dll's ...
Registered in 0.016645 seconds.
Begin MonoManager ReloadAssembly
Symbol file LoadedFromMemory doesn't match image C:\Users\Hadi\RunGun\Library\PackageCache\com.unity.visualscripting@1.7.8\Editor\VisualScripting.Core\Dependencies\YamlDotNet\Unity.VisualScripting.YamlDotNet.dll
Symbol file LoadedFromMemory doesn't match image C:\Users\Hadi\RunGun\Library\PackageCache\com.unity.visualscripting@1.7.8\Editor\VisualScripting.Core\Dependencies\DotNetZip\Unity.VisualScripting.IonicZip.dll
Native extension for UWP target not found
Native extension for WindowsStandalone target not found
Native extension for WebGL target not found
Refreshing native plugins compatible for Editor in 1.46 ms, found 4 plugins.
Preloading 0 native plugins for Editor in 0.00 ms.
Mono: successfully reloaded assembly
- Completed reload, in  2.635 seconds
Domain Reload Profiling:
	ReloadAssembly (2639ms)
		BeginReloadAssembly (324ms)
			ExecutionOrderSort (0ms)
			DisableScriptedObjects (10ms)
			BackupInstance (0ms)
			ReleaseScriptingObjects (0ms)
			CreateAndSetChildDomain (86ms)
		EndReloadAssembly (2052ms)
			LoadAssemblies (256ms)
			RebuildTransferFunctionScriptingTraits (0ms)
			SetupTypeCache (614ms)
			ReleaseScriptCaches (4ms)
			RebuildScriptCaches (150ms)
			SetupLoadedEditorAssemblies (949ms)
				LogAssemblyErrors (0ms)
				InitializePlatformSupportModulesInManaged (38ms)
				SetLoadedEditorAssemblies (1ms)
				RefreshPlugins (2ms)
				BeforeProcessingInitializeOnLoad (171ms)
				ProcessInitializeOnLoadAttributes (612ms)
				ProcessInitializeOnLoadMethodAttributes (97ms)
				AfterProcessingInitializeOnLoad (27ms)
				EditorAssembliesLoaded (1ms)
			ExecutionOrderSort2 (0ms)
			AwakeInstancesAfterBackupRestoration (26ms)
Platform modules already initialized, skipping
Refreshing native plugins compatible for Editor in 6.47 ms, found 4 plugins.
Preloading 0 native plugins for Editor in 0.00 ms.
Unloading 4205 Unused Serialized files (Serialized files now loaded: 0)
Unloading 33 unused Assets / (289.0 KB). Loaded Objects now: 4785.
Memory consumption went from 157.8 MB to 157.5 MB.
Total: 8.164100 ms (FindLiveObjects: 0.616600 ms CreateObjectMapping: 0.347600 ms MarkObjects: 6.855400 ms  DeleteObjects: 0.342500 ms)

AssetImportParameters requested are different than current active one (requested -> active):
  custom:video-decoder-ogg-theora: a1e56fd34408186e4bbccfd4996cb3dc -> 
  custom:container-muxer-webm: aa71ff27fc2769a1b78a27578f13a17b -> 
  custom:container-demuxer-webm: 4f35f7cbe854078d1ac9338744f61a02 -> 
  custom:video-encoder-webm-vp8: eb34c28f22e8b96e1ab97ce403110664 -> 
  custom:audio-encoder-webm-vorbis: bf7c407c2cedff20999df2af8eb42d56 -> 
  custom:framework-win-MediaFoundation: 216162199b28c13a410421893ffa2e32 -> 
  custom:SearchIndexIgnoredProperties: e643bd26f0fe6173181afceb89e7c659 -> 
  custom:container-demuxer-ogg: 62fdf1f143b41e24485cea50d1cbac27 -> 
  custom:video-decoder-webm-vp8: 9c59270c3fd7afecdb556c50c9e8de78 -> 
  custom:audio-decoder-ogg-vorbis: bf7c407c2cedff20999df2af8eb42d56 -> 
========================================================================
Received Prepare
Registering precompiled user dll's ...
Registered in 0.009656 seconds.
Begin MonoManager ReloadAssembly
Symbol file LoadedFromMemory doesn't match image C:\Users\Hadi\RunGun\Library\PackageCache\com.unity.visualscripting@1.7.8\Editor\VisualScripting.Core\Dependencies\YamlDotNet\Unity.VisualScripting.YamlDotNet.dll
Symbol file LoadedFromMemory doesn't match image C:\Users\Hadi\RunGun\Library\PackageCache\com.unity.visualscripting@1.7.8\Editor\VisualScripting.Core\Dependencies\DotNetZip\Unity.VisualScripting.IonicZip.dll
Native extension for UWP target not found
Native extension for WindowsStandalone target not found
Native extension for WebGL target not found
Refreshing native plugins compatible for Editor in 1.29 ms, found 4 plugins.
Preloading 0 native plugins for Editor in 0.00 ms.
Mono: successfully reloaded assembly
- Completed reload, in  2.579 seconds
Domain Reload Profiling:
	ReloadAssembly (2581ms)
		BeginReloadAssembly (377ms)
			ExecutionOrderSort (0ms)
			DisableScriptedObjects (13ms)
			BackupInstance (0ms)
			ReleaseScriptingObjects (0ms)
			CreateAndSetChildDomain (157ms)
		EndReloadAssembly (1991ms)
			LoadAssemblies (231ms)
			RebuildTransferFunctionScriptingTraits (0ms)
			SetupTypeCache (642ms)
			ReleaseScriptCaches (7ms)
			RebuildScriptCaches (222ms)
			SetupLoadedEditorAssemblies (814ms)
				LogAssemblyErrors (0ms)
				InitializePlatformSupportModulesInManaged (33ms)
				SetLoadedEditorAssemblies (1ms)
				RefreshPlugins (1ms)
				BeforeProcessingInitializeOnLoad (147ms)
				ProcessInitializeOnLoadAttributes (541ms)
				ProcessInitializeOnLoadMethodAttributes (76ms)
				AfterProcessingInitializeOnLoad (14ms)
				EditorAssembliesLoaded (0ms)
			ExecutionOrderSort2 (0ms)
			AwakeInstancesAfterBackupRestoration (17ms)
Platform modules already initialized, skipping
Refreshing native plugins compatible for Editor in 6.41 ms, found 4 plugins.
Preloading 0 native plugins for Editor in 0.00 ms.
Unloading 4205 Unused Serialized files (Serialized files now loaded: 0)
Unloading 33 unused Assets / (289.0 KB). Loaded Objects now: 4800.
Memory consumption went from 157.8 MB to 157.6 MB.
Total: 7.125600 ms (FindLiveObjects: 0.615000 ms CreateObjectMapping: 0.797500 ms MarkObjects: 5.449400 ms  DeleteObjects: 0.262500 ms)

AssetImportParameters requested are different than current active one (requested -> active):
  custom:video-decoder-ogg-theora: a1e56fd34408186e4bbccfd4996cb3dc -> 
  custom:container-muxer-webm: aa71ff27fc2769a1b78a27578f13a17b -> 
  custom:container-demuxer-webm: 4f35f7cbe854078d1ac9338744f61a02 -> 
  custom:video-encoder-webm-vp8: eb34c28f22e8b96e1ab97ce403110664 -> 
  custom:audio-encoder-webm-vorbis: bf7c407c2cedff20999df2af8eb42d56 -> 
  custom:framework-win-MediaFoundation: 216162199b28c13a410421893ffa2e32 -> 
  custom:SearchIndexIgnoredProperties: e643bd26f0fe6173181afceb89e7c659 -> 
  custom:container-demuxer-ogg: 62fdf1f143b41e24485cea50d1cbac27 -> 
  custom:video-decoder-webm-vp8: 9c59270c3fd7afecdb556c50c9e8de78 -> 
  custom:audio-decoder-ogg-vorbis: bf7c407c2cedff20999df2af8eb42d56 -> 
========================================================================
Received Prepare
Registering precompiled user dll's ...
Registered in 0.019453 seconds.
Begin MonoManager ReloadAssembly
Symbol file LoadedFromMemory doesn't match image C:\Users\Hadi\RunGun\Library\PackageCache\com.unity.visualscripting@1.7.8\Editor\VisualScripting.Core\Dependencies\YamlDotNet\Unity.VisualScripting.YamlDotNet.dll
Symbol file LoadedFromMemory doesn't match image C:\Users\Hadi\RunGun\Library\PackageCache\com.unity.visualscripting@1.7.8\Editor\VisualScripting.Core\Dependencies\DotNetZip\Unity.VisualScripting.IonicZip.dll
Native extension for UWP target not found
Native extension for WindowsStandalone target not found
Native extension for WebGL target not found
Refreshing native plugins compatible for Editor in 1.39 ms, found 4 plugins.
Preloading 0 native plugins for Editor in 0.00 ms.
Mono: successfully reloaded assembly
- Completed reload, in  2.214 seconds
Domain Reload Profiling:
	ReloadAssembly (2215ms)
		BeginReloadAssembly (283ms)
			ExecutionOrderSort (0ms)
			DisableScriptedObjects (13ms)
			BackupInstance (0ms)
			ReleaseScriptingObjects (0ms)
			CreateAndSetChildDomain (92ms)
		EndReloadAssembly (1731ms)
			LoadAssemblies (208ms)
			RebuildTransferFunctionScriptingTraits (0ms)
			SetupTypeCache (543ms)
			ReleaseScriptCaches (3ms)
			RebuildScriptCaches (105ms)
			SetupLoadedEditorAssemblies (800ms)
				LogAssemblyErrors (0ms)
				InitializePlatformSupportModulesInManaged (32ms)
				SetLoadedEditorAssemblies (2ms)
				RefreshPlugins (2ms)
				BeforeProcessingInitializeOnLoad (156ms)
				ProcessInitializeOnLoadAttributes (516ms)
				ProcessInitializeOnLoadMethodAttributes (78ms)
				AfterProcessingInitializeOnLoad (14ms)
				EditorAssembliesLoaded (0ms)
			ExecutionOrderSort2 (0ms)
			AwakeInstancesAfterBackupRestoration (18ms)
Platform modules already initialized, skipping
Refreshing native plugins compatible for Editor in 4.35 ms, found 4 plugins.
Preloading 0 native plugins for Editor in 0.00 ms.
Unloading 4205 Unused Serialized files (Serialized files now loaded: 0)
Unloading 33 unused Assets / (289.0 KB). Loaded Objects now: 4815.
Memory consumption went from 157.8 MB to 157.6 MB.
Total: 7.377200 ms (FindLiveObjects: 0.838600 ms CreateObjectMapping: 1.503500 ms MarkObjects: 4.496500 ms  DeleteObjects: 0.536000 ms)

AssetImportParameters requested are different than current active one (requested -> active):
  custom:video-decoder-ogg-theora: a1e56fd34408186e4bbccfd4996cb3dc -> 
  custom:container-muxer-webm: aa71ff27fc2769a1b78a27578f13a17b -> 
  custom:container-demuxer-webm: 4f35f7cbe854078d1ac9338744f61a02 -> 
  custom:video-encoder-webm-vp8: eb34c28f22e8b96e1ab97ce403110664 -> 
  custom:audio-encoder-webm-vorbis: bf7c407c2cedff20999df2af8eb42d56 -> 
  custom:framework-win-MediaFoundation: 216162199b28c13a410421893ffa2e32 -> 
  custom:SearchIndexIgnoredProperties: e643bd26f0fe6173181afceb89e7c659 -> 
  custom:container-demuxer-ogg: 62fdf1f143b41e24485cea50d1cbac27 -> 
  custom:video-decoder-webm-vp8: 9c59270c3fd7afecdb556c50c9e8de78 -> 
  custom:audio-decoder-ogg-vorbis: bf7c407c2cedff20999df2af8eb42d56 -> 
========================================================================
Received Prepare
Registering precompiled user dll's ...
Registered in 0.009540 seconds.
Begin MonoManager ReloadAssembly
Symbol file LoadedFromMemory doesn't match image C:\Users\Hadi\RunGun\Library\PackageCache\com.unity.visualscripting@1.7.8\Editor\VisualScripting.Core\Dependencies\YamlDotNet\Unity.VisualScripting.YamlDotNet.dll
Symbol file LoadedFromMemory doesn't match image C:\Users\Hadi\RunGun\Library\PackageCache\com.unity.visualscripting@1.7.8\Editor\VisualScripting.Core\Dependencies\DotNetZip\Unity.VisualScripting.IonicZip.dll
Native extension for UWP target not found
Native extension for WindowsStandalone target not found
Native extension for WebGL target not found
Refreshing native plugins compatible for Editor in 1.43 ms, found 4 plugins.
Preloading 0 native plugins for Editor in 0.00 ms.
Mono: successfully reloaded assembly
- Completed reload, in  2.243 seconds
Domain Reload Profiling:
	ReloadAssembly (2245ms)
		BeginReloadAssembly (302ms)
			ExecutionOrderSort (0ms)
			DisableScriptedObjects (9ms)
			BackupInstance (0ms)
			ReleaseScriptingObjects (0ms)
			CreateAndSetChildDomain (95ms)
		EndReloadAssembly (1741ms)
			LoadAssemblies (201ms)
			RebuildTransferFunctionScriptingTraits (0ms)
			SetupTypeCache (542ms)
			ReleaseScriptCaches (2ms)
			RebuildScriptCaches (110ms)
			SetupLoadedEditorAssemblies (818ms)
				LogAssemblyErrors (0ms)
				InitializePlatformSupportModulesInManaged (31ms)
				SetLoadedEditorAssemblies (1ms)
				RefreshPlugins (2ms)
				BeforeProcessingInitializeOnLoad (155ms)
				ProcessInitializeOnLoadAttributes (528ms)
				ProcessInitializeOnLoadMethodAttributes (77ms)
				AfterProcessingInitializeOnLoad (24ms)
				EditorAssembliesLoaded (1ms)
			ExecutionOrderSort2 (0ms)
			AwakeInstancesAfterBackupRestoration (17ms)
Platform modules already initialized, skipping
Refreshing native plugins compatible for Editor in 6.09 ms, found 4 plugins.
Preloading 0 native plugins for Editor in 0.00 ms.
Unloading 4205 Unused Serialized files (Serialized files now loaded: 0)
Unloading 33 unused Assets / (289.2 KB). Loaded Objects now: 4830.
Memory consumption went from 157.9 MB to 157.6 MB.
Total: 7.202100 ms (FindLiveObjects: 0.579900 ms CreateObjectMapping: 0.344200 ms MarkObjects: 5.906000 ms  DeleteObjects: 0.370100 ms)

AssetImportParameters requested are different than current active one (requested -> active):
  custom:video-decoder-ogg-theora: a1e56fd34408186e4bbccfd4996cb3dc -> 
  custom:container-muxer-webm: aa71ff27fc2769a1b78a27578f13a17b -> 
  custom:container-demuxer-webm: 4f35f7cbe854078d1ac9338744f61a02 -> 
  custom:video-encoder-webm-vp8: eb34c28f22e8b96e1ab97ce403110664 -> 
  custom:audio-encoder-webm-vorbis: bf7c407c2cedff20999df2af8eb42d56 -> 
  custom:framework-win-MediaFoundation: 216162199b28c13a410421893ffa2e32 -> 
  custom:SearchIndexIgnoredProperties: e643bd26f0fe6173181afceb89e7c659 -> 
  custom:container-demuxer-ogg: 62fdf1f143b41e24485cea50d1cbac27 -> 
  custom:video-decoder-webm-vp8: 9c59270c3fd7afecdb556c50c9e8de78 -> 
  custom:audio-decoder-ogg-vorbis: bf7c407c2cedff20999df2af8eb42d56 -> 
========================================================================
Received Prepare
Registering precompiled user dll's ...
Registered in 0.009648 seconds.
Begin MonoManager ReloadAssembly
Symbol file LoadedFromMemory doesn't match image C:\Users\Hadi\RunGun\Library\PackageCache\com.unity.visualscripting@1.7.8\Editor\VisualScripting.Core\Dependencies\YamlDotNet\Unity.VisualScripting.YamlDotNet.dll
Symbol file LoadedFromMemory doesn't match image C:\Users\Hadi\RunGun\Library\PackageCache\com.unity.visualscripting@1.7.8\Editor\VisualScripting.Core\Dependencies\DotNetZip\Unity.VisualScripting.IonicZip.dll
Native extension for UWP target not found
Native extension for WindowsStandalone target not found
Native extension for WebGL target not found
Refreshing native plugins compatible for Editor in 1.33 ms, found 4 plugins.
Preloading 0 native plugins for Editor in 0.00 ms.
Mono: successfully reloaded assembly
- Completed reload, in  2.228 seconds
Domain Reload Profiling:
	ReloadAssembly (2229ms)
		BeginReloadAssembly (276ms)
			ExecutionOrderSort (0ms)
			DisableScriptedObjects (16ms)
			BackupInstance (0ms)
			ReleaseScriptingObjects (0ms)
			CreateAndSetChildDomain (79ms)
		EndReloadAssembly (1750ms)
			LoadAssemblies (217ms)
			RebuildTransferFunctionScriptingTraits (0ms)
			SetupTypeCache (552ms)
			ReleaseScriptCaches (4ms)
			RebuildScriptCaches (106ms)
			SetupLoadedEditorAssemblies (791ms)
				LogAssemblyErrors (0ms)
				InitializePlatformSupportModulesInManaged (32ms)
				SetLoadedEditorAssemblies (1ms)
				RefreshPlugins (1ms)
				BeforeProcessingInitializeOnLoad (149ms)
				ProcessInitializeOnLoadAttributes (517ms)
				ProcessInitializeOnLoadMethodAttributes (75ms)
				AfterProcessingInitializeOnLoad (15ms)
				EditorAssembliesLoaded (0ms)
			ExecutionOrderSort2 (0ms)
			AwakeInstancesAfterBackupRestoration (25ms)
Platform modules already initialized, skipping
Refreshing native plugins compatible for Editor in 4.76 ms, found 4 plugins.
Preloading 0 native plugins for Editor in 0.00 ms.
Unloading 4205 Unused Serialized files (Serialized files now loaded: 0)
Unloading 33 unused Assets / (289.1 KB). Loaded Objects now: 4845.
Memory consumption went from 157.9 MB to 157.6 MB.
Total: 7.544300 ms (FindLiveObjects: 0.636600 ms CreateObjectMapping: 0.707600 ms MarkObjects: 5.932800 ms  DeleteObjects: 0.265400 ms)

AssetImportParameters requested are different than current active one (requested -> active):
  custom:video-decoder-ogg-theora: a1e56fd34408186e4bbccfd4996cb3dc -> 
  custom:container-muxer-webm: aa71ff27fc2769a1b78a27578f13a17b -> 
  custom:container-demuxer-webm: 4f35f7cbe854078d1ac9338744f61a02 -> 
  custom:video-encoder-webm-vp8: eb34c28f22e8b96e1ab97ce403110664 -> 
  custom:audio-encoder-webm-vorbis: bf7c407c2cedff20999df2af8eb42d56 -> 
  custom:framework-win-MediaFoundation: 216162199b28c13a410421893ffa2e32 -> 
  custom:SearchIndexIgnoredProperties: e643bd26f0fe6173181afceb89e7c659 -> 
  custom:container-demuxer-ogg: 62fdf1f143b41e24485cea50d1cbac27 -> 
  custom:video-decoder-webm-vp8: 9c59270c3fd7afecdb556c50c9e8de78 -> 
  custom:audio-decoder-ogg-vorbis: bf7c407c2cedff20999df2af8eb42d56 -> 
========================================================================
Received Import Request.
  Time since last request: 3839.055719 seconds.
  path: Assets/Scripts/Enemy.cs
  artifactKey: Guid(a01169b5d28a20e44ba48f29ae85e645) Importer(815301076,1909f56bfc062723c751e8b465ee728b)
Start importing Assets/Scripts/Enemy.cs using Guid(a01169b5d28a20e44ba48f29ae85e645) Importer(815301076,1909f56bfc062723c751e8b465ee728b)  -> (artifact id: '3146bd08cec6036170b196017f082e7f') in 1.028962 seconds 
========================================================================
Received Prepare
Registering precompiled user dll's ...
Registered in 0.022169 seconds.
Begin MonoManager ReloadAssembly
Symbol file LoadedFromMemory doesn't match image C:\Users\Hadi\RunGun\Library\PackageCache\com.unity.visualscripting@1.7.8\Editor\VisualScripting.Core\Dependencies\YamlDotNet\Unity.VisualScripting.YamlDotNet.dll
Symbol file LoadedFromMemory doesn't match image C:\Users\Hadi\RunGun\Library\PackageCache\com.unity.visualscripting@1.7.8\Editor\VisualScripting.Core\Dependencies\DotNetZip\Unity.VisualScripting.IonicZip.dll
Native extension for UWP target not found
Native extension for WindowsStandalone target not found
Native extension for WebGL target not found
Refreshing native plugins compatible for Editor in 1.64 ms, found 4 plugins.
Preloading 0 native plugins for Editor in 0.00 ms.
Mono: successfully reloaded assembly
- Completed reload, in  1.736 seconds
Domain Reload Profiling:
	ReloadAssembly (1738ms)
		BeginReloadAssembly (358ms)
			ExecutionOrderSort (0ms)
			DisableScriptedObjects (26ms)
			BackupInstance (0ms)
			ReleaseScriptingObjects (0ms)
			CreateAndSetChildDomain (139ms)
		EndReloadAssembly (1236ms)
			LoadAssemblies (200ms)
			RebuildTransferFunctionScriptingTraits (0ms)
			SetupTypeCache (390ms)
			ReleaseScriptCaches (2ms)
			RebuildScriptCaches (69ms)
			SetupLoadedEditorAssemblies (565ms)
				LogAssemblyErrors (0ms)
				InitializePlatformSupportModulesInManaged (20ms)
				SetLoadedEditorAssemblies (1ms)
				RefreshPlugins (2ms)
				BeforeProcessingInitializeOnLoad (105ms)
				ProcessInitializeOnLoadAttributes (352ms)
				ProcessInitializeOnLoadMethodAttributes (70ms)
				AfterProcessingInitializeOnLoad (16ms)
				EditorAssembliesLoaded (0ms)
			ExecutionOrderSort2 (0ms)
			AwakeInstancesAfterBackupRestoration (14ms)
Platform modules already initialized, skipping
Refreshing native plugins compatible for Editor in 3.34 ms, found 4 plugins.
Preloading 0 native plugins for Editor in 0.00 ms.
Unloading 4205 Unused Serialized files (Serialized files now loaded: 0)
Unloading 33 unused Assets / (289.3 KB). Loaded Objects now: 4860.
Memory consumption went from 157.9 MB to 157.6 MB.
Total: 5.417500 ms (FindLiveObjects: 0.349800 ms CreateObjectMapping: 0.266500 ms MarkObjects: 4.564900 ms  DeleteObjects: 0.235200 ms)

AssetImportParameters requested are different than current active one (requested -> active):
  custom:video-decoder-ogg-theora: a1e56fd34408186e4bbccfd4996cb3dc -> 
  custom:container-muxer-webm: aa71ff27fc2769a1b78a27578f13a17b -> 
  custom:container-demuxer-webm: 4f35f7cbe854078d1ac9338744f61a02 -> 
  custom:video-encoder-webm-vp8: eb34c28f22e8b96e1ab97ce403110664 -> 
  custom:audio-encoder-webm-vorbis: bf7c407c2cedff20999df2af8eb42d56 -> 
  custom:framework-win-MediaFoundation: 216162199b28c13a410421893ffa2e32 -> 
  custom:SearchIndexIgnoredProperties: e643bd26f0fe6173181afceb89e7c659 -> 
  custom:container-demuxer-ogg: 62fdf1f143b41e24485cea50d1cbac27 -> 
  custom:video-decoder-webm-vp8: 9c59270c3fd7afecdb556c50c9e8de78 -> 
  custom:audio-decoder-ogg-vorbis: bf7c407c2cedff20999df2af8eb42d56 -> 
========================================================================
Received Import Request.
  Time since last request: 260.358577 seconds.
  path: Assets/Sprites/Enemies/Bomberfly/Idle.anim
  artifactKey: Guid(2afbdce7dcd9a6e48b310f48af32e1f2) Importer(815301076,1909f56bfc062723c751e8b465ee728b)
Start importing Assets/Sprites/Enemies/Bomberfly/Idle.anim using Guid(2afbdce7dcd9a6e48b310f48af32e1f2) Importer(815301076,1909f56bfc062723c751e8b465ee728b)  -> (artifact id: '9b22a416a9a94a91dbab81a55fa6cb1e') in 0.066983 seconds 
========================================================================
Received Import Request.
  Time since last request: 114.320422 seconds.
  path: Assets/Scripts/Bomberfly.cs
  artifactKey: Guid(437f4c13dd78fa845ae7b3abc58535a5) Importer(815301076,1909f56bfc062723c751e8b465ee728b)
Start importing Assets/Scripts/Bomberfly.cs using Guid(437f4c13dd78fa845ae7b3abc58535a5) Importer(815301076,1909f56bfc062723c751e8b465ee728b)  -> (artifact id: 'abc4e1bce66262018aad61845d877c2b') in 0.044476 seconds 
========================================================================
Received Prepare
Registering precompiled user dll's ...
Registered in 0.009521 seconds.
Begin MonoManager ReloadAssembly
Symbol file LoadedFromMemory doesn't match image C:\Users\Hadi\RunGun\Library\PackageCache\com.unity.visualscripting@1.7.8\Editor\VisualScripting.Core\Dependencies\YamlDotNet\Unity.VisualScripting.YamlDotNet.dll
Symbol file LoadedFromMemory doesn't match image C:\Users\Hadi\RunGun\Library\PackageCache\com.unity.visualscripting@1.7.8\Editor\VisualScripting.Core\Dependencies\DotNetZip\Unity.VisualScripting.IonicZip.dll
Native extension for UWP target not found
Native extension for WindowsStandalone target not found
Native extension for WebGL target not found
Refreshing native plugins compatible for Editor in 0.95 ms, found 4 plugins.
Preloading 0 native plugins for Editor in 0.00 ms.
Mono: successfully reloaded assembly
- Completed reload, in  1.460 seconds
Domain Reload Profiling:
	ReloadAssembly (1461ms)
		BeginReloadAssembly (183ms)
			ExecutionOrderSort (0ms)
			DisableScriptedObjects (9ms)
			BackupInstance (0ms)
			ReleaseScriptingObjects (0ms)
			CreateAndSetChildDomain (52ms)
		EndReloadAssembly (1089ms)
			LoadAssemblies (119ms)
			RebuildTransferFunctionScriptingTraits (0ms)
			SetupTypeCache (305ms)
			ReleaseScriptCaches (2ms)
			RebuildScriptCaches (61ms)
			SetupLoadedEditorAssemblies (549ms)
				LogAssemblyErrors (0ms)
				InitializePlatformSupportModulesInManaged (21ms)
				SetLoadedEditorAssemblies (1ms)
				RefreshPlugins (1ms)
				BeforeProcessingInitializeOnLoad (102ms)
				ProcessInitializeOnLoadAttributes (367ms)
				ProcessInitializeOnLoadMethodAttributes (48ms)
				AfterProcessingInitializeOnLoad (10ms)
				EditorAssembliesLoaded (0ms)
			ExecutionOrderSort2 (0ms)
			AwakeInstancesAfterBackupRestoration (11ms)
Platform modules already initialized, skipping
Refreshing native plugins compatible for Editor in 3.33 ms, found 4 plugins.
Preloading 0 native plugins for Editor in 0.00 ms.
Unloading 4206 Unused Serialized files (Serialized files now loaded: 0)
Unloading 33 unused Assets / (289.2 KB). Loaded Objects now: 4876.
Memory consumption went from 157.9 MB to 157.7 MB.
Total: 4.264100 ms (FindLiveObjects: 0.345200 ms CreateObjectMapping: 0.228200 ms MarkObjects: 3.458400 ms  DeleteObjects: 0.231200 ms)

AssetImportParameters requested are different than current active one (requested -> active):
  custom:video-decoder-ogg-theora: a1e56fd34408186e4bbccfd4996cb3dc -> 
  custom:container-muxer-webm: aa71ff27fc2769a1b78a27578f13a17b -> 
  custom:container-demuxer-webm: 4f35f7cbe854078d1ac9338744f61a02 -> 
  custom:video-encoder-webm-vp8: eb34c28f22e8b96e1ab97ce403110664 -> 
  custom:audio-encoder-webm-vorbis: bf7c407c2cedff20999df2af8eb42d56 -> 
  custom:framework-win-MediaFoundation: 216162199b28c13a410421893ffa2e32 -> 
  custom:SearchIndexIgnoredProperties: e643bd26f0fe6173181afceb89e7c659 -> 
  custom:container-demuxer-ogg: 62fdf1f143b41e24485cea50d1cbac27 -> 
  custom:video-decoder-webm-vp8: 9c59270c3fd7afecdb556c50c9e8de78 -> 
  custom:audio-decoder-ogg-vorbis: bf7c407c2cedff20999df2af8eb42d56 -> 
========================================================================
Received Prepare
Registering precompiled user dll's ...
Registered in 0.009678 seconds.
Begin MonoManager ReloadAssembly
Symbol file LoadedFromMemory doesn't match image C:\Users\Hadi\RunGun\Library\PackageCache\com.unity.visualscripting@1.7.8\Editor\VisualScripting.Core\Dependencies\YamlDotNet\Unity.VisualScripting.YamlDotNet.dll
Symbol file LoadedFromMemory doesn't match image C:\Users\Hadi\RunGun\Library\PackageCache\com.unity.visualscripting@1.7.8\Editor\VisualScripting.Core\Dependencies\DotNetZip\Unity.VisualScripting.IonicZip.dll
Native extension for UWP target not found
Native extension for WindowsStandalone target not found
Native extension for WebGL target not found
Refreshing native plugins compatible for Editor in 1.32 ms, found 4 plugins.
Preloading 0 native plugins for Editor in 0.00 ms.
Mono: successfully reloaded assembly
- Completed reload, in  2.925 seconds
Domain Reload Profiling:
	ReloadAssembly (2926ms)
		BeginReloadAssembly (418ms)
			ExecutionOrderSort (0ms)
			DisableScriptedObjects (21ms)
			BackupInstance (0ms)
			ReleaseScriptingObjects (0ms)
			CreateAndSetChildDomain (122ms)
		EndReloadAssembly (2260ms)
			LoadAssemblies (329ms)
			RebuildTransferFunctionScriptingTraits (0ms)
			SetupTypeCache (692ms)
			ReleaseScriptCaches (3ms)
			RebuildScriptCaches (108ms)
			SetupLoadedEditorAssemblies (1074ms)
				LogAssemblyErrors (0ms)
				InitializePlatformSupportModulesInManaged (34ms)
				SetLoadedEditorAssemblies (1ms)
				RefreshPlugins (2ms)
				BeforeProcessingInitializeOnLoad (250ms)
				ProcessInitializeOnLoadAttributes (687ms)
				ProcessInitializeOnLoadMethodAttributes (85ms)
				AfterProcessingInitializeOnLoad (14ms)
				EditorAssembliesLoaded (1ms)
			ExecutionOrderSort2 (0ms)
			AwakeInstancesAfterBackupRestoration (19ms)
Platform modules already initialized, skipping
Refreshing native plugins compatible for Editor in 7.31 ms, found 4 plugins.
Preloading 0 native plugins for Editor in 0.00 ms.
Unloading 4206 Unused Serialized files (Serialized files now loaded: 0)
Unloading 33 unused Assets / (289.2 KB). Loaded Objects now: 4891.
Memory consumption went from 158.0 MB to 157.7 MB.
Total: 19.012400 ms (FindLiveObjects: 1.916300 ms CreateObjectMapping: 3.659200 ms MarkObjects: 13.088200 ms  DeleteObjects: 0.347200 ms)

AssetImportParameters requested are different than current active one (requested -> active):
  custom:video-decoder-ogg-theora: a1e56fd34408186e4bbccfd4996cb3dc -> 
  custom:container-muxer-webm: aa71ff27fc2769a1b78a27578f13a17b -> 
  custom:container-demuxer-webm: 4f35f7cbe854078d1ac9338744f61a02 -> 
  custom:video-encoder-webm-vp8: eb34c28f22e8b96e1ab97ce403110664 -> 
  custom:audio-encoder-webm-vorbis: bf7c407c2cedff20999df2af8eb42d56 -> 
  custom:framework-win-MediaFoundation: 216162199b28c13a410421893ffa2e32 -> 
  custom:SearchIndexIgnoredProperties: e643bd26f0fe6173181afceb89e7c659 -> 
  custom:container-demuxer-ogg: 62fdf1f143b41e24485cea50d1cbac27 -> 
  custom:video-decoder-webm-vp8: 9c59270c3fd7afecdb556c50c9e8de78 -> 
  custom:audio-decoder-ogg-vorbis: bf7c407c2cedff20999df2af8eb42d56 -> 
========================================================================
Received Prepare
Registering precompiled user dll's ...
Registered in 0.010399 seconds.
Begin MonoManager ReloadAssembly
Symbol file LoadedFromMemory doesn't match image C:\Users\Hadi\RunGun\Library\PackageCache\com.unity.visualscripting@1.7.8\Editor\VisualScripting.Core\Dependencies\YamlDotNet\Unity.VisualScripting.YamlDotNet.dll
Symbol file LoadedFromMemory doesn't match image C:\Users\Hadi\RunGun\Library\PackageCache\com.unity.visualscripting@1.7.8\Editor\VisualScripting.Core\Dependencies\DotNetZip\Unity.VisualScripting.IonicZip.dll
Native extension for UWP target not found
Native extension for WindowsStandalone target not found
Native extension for WebGL target not found
Refreshing native plugins compatible for Editor in 3.31 ms, found 4 plugins.
Preloading 0 native plugins for Editor in 0.00 ms.
Mono: successfully reloaded assembly
- Completed reload, in  2.184 seconds
Domain Reload Profiling:
	ReloadAssembly (2186ms)
		BeginReloadAssembly (219ms)
			ExecutionOrderSort (0ms)
			DisableScriptedObjects (16ms)
			BackupInstance (0ms)
			ReleaseScriptingObjects (0ms)
			CreateAndSetChildDomain (48ms)
		EndReloadAssembly (1745ms)
			LoadAssemblies (191ms)
			RebuildTransferFunctionScriptingTraits (0ms)
			SetupTypeCache (526ms)
			ReleaseScriptCaches (4ms)
			RebuildScriptCaches (105ms)
			SetupLoadedEditorAssemblies (822ms)
				LogAssemblyErrors (0ms)
				InitializePlatformSupportModulesInManaged (35ms)
				SetLoadedEditorAssemblies (1ms)
				RefreshPlugins (4ms)
				BeforeProcessingInitializeOnLoad (159ms)
				ProcessInitializeOnLoadAttributes (517ms)
				ProcessInitializeOnLoadMethodAttributes (80ms)
				AfterProcessingInitializeOnLoad (27ms)
				EditorAssembliesLoaded (0ms)
			ExecutionOrderSort2 (0ms)
			AwakeInstancesAfterBackupRestoration (19ms)
Platform modules already initialized, skipping
Refreshing native plugins compatible for Editor in 5.99 ms, found 4 plugins.
Preloading 0 native plugins for Editor in 0.00 ms.
Unloading 4206 Unused Serialized files (Serialized files now loaded: 0)
Unloading 33 unused Assets / (289.3 KB). Loaded Objects now: 4906.
Memory consumption went from 158.0 MB to 157.7 MB.
Total: 7.762100 ms (FindLiveObjects: 0.680000 ms CreateObjectMapping: 0.479200 ms MarkObjects: 6.216600 ms  DeleteObjects: 0.384000 ms)

AssetImportParameters requested are different than current active one (requested -> active):
  custom:video-decoder-ogg-theora: a1e56fd34408186e4bbccfd4996cb3dc -> 
  custom:container-muxer-webm: aa71ff27fc2769a1b78a27578f13a17b -> 
  custom:container-demuxer-webm: 4f35f7cbe854078d1ac9338744f61a02 -> 
  custom:video-encoder-webm-vp8: eb34c28f22e8b96e1ab97ce403110664 -> 
  custom:audio-encoder-webm-vorbis: bf7c407c2cedff20999df2af8eb42d56 -> 
  custom:framework-win-MediaFoundation: 216162199b28c13a410421893ffa2e32 -> 
  custom:SearchIndexIgnoredProperties: e643bd26f0fe6173181afceb89e7c659 -> 
  custom:container-demuxer-ogg: 62fdf1f143b41e24485cea50d1cbac27 -> 
  custom:video-decoder-webm-vp8: 9c59270c3fd7afecdb556c50c9e8de78 -> 
  custom:audio-decoder-ogg-vorbis: bf7c407c2cedff20999df2af8eb42d56 -> 
========================================================================
Received Prepare
Registering precompiled user dll's ...
Registered in 0.009290 seconds.
Begin MonoManager ReloadAssembly
Symbol file LoadedFromMemory doesn't match image C:\Users\Hadi\RunGun\Library\PackageCache\com.unity.visualscripting@1.7.8\Editor\VisualScripting.Core\Dependencies\YamlDotNet\Unity.VisualScripting.YamlDotNet.dll
Symbol file LoadedFromMemory doesn't match image C:\Users\Hadi\RunGun\Library\PackageCache\com.unity.visualscripting@1.7.8\Editor\VisualScripting.Core\Dependencies\DotNetZip\Unity.VisualScripting.IonicZip.dll
Native extension for UWP target not found
Native extension for WindowsStandalone target not found
Native extension for WebGL target not found
Refreshing native plugins compatible for Editor in 1.52 ms, found 4 plugins.
Preloading 0 native plugins for Editor in 0.00 ms.
Mono: successfully reloaded assembly
- Completed reload, in  2.181 seconds
Domain Reload Profiling:
	ReloadAssembly (2184ms)
		BeginReloadAssembly (214ms)
			ExecutionOrderSort (0ms)
			DisableScriptedObjects (16ms)
			BackupInstance (0ms)
			ReleaseScriptingObjects (0ms)
			CreateAndSetChildDomain (45ms)
		EndReloadAssembly (1759ms)
			LoadAssemblies (207ms)
			RebuildTransferFunctionScriptingTraits (0ms)
			SetupTypeCache (521ms)
			ReleaseScriptCaches (3ms)
			RebuildScriptCaches (112ms)
			SetupLoadedEditorAssemblies (827ms)
				LogAssemblyErrors (0ms)
				InitializePlatformSupportModulesInManaged (34ms)
				SetLoadedEditorAssemblies (1ms)
				RefreshPlugins (2ms)
				BeforeProcessingInitializeOnLoad (151ms)
				ProcessInitializeOnLoadAttributes (537ms)
				ProcessInitializeOnLoadMethodAttributes (79ms)
				AfterProcessingInitializeOnLoad (23ms)
				EditorAssembliesLoaded (1ms)
			ExecutionOrderSort2 (0ms)
			AwakeInstancesAfterBackupRestoration (19ms)
Platform modules already initialized, skipping
Refreshing native plugins compatible for Editor in 4.53 ms, found 4 plugins.
Preloading 0 native plugins for Editor in 0.00 ms.
Unloading 4206 Unused Serialized files (Serialized files now loaded: 0)
Unloading 33 unused Assets / (289.4 KB). Loaded Objects now: 4921.
Memory consumption went from 158.0 MB to 157.7 MB.
Total: 5.540000 ms (FindLiveObjects: 0.381200 ms CreateObjectMapping: 0.273500 ms MarkObjects: 4.575100 ms  DeleteObjects: 0.309000 ms)

AssetImportParameters requested are different than current active one (requested -> active):
  custom:video-decoder-ogg-theora: a1e56fd34408186e4bbccfd4996cb3dc -> 
  custom:container-muxer-webm: aa71ff27fc2769a1b78a27578f13a17b -> 
  custom:container-demuxer-webm: 4f35f7cbe854078d1ac9338744f61a02 -> 
  custom:video-encoder-webm-vp8: eb34c28f22e8b96e1ab97ce403110664 -> 
  custom:audio-encoder-webm-vorbis: bf7c407c2cedff20999df2af8eb42d56 -> 
  custom:framework-win-MediaFoundation: 216162199b28c13a410421893ffa2e32 -> 
  custom:SearchIndexIgnoredProperties: e643bd26f0fe6173181afceb89e7c659 -> 
  custom:container-demuxer-ogg: 62fdf1f143b41e24485cea50d1cbac27 -> 
  custom:video-decoder-webm-vp8: 9c59270c3fd7afecdb556c50c9e8de78 -> 
  custom:audio-decoder-ogg-vorbis: bf7c407c2cedff20999df2af8eb42d56 -> 
========================================================================
Received Prepare
Registering precompiled user dll's ...
Registered in 0.009862 seconds.
Begin MonoManager ReloadAssembly
Symbol file LoadedFromMemory doesn't match image C:\Users\Hadi\RunGun\Library\PackageCache\com.unity.visualscripting@1.7.8\Editor\VisualScripting.Core\Dependencies\YamlDotNet\Unity.VisualScripting.YamlDotNet.dll
Symbol file LoadedFromMemory doesn't match image C:\Users\Hadi\RunGun\Library\PackageCache\com.unity.visualscripting@1.7.8\Editor\VisualScripting.Core\Dependencies\DotNetZip\Unity.VisualScripting.IonicZip.dll
Native extension for UWP target not found
Native extension for WindowsStandalone target not found
Native extension for WebGL target not found
Refreshing native plugins compatible for Editor in 1.50 ms, found 4 plugins.
Preloading 0 native plugins for Editor in 0.00 ms.
Mono: successfully reloaded assembly
- Completed reload, in  2.213 seconds
Domain Reload Profiling:
	ReloadAssembly (2214ms)
		BeginReloadAssembly (194ms)
			ExecutionOrderSort (0ms)
			DisableScriptedObjects (9ms)
			BackupInstance (0ms)
			ReleaseScriptingObjects (0ms)
			CreateAndSetChildDomain (42ms)
		EndReloadAssembly (1800ms)
			LoadAssemblies (188ms)
			RebuildTransferFunctionScriptingTraits (0ms)
			SetupTypeCache (536ms)
			ReleaseScriptCaches (3ms)
			RebuildScriptCaches (120ms)
			SetupLoadedEditorAssemblies (827ms)
				LogAssemblyErrors (0ms)
				InitializePlatformSupportModulesInManaged (37ms)
				SetLoadedEditorAssemblies (1ms)
				RefreshPlugins (2ms)
				BeforeProcessingInitializeOnLoad (151ms)
				ProcessInitializeOnLoadAttributes (536ms)
				ProcessInitializeOnLoadMethodAttributes (81ms)
				AfterProcessingInitializeOnLoad (19ms)
				EditorAssembliesLoaded (0ms)
			ExecutionOrderSort2 (0ms)
			AwakeInstancesAfterBackupRestoration (19ms)
Platform modules already initialized, skipping
Refreshing native plugins compatible for Editor in 4.62 ms, found 4 plugins.
Preloading 0 native plugins for Editor in 0.00 ms.
Unloading 4206 Unused Serialized files (Serialized files now loaded: 0)
Unloading 33 unused Assets / (289.3 KB). Loaded Objects now: 4936.
Memory consumption went from 158.0 MB to 157.7 MB.
Total: 8.274000 ms (FindLiveObjects: 0.904100 ms CreateObjectMapping: 2.262000 ms MarkObjects: 4.462000 ms  DeleteObjects: 0.642100 ms)

AssetImportParameters requested are different than current active one (requested -> active):
  custom:video-decoder-ogg-theora: a1e56fd34408186e4bbccfd4996cb3dc -> 
  custom:container-muxer-webm: aa71ff27fc2769a1b78a27578f13a17b -> 
  custom:container-demuxer-webm: 4f35f7cbe854078d1ac9338744f61a02 -> 
  custom:video-encoder-webm-vp8: eb34c28f22e8b96e1ab97ce403110664 -> 
  custom:audio-encoder-webm-vorbis: bf7c407c2cedff20999df2af8eb42d56 -> 
  custom:framework-win-MediaFoundation: 216162199b28c13a410421893ffa2e32 -> 
  custom:SearchIndexIgnoredProperties: e643bd26f0fe6173181afceb89e7c659 -> 
  custom:container-demuxer-ogg: 62fdf1f143b41e24485cea50d1cbac27 -> 
  custom:video-decoder-webm-vp8: 9c59270c3fd7afecdb556c50c9e8de78 -> 
  custom:audio-decoder-ogg-vorbis: bf7c407c2cedff20999df2af8eb42d56 -> 
========================================================================
Received Prepare
Registering precompiled user dll's ...
Registered in 0.009167 seconds.
Begin MonoManager ReloadAssembly
Symbol file LoadedFromMemory doesn't match image C:\Users\Hadi\RunGun\Library\PackageCache\com.unity.visualscripting@1.7.8\Editor\VisualScripting.Core\Dependencies\YamlDotNet\Unity.VisualScripting.YamlDotNet.dll
Symbol file LoadedFromMemory doesn't match image C:\Users\Hadi\RunGun\Library\PackageCache\com.unity.visualscripting@1.7.8\Editor\VisualScripting.Core\Dependencies\DotNetZip\Unity.VisualScripting.IonicZip.dll
Native extension for UWP target not found
Native extension for WindowsStandalone target not found
Native extension for WebGL target not found
Refreshing native plugins compatible for Editor in 0.89 ms, found 4 plugins.
Preloading 0 native plugins for Editor in 0.00 ms.
Mono: successfully reloaded assembly
- Completed reload, in  2.133 seconds
Domain Reload Profiling:
	ReloadAssembly (2134ms)
		BeginReloadAssembly (189ms)
			ExecutionOrderSort (0ms)
			DisableScriptedObjects (12ms)
			BackupInstance (0ms)
			ReleaseScriptingObjects (0ms)
			CreateAndSetChildDomain (52ms)
		EndReloadAssembly (1806ms)
			LoadAssemblies (166ms)
			RebuildTransferFunctionScriptingTraits (0ms)
			SetupTypeCache (533ms)
			ReleaseScriptCaches (5ms)
			RebuildScriptCaches (133ms)
			SetupLoadedEditorAssemblies (786ms)
				LogAssemblyErrors (0ms)
				InitializePlatformSupportModulesInManaged (27ms)
				SetLoadedEditorAssemblies (1ms)
				RefreshPlugins (1ms)
				BeforeProcessingInitializeOnLoad (137ms)
				ProcessInitializeOnLoadAttributes (525ms)
				ProcessInitializeOnLoadMethodAttributes (83ms)
				AfterProcessingInitializeOnLoad (13ms)
				EditorAssembliesLoaded (0ms)
			ExecutionOrderSort2 (0ms)
			AwakeInstancesAfterBackupRestoration (17ms)
Platform modules already initialized, skipping
Refreshing native plugins compatible for Editor in 3.23 ms, found 4 plugins.
Preloading 0 native plugins for Editor in 0.00 ms.
Unloading 4206 Unused Serialized files (Serialized files now loaded: 0)
Unloading 33 unused Assets / (289.2 KB). Loaded Objects now: 4951.
Memory consumption went from 158.1 MB to 157.8 MB.
Total: 7.985700 ms (FindLiveObjects: 0.678400 ms CreateObjectMapping: 2.442500 ms MarkObjects: 4.619300 ms  DeleteObjects: 0.244100 ms)

AssetImportParameters requested are different than current active one (requested -> active):
  custom:video-decoder-ogg-theora: a1e56fd34408186e4bbccfd4996cb3dc -> 
  custom:container-muxer-webm: aa71ff27fc2769a1b78a27578f13a17b -> 
  custom:container-demuxer-webm: 4f35f7cbe854078d1ac9338744f61a02 -> 
  custom:video-encoder-webm-vp8: eb34c28f22e8b96e1ab97ce403110664 -> 
  custom:audio-encoder-webm-vorbis: bf7c407c2cedff20999df2af8eb42d56 -> 
  custom:framework-win-MediaFoundation: 216162199b28c13a410421893ffa2e32 -> 
  custom:SearchIndexIgnoredProperties: e643bd26f0fe6173181afceb89e7c659 -> 
  custom:container-demuxer-ogg: 62fdf1f143b41e24485cea50d1cbac27 -> 
  custom:video-decoder-webm-vp8: 9c59270c3fd7afecdb556c50c9e8de78 -> 
  custom:audio-decoder-ogg-vorbis: bf7c407c2cedff20999df2af8eb42d56 -> 
========================================================================
Received Prepare
Registering precompiled user dll's ...
Registered in 0.010936 seconds.
Begin MonoManager ReloadAssembly
Symbol file LoadedFromMemory doesn't match image C:\Users\Hadi\RunGun\Library\PackageCache\com.unity.visualscripting@1.7.8\Editor\VisualScripting.Core\Dependencies\YamlDotNet\Unity.VisualScripting.YamlDotNet.dll
Symbol file LoadedFromMemory doesn't match image C:\Users\Hadi\RunGun\Library\PackageCache\com.unity.visualscripting@1.7.8\Editor\VisualScripting.Core\Dependencies\DotNetZip\Unity.VisualScripting.IonicZip.dll
Native extension for UWP target not found
Native extension for WindowsStandalone target not found
Native extension for WebGL target not found
Refreshing native plugins compatible for Editor in 1.14 ms, found 4 plugins.
Preloading 0 native plugins for Editor in 0.00 ms.
Mono: successfully reloaded assembly
- Completed reload, in  2.403 seconds
Domain Reload Profiling:
	ReloadAssembly (2404ms)
		BeginReloadAssembly (340ms)
			ExecutionOrderSort (0ms)
			DisableScriptedObjects (14ms)
			BackupInstance (0ms)
			ReleaseScriptingObjects (0ms)
			CreateAndSetChildDomain (70ms)
		EndReloadAssembly (1871ms)
			LoadAssemblies (288ms)
			RebuildTransferFunctionScriptingTraits (0ms)
			SetupTypeCache (553ms)
			ReleaseScriptCaches (3ms)
			RebuildScriptCaches (100ms)
			SetupLoadedEditorAssemblies (930ms)
				LogAssemblyErrors (0ms)
				InitializePlatformSupportModulesInManaged (30ms)
				SetLoadedEditorAssemblies (1ms)
				RefreshPlugins (1ms)
				BeforeProcessingInitializeOnLoad (163ms)
				ProcessInitializeOnLoadAttributes (573ms)
				ProcessInitializeOnLoadMethodAttributes (145ms)
				AfterProcessingInitializeOnLoad (17ms)
				EditorAssembliesLoaded (0ms)
			ExecutionOrderSort2 (0ms)
			AwakeInstancesAfterBackupRestoration (23ms)
Platform modules already initialized, skipping
Refreshing native plugins compatible for Editor in 3.77 ms, found 4 plugins.
Preloading 0 native plugins for Editor in 0.00 ms.
Unloading 4206 Unused Serialized files (Serialized files now loaded: 0)
Unloading 33 unused Assets / (289.1 KB). Loaded Objects now: 4966.
Memory consumption went from 158.1 MB to 157.8 MB.
Total: 11.406900 ms (FindLiveObjects: 1.093600 ms CreateObjectMapping: 2.219300 ms MarkObjects: 7.347000 ms  DeleteObjects: 0.744700 ms)

AssetImportParameters requested are different than current active one (requested -> active):
  custom:video-decoder-ogg-theora: a1e56fd34408186e4bbccfd4996cb3dc -> 
  custom:container-muxer-webm: aa71ff27fc2769a1b78a27578f13a17b -> 
  custom:container-demuxer-webm: 4f35f7cbe854078d1ac9338744f61a02 -> 
  custom:video-encoder-webm-vp8: eb34c28f22e8b96e1ab97ce403110664 -> 
  custom:audio-encoder-webm-vorbis: bf7c407c2cedff20999df2af8eb42d56 -> 
  custom:framework-win-MediaFoundation: 216162199b28c13a410421893ffa2e32 -> 
  custom:SearchIndexIgnoredProperties: e643bd26f0fe6173181afceb89e7c659 -> 
  custom:container-demuxer-ogg: 62fdf1f143b41e24485cea50d1cbac27 -> 
  custom:video-decoder-webm-vp8: 9c59270c3fd7afecdb556c50c9e8de78 -> 
  custom:audio-decoder-ogg-vorbis: bf7c407c2cedff20999df2af8eb42d56 -> 
========================================================================
Received Prepare
Registering precompiled user dll's ...
Registered in 0.009574 seconds.
Begin MonoManager ReloadAssembly
Symbol file LoadedFromMemory doesn't match image C:\Users\Hadi\RunGun\Library\PackageCache\com.unity.visualscripting@1.7.8\Editor\VisualScripting.Core\Dependencies\YamlDotNet\Unity.VisualScripting.YamlDotNet.dll
Symbol file LoadedFromMemory doesn't match image C:\Users\Hadi\RunGun\Library\PackageCache\com.unity.visualscripting@1.7.8\Editor\VisualScripting.Core\Dependencies\DotNetZip\Unity.VisualScripting.IonicZip.dll
Native extension for UWP target not found
Native extension for WindowsStandalone target not found
Native extension for WebGL target not found
Refreshing native plugins compatible for Editor in 1.01 ms, found 4 plugins.
Preloading 0 native plugins for Editor in 0.00 ms.
Mono: successfully reloaded assembly
- Completed reload, in  2.339 seconds
Domain Reload Profiling:
	ReloadAssembly (2340ms)
		BeginReloadAssembly (349ms)
			ExecutionOrderSort (0ms)
			DisableScriptedObjects (8ms)
			BackupInstance (0ms)
			ReleaseScriptingObjects (0ms)
			CreateAndSetChildDomain (135ms)
		EndReloadAssembly (1795ms)
			LoadAssemblies (216ms)
			RebuildTransferFunctionScriptingTraits (0ms)
			SetupTypeCache (579ms)
			ReleaseScriptCaches (2ms)
			RebuildScriptCaches (93ms)
			SetupLoadedEditorAssemblies (863ms)
				LogAssemblyErrors (0ms)
				InitializePlatformSupportModulesInManaged (27ms)
				SetLoadedEditorAssemblies (1ms)
				RefreshPlugins (1ms)
				BeforeProcessingInitializeOnLoad (244ms)
				ProcessInitializeOnLoadAttributes (505ms)
				ProcessInitializeOnLoadMethodAttributes (72ms)
				AfterProcessingInitializeOnLoad (13ms)
				EditorAssembliesLoaded (0ms)
			ExecutionOrderSort2 (0ms)
			AwakeInstancesAfterBackupRestoration (17ms)
Platform modules already initialized, skipping
Refreshing native plugins compatible for Editor in 4.40 ms, found 4 plugins.
Preloading 0 native plugins for Editor in 0.00 ms.
Unloading 4206 Unused Serialized files (Serialized files now loaded: 0)
Unloading 33 unused Assets / (289.1 KB). Loaded Objects now: 4981.
Memory consumption went from 158.1 MB to 157.8 MB.
Total: 5.383200 ms (FindLiveObjects: 0.393500 ms CreateObjectMapping: 0.283900 ms MarkObjects: 4.385800 ms  DeleteObjects: 0.318700 ms)

AssetImportParameters requested are different than current active one (requested -> active):
  custom:video-decoder-ogg-theora: a1e56fd34408186e4bbccfd4996cb3dc -> 
  custom:container-muxer-webm: aa71ff27fc2769a1b78a27578f13a17b -> 
  custom:container-demuxer-webm: 4f35f7cbe854078d1ac9338744f61a02 -> 
  custom:video-encoder-webm-vp8: eb34c28f22e8b96e1ab97ce403110664 -> 
  custom:audio-encoder-webm-vorbis: bf7c407c2cedff20999df2af8eb42d56 -> 
  custom:framework-win-MediaFoundation: 216162199b28c13a410421893ffa2e32 -> 
  custom:SearchIndexIgnoredProperties: e643bd26f0fe6173181afceb89e7c659 -> 
  custom:container-demuxer-ogg: 62fdf1f143b41e24485cea50d1cbac27 -> 
  custom:video-decoder-webm-vp8: 9c59270c3fd7afecdb556c50c9e8de78 -> 
  custom:audio-decoder-ogg-vorbis: bf7c407c2cedff20999df2af8eb42d56 -> 
========================================================================
Received Prepare
Registering precompiled user dll's ...
Registered in 0.009409 seconds.
Begin MonoManager ReloadAssembly
Symbol file LoadedFromMemory doesn't match image C:\Users\Hadi\RunGun\Library\PackageCache\com.unity.visualscripting@1.7.8\Editor\VisualScripting.Core\Dependencies\YamlDotNet\Unity.VisualScripting.YamlDotNet.dll
Symbol file LoadedFromMemory doesn't match image C:\Users\Hadi\RunGun\Library\PackageCache\com.unity.visualscripting@1.7.8\Editor\VisualScripting.Core\Dependencies\DotNetZip\Unity.VisualScripting.IonicZip.dll
Native extension for UWP target not found
Native extension for WindowsStandalone target not found
Native extension for WebGL target not found
Refreshing native plugins compatible for Editor in 0.83 ms, found 4 plugins.
Preloading 0 native plugins for Editor in 0.00 ms.
Mono: successfully reloaded assembly
- Completed reload, in  1.384 seconds
Domain Reload Profiling:
	ReloadAssembly (1385ms)
		BeginReloadAssembly (225ms)
			ExecutionOrderSort (0ms)
			DisableScriptedObjects (8ms)
			BackupInstance (0ms)
			ReleaseScriptingObjects (0ms)
			CreateAndSetChildDomain (68ms)
		EndReloadAssembly (1016ms)
			LoadAssemblies (155ms)
			RebuildTransferFunctionScriptingTraits (0ms)
			SetupTypeCache (296ms)
			ReleaseScriptCaches (2ms)
			RebuildScriptCaches (59ms)
			SetupLoadedEditorAssemblies (494ms)
				LogAssemblyErrors (0ms)
				InitializePlatformSupportModulesInManaged (18ms)
				SetLoadedEditorAssemblies (1ms)
				RefreshPlugins (1ms)
				BeforeProcessingInitializeOnLoad (98ms)
				ProcessInitializeOnLoadAttributes (315ms)
				ProcessInitializeOnLoadMethodAttributes (50ms)
				AfterProcessingInitializeOnLoad (11ms)
				EditorAssembliesLoaded (0ms)
			ExecutionOrderSort2 (0ms)
			AwakeInstancesAfterBackupRestoration (11ms)
Platform modules already initialized, skipping
Refreshing native plugins compatible for Editor in 4.49 ms, found 4 plugins.
Preloading 0 native plugins for Editor in 0.00 ms.
Unloading 4206 Unused Serialized files (Serialized files now loaded: 0)
Unloading 33 unused Assets / (289.1 KB). Loaded Objects now: 4996.
Memory consumption went from 158.1 MB to 157.8 MB.
Total: 6.114500 ms (FindLiveObjects: 0.698800 ms CreateObjectMapping: 0.439100 ms MarkObjects: 4.625300 ms  DeleteObjects: 0.349100 ms)

AssetImportParameters requested are different than current active one (requested -> active):
  custom:video-decoder-ogg-theora: a1e56fd34408186e4bbccfd4996cb3dc -> 
  custom:container-muxer-webm: aa71ff27fc2769a1b78a27578f13a17b -> 
  custom:container-demuxer-webm: 4f35f7cbe854078d1ac9338744f61a02 -> 
  custom:video-encoder-webm-vp8: eb34c28f22e8b96e1ab97ce403110664 -> 
  custom:audio-encoder-webm-vorbis: bf7c407c2cedff20999df2af8eb42d56 -> 
  custom:framework-win-MediaFoundation: 216162199b28c13a410421893ffa2e32 -> 
  custom:SearchIndexIgnoredProperties: e643bd26f0fe6173181afceb89e7c659 -> 
  custom:container-demuxer-ogg: 62fdf1f143b41e24485cea50d1cbac27 -> 
  custom:video-decoder-webm-vp8: 9c59270c3fd7afecdb556c50c9e8de78 -> 
  custom:audio-decoder-ogg-vorbis: bf7c407c2cedff20999df2af8eb42d56 -> 
========================================================================
Received Prepare
Registering precompiled user dll's ...
Registered in 0.009744 seconds.
Begin MonoManager ReloadAssembly
Symbol file LoadedFromMemory doesn't match image C:\Users\Hadi\RunGun\Library\PackageCache\com.unity.visualscripting@1.7.8\Editor\VisualScripting.Core\Dependencies\YamlDotNet\Unity.VisualScripting.YamlDotNet.dll
Symbol file LoadedFromMemory doesn't match image C:\Users\Hadi\RunGun\Library\PackageCache\com.unity.visualscripting@1.7.8\Editor\VisualScripting.Core\Dependencies\DotNetZip\Unity.VisualScripting.IonicZip.dll
Native extension for UWP target not found
Native extension for WindowsStandalone target not found
Native extension for WebGL target not found
Refreshing native plugins compatible for Editor in 2.47 ms, found 4 plugins.
Preloading 0 native plugins for Editor in 0.00 ms.
Mono: successfully reloaded assembly
- Completed reload, in  1.992 seconds
Domain Reload Profiling:
	ReloadAssembly (1993ms)
		BeginReloadAssembly (190ms)
			ExecutionOrderSort (0ms)
			DisableScriptedObjects (8ms)
			BackupInstance (0ms)
			ReleaseScriptingObjects (0ms)
			CreateAndSetChildDomain (62ms)
		EndReloadAssembly (1593ms)
			LoadAssemblies (163ms)
			RebuildTransferFunctionScriptingTraits (0ms)
			SetupTypeCache (453ms)
			ReleaseScriptCaches (3ms)
			RebuildScriptCaches (106ms)
			SetupLoadedEditorAssemblies (729ms)
				LogAssemblyErrors (0ms)
				InitializePlatformSupportModulesInManaged (28ms)
				SetLoadedEditorAssemblies (1ms)
				RefreshPlugins (3ms)
				BeforeProcessingInitializeOnLoad (141ms)
				ProcessInitializeOnLoadAttributes (465ms)
				ProcessInitializeOnLoadMethodAttributes (77ms)
				AfterProcessingInitializeOnLoad (14ms)
				EditorAssembliesLoaded (0ms)
			ExecutionOrderSort2 (0ms)
			AwakeInstancesAfterBackupRestoration (18ms)
Platform modules already initialized, skipping
Refreshing native plugins compatible for Editor in 4.84 ms, found 4 plugins.
Preloading 0 native plugins for Editor in 0.00 ms.
Unloading 4206 Unused Serialized files (Serialized files now loaded: 0)
Unloading 33 unused Assets / (289.0 KB). Loaded Objects now: 5011.
Memory consumption went from 158.1 MB to 157.8 MB.
Total: 5.947000 ms (FindLiveObjects: 0.398700 ms CreateObjectMapping: 0.448100 ms MarkObjects: 4.595800 ms  DeleteObjects: 0.503100 ms)

AssetImportParameters requested are different than current active one (requested -> active):
  custom:video-decoder-ogg-theora: a1e56fd34408186e4bbccfd4996cb3dc -> 
  custom:container-muxer-webm: aa71ff27fc2769a1b78a27578f13a17b -> 
  custom:container-demuxer-webm: 4f35f7cbe854078d1ac9338744f61a02 -> 
  custom:video-encoder-webm-vp8: eb34c28f22e8b96e1ab97ce403110664 -> 
  custom:audio-encoder-webm-vorbis: bf7c407c2cedff20999df2af8eb42d56 -> 
  custom:framework-win-MediaFoundation: 216162199b28c13a410421893ffa2e32 -> 
  custom:SearchIndexIgnoredProperties: e643bd26f0fe6173181afceb89e7c659 -> 
  custom:container-demuxer-ogg: 62fdf1f143b41e24485cea50d1cbac27 -> 
  custom:video-decoder-webm-vp8: 9c59270c3fd7afecdb556c50c9e8de78 -> 
  custom:audio-decoder-ogg-vorbis: bf7c407c2cedff20999df2af8eb42d56 -> 
========================================================================
Received Import Request.
  Time since last request: 3098.267375 seconds.
  path: Assets/Materials
  artifactKey: Guid(c47a3aaab28a135498a2cfe19f70afca) Importer(815301076,1909f56bfc062723c751e8b465ee728b)
Start importing Assets/Materials using Guid(c47a3aaab28a135498a2cfe19f70afca) Importer(815301076,1909f56bfc062723c751e8b465ee728b)  -> (artifact id: '69b896c85ea9b9f3fc92cb02c9437290') in 0.263384 seconds 
========================================================================
Received Import Request.
  Time since last request: 34.205904 seconds.
  path: Assets/Materials/New Physics Material 2D.physicsMaterial2D
  artifactKey: Guid(17917681254da6442b21f23a498d4229) Importer(815301076,1909f56bfc062723c751e8b465ee728b)
Start importing Assets/Materials/New Physics Material 2D.physicsMaterial2D using Guid(17917681254da6442b21f23a498d4229) Importer(815301076,1909f56bfc062723c751e8b465ee728b)  -> (artifact id: '92afeb689cb8230c43579a110d5b1b07') in 0.040300 seconds 
========================================================================
Received Import Request.
  Time since last request: 46.683096 seconds.
  path: Assets/Materials/Bounce.physicsMaterial2D
  artifactKey: Guid(17917681254da6442b21f23a498d4229) Importer(815301076,1909f56bfc062723c751e8b465ee728b)
Start importing Assets/Materials/Bounce.physicsMaterial2D using Guid(17917681254da6442b21f23a498d4229) Importer(815301076,1909f56bfc062723c751e8b465ee728b)  -> (artifact id: 'c0f9b162723230fa3931728b30e8497b') in 0.022930 seconds 
========================================================================
Received Import Request.
  Time since last request: 50.978269 seconds.
  path: Assets/Materials/Bouncy.physicsMaterial2D
  artifactKey: Guid(17917681254da6442b21f23a498d4229) Importer(815301076,1909f56bfc062723c751e8b465ee728b)
Start importing Assets/Materials/Bouncy.physicsMaterial2D using Guid(17917681254da6442b21f23a498d4229) Importer(815301076,1909f56bfc062723c751e8b465ee728b)  -> (artifact id: 'bde4fd5b3b0f73dcb8c1bfbd82f426b4') in 0.012117 seconds 
========================================================================
Received Import Request.
  Time since last request: 14.929441 seconds.
  path: Assets/Materials/Bounce.physicsMaterial2D
  artifactKey: Guid(17917681254da6442b21f23a498d4229) Importer(815301076,1909f56bfc062723c751e8b465ee728b)
Start importing Assets/Materials/Bounce.physicsMaterial2D using Guid(17917681254da6442b21f23a498d4229) Importer(815301076,1909f56bfc062723c751e8b465ee728b)  -> (artifact id: '7de1ae93f270811b0d1f9930ffa81d70') in 0.003652 seconds 
========================================================================
Received Prepare
Registering precompiled user dll's ...
Registered in 0.010671 seconds.
Begin MonoManager ReloadAssembly
Symbol file LoadedFromMemory doesn't match image C:\Users\Hadi\RunGun\Library\PackageCache\com.unity.visualscripting@1.7.8\Editor\VisualScripting.Core\Dependencies\YamlDotNet\Unity.VisualScripting.YamlDotNet.dll
Symbol file LoadedFromMemory doesn't match image C:\Users\Hadi\RunGun\Library\PackageCache\com.unity.visualscripting@1.7.8\Editor\VisualScripting.Core\Dependencies\DotNetZip\Unity.VisualScripting.IonicZip.dll
Native extension for UWP target not found
Native extension for WindowsStandalone target not found
Native extension for WebGL target not found
Refreshing native plugins compatible for Editor in 2.17 ms, found 4 plugins.
Preloading 0 native plugins for Editor in 0.00 ms.
Mono: successfully reloaded assembly
- Completed reload, in  2.669 seconds
Domain Reload Profiling:
	ReloadAssembly (2670ms)
		BeginReloadAssembly (535ms)
			ExecutionOrderSort (0ms)
			DisableScriptedObjects (18ms)
			BackupInstance (0ms)
			ReleaseScriptingObjects (0ms)
			CreateAndSetChildDomain (237ms)
		EndReloadAssembly (1914ms)
			LoadAssemblies (283ms)
			RebuildTransferFunctionScriptingTraits (0ms)
			SetupTypeCache (619ms)
			ReleaseScriptCaches (3ms)
			RebuildScriptCaches (108ms)
			SetupLoadedEditorAssemblies (872ms)
				LogAssemblyErrors (0ms)
				InitializePlatformSupportModulesInManaged (51ms)
				SetLoadedEditorAssemblies (2ms)
				RefreshPlugins (2ms)
				BeforeProcessingInitializeOnLoad (158ms)
				ProcessInitializeOnLoadAttributes (539ms)
				ProcessInitializeOnLoadMethodAttributes (98ms)
				AfterProcessingInitializeOnLoad (21ms)
				EditorAssembliesLoaded (0ms)
			ExecutionOrderSort2 (0ms)
			AwakeInstancesAfterBackupRestoration (19ms)
Platform modules already initialized, skipping
Refreshing native plugins compatible for Editor in 4.79 ms, found 4 plugins.
Preloading 0 native plugins for Editor in 0.00 ms.
Unloading 4206 Unused Serialized files (Serialized files now loaded: 0)
Unloading 33 unused Assets / (289.3 KB). Loaded Objects now: 5026.
Memory consumption went from 158.2 MB to 157.9 MB.
Total: 8.698600 ms (FindLiveObjects: 1.175800 ms CreateObjectMapping: 0.805700 ms MarkObjects: 6.057500 ms  DeleteObjects: 0.656700 ms)

AssetImportParameters requested are different than current active one (requested -> active):
  custom:video-decoder-ogg-theora: a1e56fd34408186e4bbccfd4996cb3dc -> 
  custom:container-muxer-webm: aa71ff27fc2769a1b78a27578f13a17b -> 
  custom:container-demuxer-webm: 4f35f7cbe854078d1ac9338744f61a02 -> 
  custom:video-encoder-webm-vp8: eb34c28f22e8b96e1ab97ce403110664 -> 
  custom:audio-encoder-webm-vorbis: bf7c407c2cedff20999df2af8eb42d56 -> 
  custom:framework-win-MediaFoundation: 216162199b28c13a410421893ffa2e32 -> 
  custom:SearchIndexIgnoredProperties: e643bd26f0fe6173181afceb89e7c659 -> 
  custom:container-demuxer-ogg: 62fdf1f143b41e24485cea50d1cbac27 -> 
  custom:video-decoder-webm-vp8: 9c59270c3fd7afecdb556c50c9e8de78 -> 
  custom:audio-decoder-ogg-vorbis: bf7c407c2cedff20999df2af8eb42d56 -> 
========================================================================
Received Prepare
Registering precompiled user dll's ...
Registered in 0.008978 seconds.
Begin MonoManager ReloadAssembly
Symbol file LoadedFromMemory doesn't match image C:\Users\Hadi\RunGun\Library\PackageCache\com.unity.visualscripting@1.7.8\Editor\VisualScripting.Core\Dependencies\YamlDotNet\Unity.VisualScripting.YamlDotNet.dll
Symbol file LoadedFromMemory doesn't match image C:\Users\Hadi\RunGun\Library\PackageCache\com.unity.visualscripting@1.7.8\Editor\VisualScripting.Core\Dependencies\DotNetZip\Unity.VisualScripting.IonicZip.dll
Native extension for UWP target not found
Native extension for WindowsStandalone target not found
Native extension for WebGL target not found
Refreshing native plugins compatible for Editor in 1.36 ms, found 4 plugins.
Preloading 0 native plugins for Editor in 0.00 ms.
Mono: successfully reloaded assembly
- Completed reload, in  2.212 seconds
Domain Reload Profiling:
	ReloadAssembly (2214ms)
		BeginReloadAssembly (205ms)
			ExecutionOrderSort (0ms)
			DisableScriptedObjects (10ms)
			BackupInstance (0ms)
			ReleaseScriptingObjects (0ms)
			CreateAndSetChildDomain (56ms)
		EndReloadAssembly (1772ms)
			LoadAssemblies (168ms)
			RebuildTransferFunctionScriptingTraits (0ms)
			SetupTypeCache (512ms)
			ReleaseScriptCaches (3ms)
			RebuildScriptCaches (130ms)
			SetupLoadedEditorAssemblies (841ms)
				LogAssemblyErrors (0ms)
				InitializePlatformSupportModulesInManaged (32ms)
				SetLoadedEditorAssemblies (1ms)
				RefreshPlugins (2ms)
				BeforeProcessingInitializeOnLoad (158ms)
				ProcessInitializeOnLoadAttributes (546ms)
				ProcessInitializeOnLoadMethodAttributes (86ms)
				AfterProcessingInitializeOnLoad (15ms)
				EditorAssembliesLoaded (0ms)
			ExecutionOrderSort2 (0ms)
			AwakeInstancesAfterBackupRestoration (16ms)
Platform modules already initialized, skipping
Refreshing native plugins compatible for Editor in 5.41 ms, found 4 plugins.
Preloading 0 native plugins for Editor in 0.00 ms.
Unloading 4206 Unused Serialized files (Serialized files now loaded: 0)
Unloading 33 unused Assets / (289.0 KB). Loaded Objects now: 5041.
Memory consumption went from 158.2 MB to 157.9 MB.
Total: 6.029600 ms (FindLiveObjects: 1.400900 ms CreateObjectMapping: 0.597100 ms MarkObjects: 3.800800 ms  DeleteObjects: 0.228600 ms)

AssetImportParameters requested are different than current active one (requested -> active):
  custom:video-decoder-ogg-theora: a1e56fd34408186e4bbccfd4996cb3dc -> 
  custom:container-muxer-webm: aa71ff27fc2769a1b78a27578f13a17b -> 
  custom:container-demuxer-webm: 4f35f7cbe854078d1ac9338744f61a02 -> 
  custom:video-encoder-webm-vp8: eb34c28f22e8b96e1ab97ce403110664 -> 
  custom:audio-encoder-webm-vorbis: bf7c407c2cedff20999df2af8eb42d56 -> 
  custom:framework-win-MediaFoundation: 216162199b28c13a410421893ffa2e32 -> 
  custom:SearchIndexIgnoredProperties: e643bd26f0fe6173181afceb89e7c659 -> 
  custom:container-demuxer-ogg: 62fdf1f143b41e24485cea50d1cbac27 -> 
  custom:video-decoder-webm-vp8: 9c59270c3fd7afecdb556c50c9e8de78 -> 
  custom:audio-decoder-ogg-vorbis: bf7c407c2cedff20999df2af8eb42d56 -> 
========================================================================
Received Prepare
Registering precompiled user dll's ...
Registered in 0.015901 seconds.
Begin MonoManager ReloadAssembly
Symbol file LoadedFromMemory doesn't match image C:\Users\Hadi\RunGun\Library\PackageCache\com.unity.visualscripting@1.7.8\Editor\VisualScripting.Core\Dependencies\YamlDotNet\Unity.VisualScripting.YamlDotNet.dll
Symbol file LoadedFromMemory doesn't match image C:\Users\Hadi\RunGun\Library\PackageCache\com.unity.visualscripting@1.7.8\Editor\VisualScripting.Core\Dependencies\DotNetZip\Unity.VisualScripting.IonicZip.dll
Native extension for UWP target not found
Native extension for WindowsStandalone target not found
Native extension for WebGL target not found
Refreshing native plugins compatible for Editor in 1.44 ms, found 4 plugins.
Preloading 0 native plugins for Editor in 0.00 ms.
Mono: successfully reloaded assembly
- Completed reload, in  2.030 seconds
Domain Reload Profiling:
	ReloadAssembly (2032ms)
		BeginReloadAssembly (193ms)
			ExecutionOrderSort (0ms)
			DisableScriptedObjects (10ms)
			BackupInstance (0ms)
			ReleaseScriptingObjects (0ms)
			CreateAndSetChildDomain (57ms)
		EndReloadAssembly (1677ms)
			LoadAssemblies (139ms)
			RebuildTransferFunctionScriptingTraits (0ms)
			SetupTypeCache (500ms)
			ReleaseScriptCaches (3ms)
			RebuildScriptCaches (103ms)
			SetupLoadedEditorAssemblies (812ms)
				LogAssemblyErrors (0ms)
				InitializePlatformSupportModulesInManaged (34ms)
				SetLoadedEditorAssemblies (1ms)
				RefreshPlugins (2ms)
				BeforeProcessingInitializeOnLoad (178ms)
				ProcessInitializeOnLoadAttributes (498ms)
				ProcessInitializeOnLoadMethodAttributes (83ms)
				AfterProcessingInitializeOnLoad (16ms)
				EditorAssembliesLoaded (0ms)
			ExecutionOrderSort2 (0ms)
			AwakeInstancesAfterBackupRestoration (19ms)
Platform modules already initialized, skipping
Refreshing native plugins compatible for Editor in 4.90 ms, found 4 plugins.
Preloading 0 native plugins for Editor in 0.00 ms.
Unloading 4206 Unused Serialized files (Serialized files now loaded: 0)
Unloading 33 unused Assets / (289.2 KB). Loaded Objects now: 5056.
Memory consumption went from 158.2 MB to 157.9 MB.
Total: 7.809400 ms (FindLiveObjects: 1.212300 ms CreateObjectMapping: 0.858000 ms MarkObjects: 5.396700 ms  DeleteObjects: 0.340400 ms)

AssetImportParameters requested are different than current active one (requested -> active):
  custom:video-decoder-ogg-theora: a1e56fd34408186e4bbccfd4996cb3dc -> 
  custom:container-muxer-webm: aa71ff27fc2769a1b78a27578f13a17b -> 
  custom:container-demuxer-webm: 4f35f7cbe854078d1ac9338744f61a02 -> 
  custom:video-encoder-webm-vp8: eb34c28f22e8b96e1ab97ce403110664 -> 
  custom:audio-encoder-webm-vorbis: bf7c407c2cedff20999df2af8eb42d56 -> 
  custom:framework-win-MediaFoundation: 216162199b28c13a410421893ffa2e32 -> 
  custom:SearchIndexIgnoredProperties: e643bd26f0fe6173181afceb89e7c659 -> 
  custom:container-demuxer-ogg: 62fdf1f143b41e24485cea50d1cbac27 -> 
  custom:video-decoder-webm-vp8: 9c59270c3fd7afecdb556c50c9e8de78 -> 
  custom:audio-decoder-ogg-vorbis: bf7c407c2cedff20999df2af8eb42d56 -> 
========================================================================
Received Prepare
Registering precompiled user dll's ...
Registered in 0.013372 seconds.
Begin MonoManager ReloadAssembly
Symbol file LoadedFromMemory doesn't match image C:\Users\Hadi\RunGun\Library\PackageCache\com.unity.visualscripting@1.7.8\Editor\VisualScripting.Core\Dependencies\YamlDotNet\Unity.VisualScripting.YamlDotNet.dll
Symbol file LoadedFromMemory doesn't match image C:\Users\Hadi\RunGun\Library\PackageCache\com.unity.visualscripting@1.7.8\Editor\VisualScripting.Core\Dependencies\DotNetZip\Unity.VisualScripting.IonicZip.dll
Native extension for UWP target not found
Native extension for WindowsStandalone target not found
Native extension for WebGL target not found
Refreshing native plugins compatible for Editor in 1.84 ms, found 4 plugins.
Preloading 0 native plugins for Editor in 0.00 ms.
Mono: successfully reloaded assembly
- Completed reload, in  2.196 seconds
Domain Reload Profiling:
	ReloadAssembly (2199ms)
		BeginReloadAssembly (211ms)
			ExecutionOrderSort (0ms)
			DisableScriptedObjects (9ms)
			BackupInstance (0ms)
			ReleaseScriptingObjects (0ms)
			CreateAndSetChildDomain (54ms)
		EndReloadAssembly (1749ms)
			LoadAssemblies (191ms)
			RebuildTransferFunctionScriptingTraits (0ms)
			SetupTypeCache (529ms)
			ReleaseScriptCaches (4ms)
			RebuildScriptCaches (107ms)
			SetupLoadedEditorAssemblies (815ms)
				LogAssemblyErrors (0ms)
				InitializePlatformSupportModulesInManaged (31ms)
				SetLoadedEditorAssemblies (1ms)
				RefreshPlugins (2ms)
				BeforeProcessingInitializeOnLoad (169ms)
				ProcessInitializeOnLoadAttributes (508ms)
				ProcessInitializeOnLoadMethodAttributes (86ms)
				AfterProcessingInitializeOnLoad (16ms)
				EditorAssembliesLoaded (0ms)
			ExecutionOrderSort2 (0ms)
			AwakeInstancesAfterBackupRestoration (19ms)
Platform modules already initialized, skipping
Refreshing native plugins compatible for Editor in 5.01 ms, found 4 plugins.
Preloading 0 native plugins for Editor in 0.00 ms.
Unloading 4206 Unused Serialized files (Serialized files now loaded: 0)
Unloading 33 unused Assets / (288.9 KB). Loaded Objects now: 5071.
Memory consumption went from 158.2 MB to 157.9 MB.
Total: 6.453500 ms (FindLiveObjects: 0.526900 ms CreateObjectMapping: 0.391500 ms MarkObjects: 5.057400 ms  DeleteObjects: 0.476200 ms)

AssetImportParameters requested are different than current active one (requested -> active):
  custom:video-decoder-ogg-theora: a1e56fd34408186e4bbccfd4996cb3dc -> 
  custom:container-muxer-webm: aa71ff27fc2769a1b78a27578f13a17b -> 
  custom:container-demuxer-webm: 4f35f7cbe854078d1ac9338744f61a02 -> 
  custom:video-encoder-webm-vp8: eb34c28f22e8b96e1ab97ce403110664 -> 
  custom:audio-encoder-webm-vorbis: bf7c407c2cedff20999df2af8eb42d56 -> 
  custom:framework-win-MediaFoundation: 216162199b28c13a410421893ffa2e32 -> 
  custom:SearchIndexIgnoredProperties: e643bd26f0fe6173181afceb89e7c659 -> 
  custom:container-demuxer-ogg: 62fdf1f143b41e24485cea50d1cbac27 -> 
  custom:video-decoder-webm-vp8: 9c59270c3fd7afecdb556c50c9e8de78 -> 
  custom:audio-decoder-ogg-vorbis: bf7c407c2cedff20999df2af8eb42d56 -> 
========================================================================
Received Prepare
Registering precompiled user dll's ...
Registered in 0.008921 seconds.
Begin MonoManager ReloadAssembly
Symbol file LoadedFromMemory doesn't match image C:\Users\Hadi\RunGun\Library\PackageCache\com.unity.visualscripting@1.7.8\Editor\VisualScripting.Core\Dependencies\YamlDotNet\Unity.VisualScripting.YamlDotNet.dll
Symbol file LoadedFromMemory doesn't match image C:\Users\Hadi\RunGun\Library\PackageCache\com.unity.visualscripting@1.7.8\Editor\VisualScripting.Core\Dependencies\DotNetZip\Unity.VisualScripting.IonicZip.dll
Native extension for UWP target not found
Native extension for WindowsStandalone target not found
Native extension for WebGL target not found
Refreshing native plugins compatible for Editor in 0.98 ms, found 4 plugins.
Preloading 0 native plugins for Editor in 0.00 ms.
Mono: successfully reloaded assembly
- Completed reload, in  2.152 seconds
Domain Reload Profiling:
	ReloadAssembly (2153ms)
		BeginReloadAssembly (211ms)
			ExecutionOrderSort (0ms)
			DisableScriptedObjects (10ms)
			BackupInstance (0ms)
			ReleaseScriptingObjects (0ms)
			CreateAndSetChildDomain (50ms)
		EndReloadAssembly (1731ms)
			LoadAssemblies (178ms)
			RebuildTransferFunctionScriptingTraits (0ms)
			SetupTypeCache (522ms)
			ReleaseScriptCaches (3ms)
			RebuildScriptCaches (106ms)
			SetupLoadedEditorAssemblies (814ms)
				LogAssemblyErrors (0ms)
				InitializePlatformSupportModulesInManaged (32ms)
				SetLoadedEditorAssemblies (1ms)
				RefreshPlugins (1ms)
				BeforeProcessingInitializeOnLoad (164ms)
				ProcessInitializeOnLoadAttributes (515ms)
				ProcessInitializeOnLoadMethodAttributes (78ms)
				AfterProcessingInitializeOnLoad (23ms)
				EditorAssembliesLoaded (0ms)
			ExecutionOrderSort2 (0ms)
			AwakeInstancesAfterBackupRestoration (18ms)
Platform modules already initialized, skipping
Refreshing native plugins compatible for Editor in 5.90 ms, found 4 plugins.
Preloading 0 native plugins for Editor in 0.00 ms.
Unloading 4206 Unused Serialized files (Serialized files now loaded: 0)
Unloading 33 unused Assets / (290.2 KB). Loaded Objects now: 5086.
Memory consumption went from 158.2 MB to 158.0 MB.
Total: 7.438000 ms (FindLiveObjects: 0.428500 ms CreateObjectMapping: 1.621500 ms MarkObjects: 5.048800 ms  DeleteObjects: 0.337800 ms)

AssetImportParameters requested are different than current active one (requested -> active):
  custom:video-decoder-ogg-theora: a1e56fd34408186e4bbccfd4996cb3dc -> 
  custom:container-muxer-webm: aa71ff27fc2769a1b78a27578f13a17b -> 
  custom:container-demuxer-webm: 4f35f7cbe854078d1ac9338744f61a02 -> 
  custom:video-encoder-webm-vp8: eb34c28f22e8b96e1ab97ce403110664 -> 
  custom:audio-encoder-webm-vorbis: bf7c407c2cedff20999df2af8eb42d56 -> 
  custom:framework-win-MediaFoundation: 216162199b28c13a410421893ffa2e32 -> 
  custom:SearchIndexIgnoredProperties: e643bd26f0fe6173181afceb89e7c659 -> 
  custom:container-demuxer-ogg: 62fdf1f143b41e24485cea50d1cbac27 -> 
  custom:video-decoder-webm-vp8: 9c59270c3fd7afecdb556c50c9e8de78 -> 
  custom:audio-decoder-ogg-vorbis: bf7c407c2cedff20999df2af8eb42d56 -> 
========================================================================
Received Prepare
Registering precompiled user dll's ...
Registered in 0.010334 seconds.
Begin MonoManager ReloadAssembly
Symbol file LoadedFromMemory doesn't match image C:\Users\Hadi\RunGun\Library\PackageCache\com.unity.visualscripting@1.7.8\Editor\VisualScripting.Core\Dependencies\YamlDotNet\Unity.VisualScripting.YamlDotNet.dll
Symbol file LoadedFromMemory doesn't match image C:\Users\Hadi\RunGun\Library\PackageCache\com.unity.visualscripting@1.7.8\Editor\VisualScripting.Core\Dependencies\DotNetZip\Unity.VisualScripting.IonicZip.dll
Native extension for UWP target not found
Native extension for WindowsStandalone target not found
Native extension for WebGL target not found
Refreshing native plugins compatible for Editor in 1.53 ms, found 4 plugins.
Preloading 0 native plugins for Editor in 0.00 ms.
Mono: successfully reloaded assembly
- Completed reload, in  2.332 seconds
Domain Reload Profiling:
	ReloadAssembly (2333ms)
		BeginReloadAssembly (165ms)
			ExecutionOrderSort (0ms)
			DisableScriptedObjects (8ms)
			BackupInstance (0ms)
			ReleaseScriptingObjects (0ms)
			CreateAndSetChildDomain (41ms)
		EndReloadAssembly (1940ms)
			LoadAssemblies (164ms)
			RebuildTransferFunctionScriptingTraits (0ms)
			SetupTypeCache (560ms)
			ReleaseScriptCaches (4ms)
			RebuildScriptCaches (119ms)
			SetupLoadedEditorAssemblies (952ms)
				LogAssemblyErrors (0ms)
				InitializePlatformSupportModulesInManaged (33ms)
				SetLoadedEditorAssemblies (1ms)
				RefreshPlugins (2ms)
				BeforeProcessingInitializeOnLoad (185ms)
				ProcessInitializeOnLoadAttributes (590ms)
				ProcessInitializeOnLoadMethodAttributes (111ms)
				AfterProcessingInitializeOnLoad (30ms)
				EditorAssembliesLoaded (1ms)
			ExecutionOrderSort2 (0ms)
			AwakeInstancesAfterBackupRestoration (23ms)
Platform modules already initialized, skipping
Refreshing native plugins compatible for Editor in 4.35 ms, found 4 plugins.
Preloading 0 native plugins for Editor in 0.00 ms.
Unloading 4206 Unused Serialized files (Serialized files now loaded: 0)
Unloading 33 unused Assets / (289.2 KB). Loaded Objects now: 5101.
Memory consumption went from 158.3 MB to 158.0 MB.
Total: 6.440900 ms (FindLiveObjects: 0.635200 ms CreateObjectMapping: 0.333900 ms MarkObjects: 5.250100 ms  DeleteObjects: 0.220100 ms)

AssetImportParameters requested are different than current active one (requested -> active):
  custom:video-decoder-ogg-theora: a1e56fd34408186e4bbccfd4996cb3dc -> 
  custom:container-muxer-webm: aa71ff27fc2769a1b78a27578f13a17b -> 
  custom:container-demuxer-webm: 4f35f7cbe854078d1ac9338744f61a02 -> 
  custom:video-encoder-webm-vp8: eb34c28f22e8b96e1ab97ce403110664 -> 
  custom:audio-encoder-webm-vorbis: bf7c407c2cedff20999df2af8eb42d56 -> 
  custom:framework-win-MediaFoundation: 216162199b28c13a410421893ffa2e32 -> 
  custom:SearchIndexIgnoredProperties: e643bd26f0fe6173181afceb89e7c659 -> 
  custom:container-demuxer-ogg: 62fdf1f143b41e24485cea50d1cbac27 -> 
  custom:video-decoder-webm-vp8: 9c59270c3fd7afecdb556c50c9e8de78 -> 
  custom:audio-decoder-ogg-vorbis: bf7c407c2cedff20999df2af8eb42d56 -> 
========================================================================
Received Import Request.
  Time since last request: 358.039193 seconds.
  path: Assets/Coin.prefab
  artifactKey: Guid(97bce266ce63e75479633ed8f2be9e9c) Importer(815301076,1909f56bfc062723c751e8b465ee728b)
Start importing Assets/Coin.prefab using Guid(97bce266ce63e75479633ed8f2be9e9c) Importer(815301076,1909f56bfc062723c751e8b465ee728b)  -> (artifact id: '8c65a5d516cc685fda6ee408f59353e0') in 0.191890 seconds 
========================================================================
Received Import Request.
  Time since last request: 6.557109 seconds.
  path: Assets/Prefab/Player Bullet.prefab
  artifactKey: Guid(a8d185e77f6452c4ca615a91a0f8dfa9) Importer(815301076,1909f56bfc062723c751e8b465ee728b)
Start importing Assets/Prefab/Player Bullet.prefab using Guid(a8d185e77f6452c4ca615a91a0f8dfa9) Importer(815301076,1909f56bfc062723c751e8b465ee728b)  -> (artifact id: '1550240580e27e63f1457e06c22a7432') in 0.026128 seconds 
========================================================================
Received Import Request.
  Time since last request: 526.176066 seconds.
  path: Assets/Scripts/DestroyByTIme.cs
  artifactKey: Guid(42f89ac6d7ebbc74b897cb348827e9c9) Importer(815301076,1909f56bfc062723c751e8b465ee728b)
Start importing Assets/Scripts/DestroyByTIme.cs using Guid(42f89ac6d7ebbc74b897cb348827e9c9) Importer(815301076,1909f56bfc062723c751e8b465ee728b)  -> (artifact id: '873a433ba2a12a3436f90ca3f6c6b6f4') in 0.015490 seconds 
========================================================================
Received Prepare
Registering precompiled user dll's ...
Registered in 0.010328 seconds.
Begin MonoManager ReloadAssembly
Symbol file LoadedFromMemory doesn't match image C:\Users\Hadi\RunGun\Library\PackageCache\com.unity.visualscripting@1.7.8\Editor\VisualScripting.Core\Dependencies\YamlDotNet\Unity.VisualScripting.YamlDotNet.dll
Symbol file LoadedFromMemory doesn't match image C:\Users\Hadi\RunGun\Library\PackageCache\com.unity.visualscripting@1.7.8\Editor\VisualScripting.Core\Dependencies\DotNetZip\Unity.VisualScripting.IonicZip.dll
Native extension for UWP target not found
Native extension for WindowsStandalone target not found
Native extension for WebGL target not found
Refreshing native plugins compatible for Editor in 0.96 ms, found 4 plugins.
Preloading 0 native plugins for Editor in 0.00 ms.
Mono: successfully reloaded assembly
- Completed reload, in  2.189 seconds
Domain Reload Profiling:
	ReloadAssembly (2190ms)
		BeginReloadAssembly (276ms)
			ExecutionOrderSort (0ms)
			DisableScriptedObjects (11ms)
			BackupInstance (0ms)
			ReleaseScriptingObjects (0ms)
			CreateAndSetChildDomain (79ms)
		EndReloadAssembly (1708ms)
			LoadAssemblies (183ms)
			RebuildTransferFunctionScriptingTraits (0ms)
			SetupTypeCache (464ms)
			ReleaseScriptCaches (3ms)
			RebuildScriptCaches (110ms)
			SetupLoadedEditorAssemblies (858ms)
				LogAssemblyErrors (0ms)
				InitializePlatformSupportModulesInManaged (32ms)
				SetLoadedEditorAssemblies (1ms)
				RefreshPlugins (1ms)
				BeforeProcessingInitializeOnLoad (148ms)
				ProcessInitializeOnLoadAttributes (539ms)
				ProcessInitializeOnLoadMethodAttributes (115ms)
				AfterProcessingInitializeOnLoad (22ms)
				EditorAssembliesLoaded (1ms)
			ExecutionOrderSort2 (0ms)
			AwakeInstancesAfterBackupRestoration (18ms)
Platform modules already initialized, skipping
Refreshing native plugins compatible for Editor in 5.24 ms, found 4 plugins.
Preloading 0 native plugins for Editor in 0.00 ms.
Unloading 4207 Unused Serialized files (Serialized files now loaded: 0)
Unloading 33 unused Assets / (289.4 KB). Loaded Objects now: 5124.
Memory consumption went from 162.4 MB to 162.1 MB.
Total: 6.950800 ms (FindLiveObjects: 0.658000 ms CreateObjectMapping: 0.405400 ms MarkObjects: 5.592000 ms  DeleteObjects: 0.293800 ms)

AssetImportParameters requested are different than current active one (requested -> active):
  custom:video-decoder-ogg-theora: a1e56fd34408186e4bbccfd4996cb3dc -> 
  custom:container-muxer-webm: aa71ff27fc2769a1b78a27578f13a17b -> 
  custom:container-demuxer-webm: 4f35f7cbe854078d1ac9338744f61a02 -> 
  custom:video-encoder-webm-vp8: eb34c28f22e8b96e1ab97ce403110664 -> 
  custom:audio-encoder-webm-vorbis: bf7c407c2cedff20999df2af8eb42d56 -> 
  custom:framework-win-MediaFoundation: 216162199b28c13a410421893ffa2e32 -> 
  custom:SearchIndexIgnoredProperties: e643bd26f0fe6173181afceb89e7c659 -> 
  custom:container-demuxer-ogg: 62fdf1f143b41e24485cea50d1cbac27 -> 
  custom:video-decoder-webm-vp8: 9c59270c3fd7afecdb556c50c9e8de78 -> 
  custom:audio-decoder-ogg-vorbis: bf7c407c2cedff20999df2af8eb42d56 -> 
========================================================================
Received Import Request.
  Time since last request: 121.608015 seconds.
  path: Assets/Scripts/DestroyByTIme.cs
  artifactKey: Guid(42f89ac6d7ebbc74b897cb348827e9c9) Importer(815301076,1909f56bfc062723c751e8b465ee728b)
Start importing Assets/Scripts/DestroyByTIme.cs using Guid(42f89ac6d7ebbc74b897cb348827e9c9) Importer(815301076,1909f56bfc062723c751e8b465ee728b)  -> (artifact id: '6ba3c905ee83910207757e011302f6b5') in 0.021213 seconds 
========================================================================
Received Prepare
Registering precompiled user dll's ...
Registered in 0.010512 seconds.
Begin MonoManager ReloadAssembly
Symbol file LoadedFromMemory doesn't match image C:\Users\Hadi\RunGun\Library\PackageCache\com.unity.visualscripting@1.7.8\Editor\VisualScripting.Core\Dependencies\YamlDotNet\Unity.VisualScripting.YamlDotNet.dll
Symbol file LoadedFromMemory doesn't match image C:\Users\Hadi\RunGun\Library\PackageCache\com.unity.visualscripting@1.7.8\Editor\VisualScripting.Core\Dependencies\DotNetZip\Unity.VisualScripting.IonicZip.dll
Native extension for UWP target not found
Native extension for WindowsStandalone target not found
Native extension for WebGL target not found
Refreshing native plugins compatible for Editor in 0.99 ms, found 4 plugins.
Preloading 0 native plugins for Editor in 0.00 ms.
Mono: successfully reloaded assembly
- Completed reload, in  2.543 seconds
Domain Reload Profiling:
	ReloadAssembly (2545ms)
		BeginReloadAssembly (241ms)
			ExecutionOrderSort (0ms)
			DisableScriptedObjects (13ms)
			BackupInstance (0ms)
			ReleaseScriptingObjects (0ms)
			CreateAndSetChildDomain (61ms)
		EndReloadAssembly (2104ms)
			LoadAssemblies (174ms)
			RebuildTransferFunctionScriptingTraits (0ms)
			SetupTypeCache (514ms)
			ReleaseScriptCaches (2ms)
			RebuildScriptCaches (93ms)
			SetupLoadedEditorAssemblies (1161ms)
				LogAssemblyErrors (0ms)
				InitializePlatformSupportModulesInManaged (53ms)
				SetLoadedEditorAssemblies (1ms)
				RefreshPlugins (1ms)
				BeforeProcessingInitializeOnLoad (181ms)
				ProcessInitializeOnLoadAttributes (806ms)
				ProcessInitializeOnLoadMethodAttributes (97ms)
				AfterProcessingInitializeOnLoad (20ms)
				EditorAssembliesLoaded (1ms)
			ExecutionOrderSort2 (0ms)
			AwakeInstancesAfterBackupRestoration (40ms)
Platform modules already initialized, skipping
Refreshing native plugins compatible for Editor in 3.62 ms, found 4 plugins.
Preloading 0 native plugins for Editor in 0.00 ms.
Unloading 4207 Unused Serialized files (Serialized files now loaded: 0)
Unloading 33 unused Assets / (289.2 KB). Loaded Objects now: 5139.
Memory consumption went from 162.4 MB to 162.1 MB.
Total: 5.349100 ms (FindLiveObjects: 0.543200 ms CreateObjectMapping: 0.384500 ms MarkObjects: 4.204200 ms  DeleteObjects: 0.216000 ms)

AssetImportParameters requested are different than current active one (requested -> active):
  custom:video-decoder-ogg-theora: a1e56fd34408186e4bbccfd4996cb3dc -> 
  custom:container-muxer-webm: aa71ff27fc2769a1b78a27578f13a17b -> 
  custom:container-demuxer-webm: 4f35f7cbe854078d1ac9338744f61a02 -> 
  custom:video-encoder-webm-vp8: eb34c28f22e8b96e1ab97ce403110664 -> 
  custom:audio-encoder-webm-vorbis: bf7c407c2cedff20999df2af8eb42d56 -> 
  custom:framework-win-MediaFoundation: 216162199b28c13a410421893ffa2e32 -> 
  custom:SearchIndexIgnoredProperties: e643bd26f0fe6173181afceb89e7c659 -> 
  custom:container-demuxer-ogg: 62fdf1f143b41e24485cea50d1cbac27 -> 
  custom:video-decoder-webm-vp8: 9c59270c3fd7afecdb556c50c9e8de78 -> 
  custom:audio-decoder-ogg-vorbis: bf7c407c2cedff20999df2af8eb42d56 -> 
========================================================================
Received Import Request.
  Time since last request: 68.583461 seconds.
  path: Assets/Prefab/PuffSprite.prefab
  artifactKey: Guid(9f087e6c795330b4891fe953ca646606) Importer(815301076,1909f56bfc062723c751e8b465ee728b)
Start importing Assets/Prefab/PuffSprite.prefab using Guid(9f087e6c795330b4891fe953ca646606) Importer(815301076,1909f56bfc062723c751e8b465ee728b)  -> (artifact id: '62b5acc78611d084de132015263fcb60') in 0.110300 seconds 
========================================================================
Received Prepare
Registering precompiled user dll's ...
Registered in 0.009162 seconds.
Begin MonoManager ReloadAssembly
Symbol file LoadedFromMemory doesn't match image C:\Users\Hadi\RunGun\Library\PackageCache\com.unity.visualscripting@1.7.8\Editor\VisualScripting.Core\Dependencies\YamlDotNet\Unity.VisualScripting.YamlDotNet.dll
Symbol file LoadedFromMemory doesn't match image C:\Users\Hadi\RunGun\Library\PackageCache\com.unity.visualscripting@1.7.8\Editor\VisualScripting.Core\Dependencies\DotNetZip\Unity.VisualScripting.IonicZip.dll
Native extension for UWP target not found
Native extension for WindowsStandalone target not found
Native extension for WebGL target not found
Refreshing native plugins compatible for Editor in 1.26 ms, found 4 plugins.
Preloading 0 native plugins for Editor in 0.00 ms.
Mono: successfully reloaded assembly
- Completed reload, in  2.361 seconds
Domain Reload Profiling:
	ReloadAssembly (2363ms)
		BeginReloadAssembly (294ms)
			ExecutionOrderSort (0ms)
			DisableScriptedObjects (18ms)
			BackupInstance (0ms)
			ReleaseScriptingObjects (0ms)
			CreateAndSetChildDomain (91ms)
		EndReloadAssembly (1825ms)
			LoadAssemblies (244ms)
			RebuildTransferFunctionScriptingTraits (0ms)
			SetupTypeCache (523ms)
			ReleaseScriptCaches (4ms)
			RebuildScriptCaches (123ms)
			SetupLoadedEditorAssemblies (834ms)
				LogAssemblyErrors (0ms)
				InitializePlatformSupportModulesInManaged (32ms)
				SetLoadedEditorAssemblies (1ms)
				RefreshPlugins (1ms)
				BeforeProcessingInitializeOnLoad (156ms)
				ProcessInitializeOnLoadAttributes (525ms)
				ProcessInitializeOnLoadMethodAttributes (103ms)
				AfterProcessingInitializeOnLoad (16ms)
				EditorAssembliesLoaded (1ms)
			ExecutionOrderSort2 (0ms)
			AwakeInstancesAfterBackupRestoration (20ms)
Platform modules already initialized, skipping
Refreshing native plugins compatible for Editor in 6.10 ms, found 4 plugins.
Preloading 0 native plugins for Editor in 0.00 ms.
Unloading 4207 Unused Serialized files (Serialized files now loaded: 0)
Unloading 33 unused Assets / (289.0 KB). Loaded Objects now: 5154.
Memory consumption went from 162.4 MB to 162.2 MB.
Total: 8.104500 ms (FindLiveObjects: 0.772900 ms CreateObjectMapping: 0.708000 ms MarkObjects: 6.206800 ms  DeleteObjects: 0.415400 ms)

AssetImportParameters requested are different than current active one (requested -> active):
  custom:video-decoder-ogg-theora: a1e56fd34408186e4bbccfd4996cb3dc -> 
  custom:container-muxer-webm: aa71ff27fc2769a1b78a27578f13a17b -> 
  custom:container-demuxer-webm: 4f35f7cbe854078d1ac9338744f61a02 -> 
  custom:video-encoder-webm-vp8: eb34c28f22e8b96e1ab97ce403110664 -> 
  custom:audio-encoder-webm-vorbis: bf7c407c2cedff20999df2af8eb42d56 -> 
  custom:framework-win-MediaFoundation: 216162199b28c13a410421893ffa2e32 -> 
  custom:SearchIndexIgnoredProperties: e643bd26f0fe6173181afceb89e7c659 -> 
  custom:container-demuxer-ogg: 62fdf1f143b41e24485cea50d1cbac27 -> 
  custom:video-decoder-webm-vp8: 9c59270c3fd7afecdb556c50c9e8de78 -> 
  custom:audio-decoder-ogg-vorbis: bf7c407c2cedff20999df2af8eb42d56 -> 
========================================================================
Received Prepare
Registering precompiled user dll's ...
Registered in 0.012338 seconds.
Begin MonoManager ReloadAssembly
Symbol file LoadedFromMemory doesn't match image C:\Users\Hadi\RunGun\Library\PackageCache\com.unity.visualscripting@1.7.8\Editor\VisualScripting.Core\Dependencies\YamlDotNet\Unity.VisualScripting.YamlDotNet.dll
Symbol file LoadedFromMemory doesn't match image C:\Users\Hadi\RunGun\Library\PackageCache\com.unity.visualscripting@1.7.8\Editor\VisualScripting.Core\Dependencies\DotNetZip\Unity.VisualScripting.IonicZip.dll
Native extension for UWP target not found
Native extension for WindowsStandalone target not found
Native extension for WebGL target not found
Refreshing native plugins compatible for Editor in 2.91 ms, found 4 plugins.
Preloading 0 native plugins for Editor in 0.00 ms.
Mono: successfully reloaded assembly
- Completed reload, in  2.375 seconds
Domain Reload Profiling:
	ReloadAssembly (2376ms)
		BeginReloadAssembly (186ms)
			ExecutionOrderSort (0ms)
			DisableScriptedObjects (10ms)
			BackupInstance (0ms)
			ReleaseScriptingObjects (0ms)
			CreateAndSetChildDomain (46ms)
		EndReloadAssembly (1976ms)
			LoadAssemblies (193ms)
			RebuildTransferFunctionScriptingTraits (0ms)
			SetupTypeCache (507ms)
			ReleaseScriptCaches (3ms)
			RebuildScriptCaches (123ms)
			SetupLoadedEditorAssemblies (1000ms)
				LogAssemblyErrors (0ms)
				InitializePlatformSupportModulesInManaged (33ms)
				SetLoadedEditorAssemblies (1ms)
				RefreshPlugins (3ms)
				BeforeProcessingInitializeOnLoad (152ms)
				ProcessInitializeOnLoadAttributes (717ms)
				ProcessInitializeOnLoadMethodAttributes (77ms)
				AfterProcessingInitializeOnLoad (16ms)
				EditorAssembliesLoaded (0ms)
			ExecutionOrderSort2 (0ms)
			AwakeInstancesAfterBackupRestoration (18ms)
Platform modules already initialized, skipping
Refreshing native plugins compatible for Editor in 5.48 ms, found 4 plugins.
Preloading 0 native plugins for Editor in 0.00 ms.
Unloading 4207 Unused Serialized files (Serialized files now loaded: 0)
Unloading 33 unused Assets / (289.3 KB). Loaded Objects now: 5169.
Memory consumption went from 162.5 MB to 162.2 MB.
Total: 6.745000 ms (FindLiveObjects: 0.500000 ms CreateObjectMapping: 0.317000 ms MarkObjects: 5.468800 ms  DeleteObjects: 0.455500 ms)

AssetImportParameters requested are different than current active one (requested -> active):
  custom:video-decoder-ogg-theora: a1e56fd34408186e4bbccfd4996cb3dc -> 
  custom:container-muxer-webm: aa71ff27fc2769a1b78a27578f13a17b -> 
  custom:container-demuxer-webm: 4f35f7cbe854078d1ac9338744f61a02 -> 
  custom:video-encoder-webm-vp8: eb34c28f22e8b96e1ab97ce403110664 -> 
  custom:audio-encoder-webm-vorbis: bf7c407c2cedff20999df2af8eb42d56 -> 
  custom:framework-win-MediaFoundation: 216162199b28c13a410421893ffa2e32 -> 
  custom:SearchIndexIgnoredProperties: e643bd26f0fe6173181afceb89e7c659 -> 
  custom:container-demuxer-ogg: 62fdf1f143b41e24485cea50d1cbac27 -> 
  custom:video-decoder-webm-vp8: 9c59270c3fd7afecdb556c50c9e8de78 -> 
  custom:audio-decoder-ogg-vorbis: bf7c407c2cedff20999df2af8eb42d56 -> 
========================================================================
Received Prepare
Registering precompiled user dll's ...
Registered in 0.010210 seconds.
Begin MonoManager ReloadAssembly
Symbol file LoadedFromMemory doesn't match image C:\Users\Hadi\RunGun\Library\PackageCache\com.unity.visualscripting@1.7.8\Editor\VisualScripting.Core\Dependencies\YamlDotNet\Unity.VisualScripting.YamlDotNet.dll
Symbol file LoadedFromMemory doesn't match image C:\Users\Hadi\RunGun\Library\PackageCache\com.unity.visualscripting@1.7.8\Editor\VisualScripting.Core\Dependencies\DotNetZip\Unity.VisualScripting.IonicZip.dll
Native extension for UWP target not found
Native extension for WindowsStandalone target not found
Native extension for WebGL target not found
Refreshing native plugins compatible for Editor in 1.07 ms, found 4 plugins.
Preloading 0 native plugins for Editor in 0.00 ms.
Mono: successfully reloaded assembly
- Completed reload, in  2.345 seconds
Domain Reload Profiling:
	ReloadAssembly (2346ms)
		BeginReloadAssembly (293ms)
			ExecutionOrderSort (0ms)
			DisableScriptedObjects (14ms)
			BackupInstance (0ms)
			ReleaseScriptingObjects (0ms)
			CreateAndSetChildDomain (81ms)
		EndReloadAssembly (1798ms)
			LoadAssemblies (227ms)
			RebuildTransferFunctionScriptingTraits (0ms)
			SetupTypeCache (534ms)
			ReleaseScriptCaches (3ms)
			RebuildScriptCaches (112ms)
			SetupLoadedEditorAssemblies (839ms)
				LogAssemblyErrors (0ms)
				InitializePlatformSupportModulesInManaged (33ms)
				SetLoadedEditorAssemblies (1ms)
				RefreshPlugins (1ms)
				BeforeProcessingInitializeOnLoad (182ms)
				ProcessInitializeOnLoadAttributes (514ms)
				ProcessInitializeOnLoadMethodAttributes (94ms)
				AfterProcessingInitializeOnLoad (15ms)
				EditorAssembliesLoaded (0ms)
			ExecutionOrderSort2 (0ms)
			AwakeInstancesAfterBackupRestoration (21ms)
Platform modules already initialized, skipping
Refreshing native plugins compatible for Editor in 4.45 ms, found 4 plugins.
Preloading 0 native plugins for Editor in 0.00 ms.
Unloading 4207 Unused Serialized files (Serialized files now loaded: 0)
Unloading 33 unused Assets / (289.1 KB). Loaded Objects now: 5184.
Memory consumption went from 162.5 MB to 162.2 MB.
Total: 6.154700 ms (FindLiveObjects: 0.728200 ms CreateObjectMapping: 0.482700 ms MarkObjects: 4.600000 ms  DeleteObjects: 0.342200 ms)

AssetImportParameters requested are different than current active one (requested -> active):
  custom:video-decoder-ogg-theora: a1e56fd34408186e4bbccfd4996cb3dc -> 
  custom:container-muxer-webm: aa71ff27fc2769a1b78a27578f13a17b -> 
  custom:container-demuxer-webm: 4f35f7cbe854078d1ac9338744f61a02 -> 
  custom:video-encoder-webm-vp8: eb34c28f22e8b96e1ab97ce403110664 -> 
  custom:audio-encoder-webm-vorbis: bf7c407c2cedff20999df2af8eb42d56 -> 
  custom:framework-win-MediaFoundation: 216162199b28c13a410421893ffa2e32 -> 
  custom:SearchIndexIgnoredProperties: e643bd26f0fe6173181afceb89e7c659 -> 
  custom:container-demuxer-ogg: 62fdf1f143b41e24485cea50d1cbac27 -> 
  custom:video-decoder-webm-vp8: 9c59270c3fd7afecdb556c50c9e8de78 -> 
  custom:audio-decoder-ogg-vorbis: bf7c407c2cedff20999df2af8eb42d56 -> 
========================================================================
Received Prepare
Registering precompiled user dll's ...
Registered in 0.009491 seconds.
Begin MonoManager ReloadAssembly
Symbol file LoadedFromMemory doesn't match image C:\Users\Hadi\RunGun\Library\PackageCache\com.unity.visualscripting@1.7.8\Editor\VisualScripting.Core\Dependencies\YamlDotNet\Unity.VisualScripting.YamlDotNet.dll
Symbol file LoadedFromMemory doesn't match image C:\Users\Hadi\RunGun\Library\PackageCache\com.unity.visualscripting@1.7.8\Editor\VisualScripting.Core\Dependencies\DotNetZip\Unity.VisualScripting.IonicZip.dll
Native extension for UWP target not found
Native extension for WindowsStandalone target not found
Native extension for WebGL target not found
Refreshing native plugins compatible for Editor in 1.31 ms, found 4 plugins.
Preloading 0 native plugins for Editor in 0.00 ms.
Mono: successfully reloaded assembly
- Completed reload, in  2.342 seconds
Domain Reload Profiling:
	ReloadAssembly (2343ms)
		BeginReloadAssembly (321ms)
			ExecutionOrderSort (0ms)
			DisableScriptedObjects (19ms)
			BackupInstance (0ms)
			ReleaseScriptingObjects (0ms)
			CreateAndSetChildDomain (83ms)
		EndReloadAssembly (1783ms)
			LoadAssemblies (228ms)
			RebuildTransferFunctionScriptingTraits (0ms)
			SetupTypeCache (530ms)
			ReleaseScriptCaches (3ms)
			RebuildScriptCaches (128ms)
			SetupLoadedEditorAssemblies (824ms)
				LogAssemblyErrors (0ms)
				InitializePlatformSupportModulesInManaged (32ms)
				SetLoadedEditorAssemblies (1ms)
				RefreshPlugins (1ms)
				BeforeProcessingInitializeOnLoad (157ms)
				ProcessInitializeOnLoadAttributes (524ms)
				ProcessInitializeOnLoadMethodAttributes (92ms)
				AfterProcessingInitializeOnLoad (16ms)
				EditorAssembliesLoaded (0ms)
			ExecutionOrderSort2 (0ms)
			AwakeInstancesAfterBackupRestoration (19ms)
Platform modules already initialized, skipping
Refreshing native plugins compatible for Editor in 5.36 ms, found 4 plugins.
Preloading 0 native plugins for Editor in 0.00 ms.
Unloading 4207 Unused Serialized files (Serialized files now loaded: 0)
Unloading 33 unused Assets / (289.3 KB). Loaded Objects now: 5199.
Memory consumption went from 162.5 MB to 162.2 MB.
Total: 6.621900 ms (FindLiveObjects: 0.513800 ms CreateObjectMapping: 0.308200 ms MarkObjects: 5.555100 ms  DeleteObjects: 0.243300 ms)

AssetImportParameters requested are different than current active one (requested -> active):
  custom:video-decoder-ogg-theora: a1e56fd34408186e4bbccfd4996cb3dc -> 
  custom:container-muxer-webm: aa71ff27fc2769a1b78a27578f13a17b -> 
  custom:container-demuxer-webm: 4f35f7cbe854078d1ac9338744f61a02 -> 
  custom:video-encoder-webm-vp8: eb34c28f22e8b96e1ab97ce403110664 -> 
  custom:audio-encoder-webm-vorbis: bf7c407c2cedff20999df2af8eb42d56 -> 
  custom:framework-win-MediaFoundation: 216162199b28c13a410421893ffa2e32 -> 
  custom:SearchIndexIgnoredProperties: e643bd26f0fe6173181afceb89e7c659 -> 
  custom:container-demuxer-ogg: 62fdf1f143b41e24485cea50d1cbac27 -> 
  custom:video-decoder-webm-vp8: 9c59270c3fd7afecdb556c50c9e8de78 -> 
  custom:audio-decoder-ogg-vorbis: bf7c407c2cedff20999df2af8eb42d56 -> 
========================================================================
Received Prepare
Registering precompiled user dll's ...
Registered in 0.016583 seconds.
Begin MonoManager ReloadAssembly
Symbol file LoadedFromMemory doesn't match image C:\Users\Hadi\RunGun\Library\PackageCache\com.unity.visualscripting@1.7.8\Editor\VisualScripting.Core\Dependencies\YamlDotNet\Unity.VisualScripting.YamlDotNet.dll
Symbol file LoadedFromMemory doesn't match image C:\Users\Hadi\RunGun\Library\PackageCache\com.unity.visualscripting@1.7.8\Editor\VisualScripting.Core\Dependencies\DotNetZip\Unity.VisualScripting.IonicZip.dll
Native extension for UWP target not found
Native extension for WindowsStandalone target not found
Native extension for WebGL target not found
Refreshing native plugins compatible for Editor in 1.86 ms, found 4 plugins.
Preloading 0 native plugins for Editor in 0.00 ms.
Mono: successfully reloaded assembly
- Completed reload, in  2.958 seconds
Domain Reload Profiling:
	ReloadAssembly (2959ms)
		BeginReloadAssembly (361ms)
			ExecutionOrderSort (0ms)
			DisableScriptedObjects (20ms)
			BackupInstance (0ms)
			ReleaseScriptingObjects (0ms)
			CreateAndSetChildDomain (96ms)
		EndReloadAssembly (2326ms)
			LoadAssemblies (307ms)
			RebuildTransferFunctionScriptingTraits (0ms)
			SetupTypeCache (649ms)
			ReleaseScriptCaches (3ms)
			RebuildScriptCaches (175ms)
			SetupLoadedEditorAssemblies (1093ms)
				LogAssemblyErrors (0ms)
				InitializePlatformSupportModulesInManaged (50ms)
				SetLoadedEditorAssemblies (1ms)
				RefreshPlugins (2ms)
				BeforeProcessingInitializeOnLoad (202ms)
				ProcessInitializeOnLoadAttributes (691ms)
				ProcessInitializeOnLoadMethodAttributes (126ms)
				AfterProcessingInitializeOnLoad (20ms)
				EditorAssembliesLoaded (0ms)
			ExecutionOrderSort2 (0ms)
			AwakeInstancesAfterBackupRestoration (28ms)
Platform modules already initialized, skipping
Refreshing native plugins compatible for Editor in 7.23 ms, found 4 plugins.
Preloading 0 native plugins for Editor in 0.00 ms.
Unloading 4207 Unused Serialized files (Serialized files now loaded: 0)
Unloading 33 unused Assets / (289.1 KB). Loaded Objects now: 5214.
Memory consumption went from 162.5 MB to 162.2 MB.
Total: 6.904500 ms (FindLiveObjects: 0.644700 ms CreateObjectMapping: 0.479800 ms MarkObjects: 5.173100 ms  DeleteObjects: 0.605000 ms)

AssetImportParameters requested are different than current active one (requested -> active):
  custom:video-decoder-ogg-theora: a1e56fd34408186e4bbccfd4996cb3dc -> 
  custom:container-muxer-webm: aa71ff27fc2769a1b78a27578f13a17b -> 
  custom:container-demuxer-webm: 4f35f7cbe854078d1ac9338744f61a02 -> 
  custom:video-encoder-webm-vp8: eb34c28f22e8b96e1ab97ce403110664 -> 
  custom:audio-encoder-webm-vorbis: bf7c407c2cedff20999df2af8eb42d56 -> 
  custom:framework-win-MediaFoundation: 216162199b28c13a410421893ffa2e32 -> 
  custom:SearchIndexIgnoredProperties: e643bd26f0fe6173181afceb89e7c659 -> 
  custom:container-demuxer-ogg: 62fdf1f143b41e24485cea50d1cbac27 -> 
  custom:video-decoder-webm-vp8: 9c59270c3fd7afecdb556c50c9e8de78 -> 
  custom:audio-decoder-ogg-vorbis: bf7c407c2cedff20999df2af8eb42d56 -> 
========================================================================
Received Import Request.
  Time since last request: 2675.295665 seconds.
  path: Assets/Prefab/Bomberfly.prefab
  artifactKey: Guid(cd0e7c2a660b6cf44bdfd2699ee67bc1) Importer(815301076,1909f56bfc062723c751e8b465ee728b)
Start importing Assets/Prefab/Bomberfly.prefab using Guid(cd0e7c2a660b6cf44bdfd2699ee67bc1) Importer(815301076,1909f56bfc062723c751e8b465ee728b)  -> (artifact id: 'ae2576a3218fe9ebfd2596c6798ecdd2') in 0.105841 seconds 
========================================================================
Received Import Request.
  Time since last request: 40.585564 seconds.
  path: Assets/Sprites/Enemies/Pikeman
  artifactKey: Guid(e0678eb82af937a4f85b318dfcf43c93) Importer(815301076,1909f56bfc062723c751e8b465ee728b)
Start importing Assets/Sprites/Enemies/Pikeman using Guid(e0678eb82af937a4f85b318dfcf43c93) Importer(815301076,1909f56bfc062723c751e8b465ee728b)  -> (artifact id: '4775c9db35a6532442fdd0f76093f2d4') in 0.017180 seconds 
========================================================================
Received Import Request.
  Time since last request: 979.155746 seconds.
  path: Assets/Scripts/Pikeman.cs
  artifactKey: Guid(beb60363c93dfb147939bc34878eba42) Importer(815301076,1909f56bfc062723c751e8b465ee728b)
Start importing Assets/Scripts/Pikeman.cs using Guid(beb60363c93dfb147939bc34878eba42) Importer(815301076,1909f56bfc062723c751e8b465ee728b)  -> (artifact id: 'cd9e976de777faecefb1ac1718adcb5e') in 0.024731 seconds 
========================================================================
Received Prepare
Registering precompiled user dll's ...
Registered in 0.009483 seconds.
Begin MonoManager ReloadAssembly
Symbol file LoadedFromMemory doesn't match image C:\Users\Hadi\RunGun\Library\PackageCache\com.unity.visualscripting@1.7.8\Editor\VisualScripting.Core\Dependencies\YamlDotNet\Unity.VisualScripting.YamlDotNet.dll
Symbol file LoadedFromMemory doesn't match image C:\Users\Hadi\RunGun\Library\PackageCache\com.unity.visualscripting@1.7.8\Editor\VisualScripting.Core\Dependencies\DotNetZip\Unity.VisualScripting.IonicZip.dll
Native extension for UWP target not found
Native extension for WindowsStandalone target not found
Native extension for WebGL target not found
Refreshing native plugins compatible for Editor in 1.16 ms, found 4 plugins.
Preloading 0 native plugins for Editor in 0.00 ms.
Mono: successfully reloaded assembly
- Completed reload, in  2.740 seconds
Domain Reload Profiling:
	ReloadAssembly (2742ms)
		BeginReloadAssembly (265ms)
			ExecutionOrderSort (0ms)
			DisableScriptedObjects (12ms)
			BackupInstance (0ms)
			ReleaseScriptingObjects (0ms)
			CreateAndSetChildDomain (64ms)
		EndReloadAssembly (2221ms)
			LoadAssemblies (223ms)
			RebuildTransferFunctionScriptingTraits (0ms)
			SetupTypeCache (453ms)
			ReleaseScriptCaches (3ms)
			RebuildScriptCaches (210ms)
			SetupLoadedEditorAssemblies (891ms)
				LogAssemblyErrors (0ms)
				InitializePlatformSupportModulesInManaged (62ms)
				SetLoadedEditorAssemblies (2ms)
				RefreshPlugins (1ms)
				BeforeProcessingInitializeOnLoad (219ms)
				ProcessInitializeOnLoadAttributes (515ms)
				ProcessInitializeOnLoadMethodAttributes (73ms)
				AfterProcessingInitializeOnLoad (19ms)
				EditorAssembliesLoaded (0ms)
			ExecutionOrderSort2 (0ms)
			AwakeInstancesAfterBackupRestoration (22ms)
Platform modules already initialized, skipping
Refreshing native plugins compatible for Editor in 10.30 ms, found 4 plugins.
Preloading 0 native plugins for Editor in 0.00 ms.
Unloading 4208 Unused Serialized files (Serialized files now loaded: 0)
Unloading 33 unused Assets / (290.2 KB). Loaded Objects now: 5230.
Memory consumption went from 162.6 MB to 162.3 MB.
Total: 9.233500 ms (FindLiveObjects: 2.783000 ms CreateObjectMapping: 1.072300 ms MarkObjects: 4.927800 ms  DeleteObjects: 0.444800 ms)

AssetImportParameters requested are different than current active one (requested -> active):
  custom:video-decoder-ogg-theora: a1e56fd34408186e4bbccfd4996cb3dc -> 
  custom:container-muxer-webm: aa71ff27fc2769a1b78a27578f13a17b -> 
  custom:container-demuxer-webm: 4f35f7cbe854078d1ac9338744f61a02 -> 
  custom:video-encoder-webm-vp8: eb34c28f22e8b96e1ab97ce403110664 -> 
  custom:audio-encoder-webm-vorbis: bf7c407c2cedff20999df2af8eb42d56 -> 
  custom:framework-win-MediaFoundation: 216162199b28c13a410421893ffa2e32 -> 
  custom:SearchIndexIgnoredProperties: e643bd26f0fe6173181afceb89e7c659 -> 
  custom:container-demuxer-ogg: 62fdf1f143b41e24485cea50d1cbac27 -> 
  custom:video-decoder-webm-vp8: 9c59270c3fd7afecdb556c50c9e8de78 -> 
  custom:audio-decoder-ogg-vorbis: bf7c407c2cedff20999df2af8eb42d56 -> 
========================================================================
Received Prepare
Registering precompiled user dll's ...
Registered in 0.012367 seconds.
Begin MonoManager ReloadAssembly
Symbol file LoadedFromMemory doesn't match image C:\Users\Hadi\RunGun\Library\PackageCache\com.unity.visualscripting@1.7.8\Editor\VisualScripting.Core\Dependencies\YamlDotNet\Unity.VisualScripting.YamlDotNet.dll
Symbol file LoadedFromMemory doesn't match image C:\Users\Hadi\RunGun\Library\PackageCache\com.unity.visualscripting@1.7.8\Editor\VisualScripting.Core\Dependencies\DotNetZip\Unity.VisualScripting.IonicZip.dll
Native extension for UWP target not found
Native extension for WindowsStandalone target not found
Native extension for WebGL target not found
Refreshing native plugins compatible for Editor in 2.13 ms, found 4 plugins.
Preloading 0 native plugins for Editor in 0.00 ms.
Mono: successfully reloaded assembly
- Completed reload, in  2.851 seconds
Domain Reload Profiling:
	ReloadAssembly (2857ms)
		BeginReloadAssembly (884ms)
			ExecutionOrderSort (0ms)
			DisableScriptedObjects (131ms)
			BackupInstance (0ms)
			ReleaseScriptingObjects (0ms)
			CreateAndSetChildDomain (419ms)
		EndReloadAssembly (1677ms)
			LoadAssemblies (307ms)
			RebuildTransferFunctionScriptingTraits (0ms)
			SetupTypeCache (498ms)
			ReleaseScriptCaches (5ms)
			RebuildScriptCaches (88ms)
			SetupLoadedEditorAssemblies (757ms)
				LogAssemblyErrors (0ms)
				InitializePlatformSupportModulesInManaged (33ms)
				SetLoadedEditorAssemblies (2ms)
				RefreshPlugins (2ms)
				BeforeProcessingInitializeOnLoad (144ms)
				ProcessInitializeOnLoadAttributes (499ms)
				ProcessInitializeOnLoadMethodAttributes (64ms)
				AfterProcessingInitializeOnLoad (13ms)
				EditorAssembliesLoaded (0ms)
			ExecutionOrderSort2 (0ms)
			AwakeInstancesAfterBackupRestoration (16ms)
Platform modules already initialized, skipping
Refreshing native plugins compatible for Editor in 4.39 ms, found 4 plugins.
Preloading 0 native plugins for Editor in 0.00 ms.
Unloading 4208 Unused Serialized files (Serialized files now loaded: 0)
Unloading 33 unused Assets / (289.4 KB). Loaded Objects now: 5245.
Memory consumption went from 162.6 MB to 162.3 MB.
Total: 7.102300 ms (FindLiveObjects: 0.480200 ms CreateObjectMapping: 0.294400 ms MarkObjects: 5.512300 ms  DeleteObjects: 0.814100 ms)

AssetImportParameters requested are different than current active one (requested -> active):
  custom:video-decoder-ogg-theora: a1e56fd34408186e4bbccfd4996cb3dc -> 
  custom:container-muxer-webm: aa71ff27fc2769a1b78a27578f13a17b -> 
  custom:container-demuxer-webm: 4f35f7cbe854078d1ac9338744f61a02 -> 
  custom:video-encoder-webm-vp8: eb34c28f22e8b96e1ab97ce403110664 -> 
  custom:audio-encoder-webm-vorbis: bf7c407c2cedff20999df2af8eb42d56 -> 
  custom:framework-win-MediaFoundation: 216162199b28c13a410421893ffa2e32 -> 
  custom:SearchIndexIgnoredProperties: e643bd26f0fe6173181afceb89e7c659 -> 
  custom:container-demuxer-ogg: 62fdf1f143b41e24485cea50d1cbac27 -> 
  custom:video-decoder-webm-vp8: 9c59270c3fd7afecdb556c50c9e8de78 -> 
  custom:audio-decoder-ogg-vorbis: bf7c407c2cedff20999df2af8eb42d56 -> 
========================================================================
Received Prepare
Registering precompiled user dll's ...
Registered in 0.011397 seconds.
Begin MonoManager ReloadAssembly
Symbol file LoadedFromMemory doesn't match image C:\Users\Hadi\RunGun\Library\PackageCache\com.unity.visualscripting@1.7.8\Editor\VisualScripting.Core\Dependencies\YamlDotNet\Unity.VisualScripting.YamlDotNet.dll
Symbol file LoadedFromMemory doesn't match image C:\Users\Hadi\RunGun\Library\PackageCache\com.unity.visualscripting@1.7.8\Editor\VisualScripting.Core\Dependencies\DotNetZip\Unity.VisualScripting.IonicZip.dll
Native extension for UWP target not found
Native extension for WindowsStandalone target not found
Native extension for WebGL target not found
Refreshing native plugins compatible for Editor in 1.76 ms, found 4 plugins.
Preloading 0 native plugins for Editor in 0.00 ms.
Mono: successfully reloaded assembly
- Completed reload, in  4.282 seconds
Domain Reload Profiling:
	ReloadAssembly (4283ms)
		BeginReloadAssembly (408ms)
			ExecutionOrderSort (0ms)
			DisableScriptedObjects (14ms)
			BackupInstance (0ms)
			ReleaseScriptingObjects (0ms)
			CreateAndSetChildDomain (107ms)
		EndReloadAssembly (3186ms)
			LoadAssemblies (364ms)
			RebuildTransferFunctionScriptingTraits (0ms)
			SetupTypeCache (1482ms)
			ReleaseScriptCaches (3ms)
			RebuildScriptCaches (163ms)
			SetupLoadedEditorAssemblies (1139ms)
				LogAssemblyErrors (0ms)
				InitializePlatformSupportModulesInManaged (107ms)
				SetLoadedEditorAssemblies (5ms)
				RefreshPlugins (2ms)
				BeforeProcessingInitializeOnLoad (219ms)
				ProcessInitializeOnLoadAttributes (697ms)
				ProcessInitializeOnLoadMethodAttributes (92ms)
				AfterProcessingInitializeOnLoad (17ms)
				EditorAssembliesLoaded (1ms)
			ExecutionOrderSort2 (0ms)
			AwakeInstancesAfterBackupRestoration (20ms)
Platform modules already initialized, skipping
Refreshing native plugins compatible for Editor in 4.69 ms, found 4 plugins.
Preloading 0 native plugins for Editor in 0.00 ms.
Unloading 4208 Unused Serialized files (Serialized files now loaded: 0)
Unloading 33 unused Assets / (289.2 KB). Loaded Objects now: 5260.
Memory consumption went from 162.6 MB to 162.3 MB.
Total: 7.348000 ms (FindLiveObjects: 0.545500 ms CreateObjectMapping: 0.697200 ms MarkObjects: 5.532200 ms  DeleteObjects: 0.570900 ms)

AssetImportParameters requested are different than current active one (requested -> active):
  custom:video-decoder-ogg-theora: a1e56fd34408186e4bbccfd4996cb3dc -> 
  custom:container-muxer-webm: aa71ff27fc2769a1b78a27578f13a17b -> 
  custom:container-demuxer-webm: 4f35f7cbe854078d1ac9338744f61a02 -> 
  custom:video-encoder-webm-vp8: eb34c28f22e8b96e1ab97ce403110664 -> 
  custom:audio-encoder-webm-vorbis: bf7c407c2cedff20999df2af8eb42d56 -> 
  custom:framework-win-MediaFoundation: 216162199b28c13a410421893ffa2e32 -> 
  custom:SearchIndexIgnoredProperties: e643bd26f0fe6173181afceb89e7c659 -> 
  custom:container-demuxer-ogg: 62fdf1f143b41e24485cea50d1cbac27 -> 
  custom:video-decoder-webm-vp8: 9c59270c3fd7afecdb556c50c9e8de78 -> 
  custom:audio-decoder-ogg-vorbis: bf7c407c2cedff20999df2af8eb42d56 -> 
========================================================================
Received Prepare
Registering precompiled user dll's ...
Registered in 0.009854 seconds.
Begin MonoManager ReloadAssembly
Symbol file LoadedFromMemory doesn't match image C:\Users\Hadi\RunGun\Library\PackageCache\com.unity.visualscripting@1.7.8\Editor\VisualScripting.Core\Dependencies\YamlDotNet\Unity.VisualScripting.YamlDotNet.dll
Symbol file LoadedFromMemory doesn't match image C:\Users\Hadi\RunGun\Library\PackageCache\com.unity.visualscripting@1.7.8\Editor\VisualScripting.Core\Dependencies\DotNetZip\Unity.VisualScripting.IonicZip.dll
Native extension for UWP target not found
Native extension for WindowsStandalone target not found
Native extension for WebGL target not found
Refreshing native plugins compatible for Editor in 1.11 ms, found 4 plugins.
Preloading 0 native plugins for Editor in 0.00 ms.
Mono: successfully reloaded assembly
- Completed reload, in  2.485 seconds
Domain Reload Profiling:
	ReloadAssembly (2486ms)
		BeginReloadAssembly (332ms)
			ExecutionOrderSort (0ms)
			DisableScriptedObjects (11ms)
			BackupInstance (0ms)
			ReleaseScriptingObjects (1ms)
			CreateAndSetChildDomain (98ms)
		EndReloadAssembly (1898ms)
			LoadAssemblies (244ms)
			RebuildTransferFunctionScriptingTraits (0ms)
			SetupTypeCache (577ms)
			ReleaseScriptCaches (4ms)
			RebuildScriptCaches (115ms)
			SetupLoadedEditorAssemblies (887ms)
				LogAssemblyErrors (0ms)
				InitializePlatformSupportModulesInManaged (36ms)
				SetLoadedEditorAssemblies (1ms)
				RefreshPlugins (1ms)
				BeforeProcessingInitializeOnLoad (168ms)
				ProcessInitializeOnLoadAttributes (571ms)
				ProcessInitializeOnLoadMethodAttributes (91ms)
				AfterProcessingInitializeOnLoad (17ms)
				EditorAssembliesLoaded (2ms)
			ExecutionOrderSort2 (0ms)
			AwakeInstancesAfterBackupRestoration (18ms)
Platform modules already initialized, skipping
Refreshing native plugins compatible for Editor in 5.88 ms, found 4 plugins.
Preloading 0 native plugins for Editor in 0.00 ms.
Unloading 4208 Unused Serialized files (Serialized files now loaded: 0)
Unloading 33 unused Assets / (289.1 KB). Loaded Objects now: 5275.
Memory consumption went from 162.6 MB to 162.3 MB.
Total: 6.492500 ms (FindLiveObjects: 1.190400 ms CreateObjectMapping: 0.405900 ms MarkObjects: 4.525700 ms  DeleteObjects: 0.369200 ms)

AssetImportParameters requested are different than current active one (requested -> active):
  custom:video-decoder-ogg-theora: a1e56fd34408186e4bbccfd4996cb3dc -> 
  custom:container-muxer-webm: aa71ff27fc2769a1b78a27578f13a17b -> 
  custom:container-demuxer-webm: 4f35f7cbe854078d1ac9338744f61a02 -> 
  custom:video-encoder-webm-vp8: eb34c28f22e8b96e1ab97ce403110664 -> 
  custom:audio-encoder-webm-vorbis: bf7c407c2cedff20999df2af8eb42d56 -> 
  custom:framework-win-MediaFoundation: 216162199b28c13a410421893ffa2e32 -> 
  custom:SearchIndexIgnoredProperties: e643bd26f0fe6173181afceb89e7c659 -> 
  custom:container-demuxer-ogg: 62fdf1f143b41e24485cea50d1cbac27 -> 
  custom:video-decoder-webm-vp8: 9c59270c3fd7afecdb556c50c9e8de78 -> 
  custom:audio-decoder-ogg-vorbis: bf7c407c2cedff20999df2af8eb42d56 -> 
========================================================================
Received Prepare
Registering precompiled user dll's ...
Registered in 0.009014 seconds.
Begin MonoManager ReloadAssembly
Symbol file LoadedFromMemory doesn't match image C:\Users\Hadi\RunGun\Library\PackageCache\com.unity.visualscripting@1.7.8\Editor\VisualScripting.Core\Dependencies\YamlDotNet\Unity.VisualScripting.YamlDotNet.dll
Symbol file LoadedFromMemory doesn't match image C:\Users\Hadi\RunGun\Library\PackageCache\com.unity.visualscripting@1.7.8\Editor\VisualScripting.Core\Dependencies\DotNetZip\Unity.VisualScripting.IonicZip.dll
Native extension for UWP target not found
Native extension for WindowsStandalone target not found
Native extension for WebGL target not found
Refreshing native plugins compatible for Editor in 0.98 ms, found 4 plugins.
Preloading 0 native plugins for Editor in 0.00 ms.
Mono: successfully reloaded assembly
- Completed reload, in  1.757 seconds
Domain Reload Profiling:
	ReloadAssembly (1758ms)
		BeginReloadAssembly (172ms)
			ExecutionOrderSort (0ms)
			DisableScriptedObjects (9ms)
			BackupInstance (0ms)
			ReleaseScriptingObjects (0ms)
			CreateAndSetChildDomain (44ms)
		EndReloadAssembly (1414ms)
			LoadAssemblies (147ms)
			RebuildTransferFunctionScriptingTraits (0ms)
			SetupTypeCache (404ms)
			ReleaseScriptCaches (2ms)
			RebuildScriptCaches (88ms)
			SetupLoadedEditorAssemblies (669ms)
				LogAssemblyErrors (0ms)
				InitializePlatformSupportModulesInManaged (27ms)
				SetLoadedEditorAssemblies (1ms)
				RefreshPlugins (1ms)
				BeforeProcessingInitializeOnLoad (132ms)
				ProcessInitializeOnLoadAttributes (420ms)
				ProcessInitializeOnLoadMethodAttributes (73ms)
				AfterProcessingInitializeOnLoad (14ms)
				EditorAssembliesLoaded (0ms)
			ExecutionOrderSort2 (0ms)
			AwakeInstancesAfterBackupRestoration (14ms)
Platform modules already initialized, skipping
Refreshing native plugins compatible for Editor in 4.87 ms, found 4 plugins.
Preloading 0 native plugins for Editor in 0.00 ms.
Unloading 4208 Unused Serialized files (Serialized files now loaded: 0)
Unloading 33 unused Assets / (289.3 KB). Loaded Objects now: 5290.
Memory consumption went from 162.6 MB to 162.3 MB.
Total: 5.026800 ms (FindLiveObjects: 0.429500 ms CreateObjectMapping: 0.283800 ms MarkObjects: 3.867800 ms  DeleteObjects: 0.444300 ms)

AssetImportParameters requested are different than current active one (requested -> active):
  custom:video-decoder-ogg-theora: a1e56fd34408186e4bbccfd4996cb3dc -> 
  custom:container-muxer-webm: aa71ff27fc2769a1b78a27578f13a17b -> 
  custom:container-demuxer-webm: 4f35f7cbe854078d1ac9338744f61a02 -> 
  custom:video-encoder-webm-vp8: eb34c28f22e8b96e1ab97ce403110664 -> 
  custom:audio-encoder-webm-vorbis: bf7c407c2cedff20999df2af8eb42d56 -> 
  custom:framework-win-MediaFoundation: 216162199b28c13a410421893ffa2e32 -> 
  custom:SearchIndexIgnoredProperties: e643bd26f0fe6173181afceb89e7c659 -> 
  custom:container-demuxer-ogg: 62fdf1f143b41e24485cea50d1cbac27 -> 
  custom:video-decoder-webm-vp8: 9c59270c3fd7afecdb556c50c9e8de78 -> 
  custom:audio-decoder-ogg-vorbis: bf7c407c2cedff20999df2af8eb42d56 -> 
========================================================================
Received Prepare
Registering precompiled user dll's ...
Registered in 0.009495 seconds.
Begin MonoManager ReloadAssembly
Symbol file LoadedFromMemory doesn't match image C:\Users\Hadi\RunGun\Library\PackageCache\com.unity.visualscripting@1.7.8\Editor\VisualScripting.Core\Dependencies\YamlDotNet\Unity.VisualScripting.YamlDotNet.dll
Symbol file LoadedFromMemory doesn't match image C:\Users\Hadi\RunGun\Library\PackageCache\com.unity.visualscripting@1.7.8\Editor\VisualScripting.Core\Dependencies\DotNetZip\Unity.VisualScripting.IonicZip.dll
Native extension for UWP target not found
Native extension for WindowsStandalone target not found
Native extension for WebGL target not found
Refreshing native plugins compatible for Editor in 0.93 ms, found 4 plugins.
Preloading 0 native plugins for Editor in 0.00 ms.
Mono: successfully reloaded assembly
- Completed reload, in  1.749 seconds
Domain Reload Profiling:
	ReloadAssembly (1750ms)
		BeginReloadAssembly (183ms)
			ExecutionOrderSort (0ms)
			DisableScriptedObjects (9ms)
			BackupInstance (0ms)
			ReleaseScriptingObjects (0ms)
			CreateAndSetChildDomain (48ms)
		EndReloadAssembly (1425ms)
			LoadAssemblies (166ms)
			RebuildTransferFunctionScriptingTraits (0ms)
			SetupTypeCache (418ms)
			ReleaseScriptCaches (3ms)
			RebuildScriptCaches (89ms)
			SetupLoadedEditorAssemblies (658ms)
				LogAssemblyErrors (0ms)
				InitializePlatformSupportModulesInManaged (27ms)
				SetLoadedEditorAssemblies (1ms)
				RefreshPlugins (1ms)
				BeforeProcessingInitializeOnLoad (131ms)
				ProcessInitializeOnLoadAttributes (417ms)
				ProcessInitializeOnLoadMethodAttributes (68ms)
				AfterProcessingInitializeOnLoad (14ms)
				EditorAssembliesLoaded (0ms)
			ExecutionOrderSort2 (0ms)
			AwakeInstancesAfterBackupRestoration (15ms)
Platform modules already initialized, skipping
Refreshing native plugins compatible for Editor in 3.59 ms, found 4 plugins.
Preloading 0 native plugins for Editor in 0.00 ms.
Unloading 4208 Unused Serialized files (Serialized files now loaded: 0)
Unloading 33 unused Assets / (290.1 KB). Loaded Objects now: 5305.
Memory consumption went from 162.7 MB to 162.4 MB.
Total: 5.904000 ms (FindLiveObjects: 0.522700 ms CreateObjectMapping: 0.362300 ms MarkObjects: 4.332500 ms  DeleteObjects: 0.684700 ms)

AssetImportParameters requested are different than current active one (requested -> active):
  custom:video-decoder-ogg-theora: a1e56fd34408186e4bbccfd4996cb3dc -> 
  custom:container-muxer-webm: aa71ff27fc2769a1b78a27578f13a17b -> 
  custom:container-demuxer-webm: 4f35f7cbe854078d1ac9338744f61a02 -> 
  custom:video-encoder-webm-vp8: eb34c28f22e8b96e1ab97ce403110664 -> 
  custom:audio-encoder-webm-vorbis: bf7c407c2cedff20999df2af8eb42d56 -> 
  custom:framework-win-MediaFoundation: 216162199b28c13a410421893ffa2e32 -> 
  custom:SearchIndexIgnoredProperties: e643bd26f0fe6173181afceb89e7c659 -> 
  custom:container-demuxer-ogg: 62fdf1f143b41e24485cea50d1cbac27 -> 
  custom:video-decoder-webm-vp8: 9c59270c3fd7afecdb556c50c9e8de78 -> 
  custom:audio-decoder-ogg-vorbis: bf7c407c2cedff20999df2af8eb42d56 -> 
========================================================================
Received Prepare
Registering precompiled user dll's ...
Registered in 0.009029 seconds.
Begin MonoManager ReloadAssembly
Symbol file LoadedFromMemory doesn't match image C:\Users\Hadi\RunGun\Library\PackageCache\com.unity.visualscripting@1.7.8\Editor\VisualScripting.Core\Dependencies\YamlDotNet\Unity.VisualScripting.YamlDotNet.dll
Symbol file LoadedFromMemory doesn't match image C:\Users\Hadi\RunGun\Library\PackageCache\com.unity.visualscripting@1.7.8\Editor\VisualScripting.Core\Dependencies\DotNetZip\Unity.VisualScripting.IonicZip.dll
Native extension for UWP target not found
Native extension for WindowsStandalone target not found
Native extension for WebGL target not found
Refreshing native plugins compatible for Editor in 1.08 ms, found 4 plugins.
Preloading 0 native plugins for Editor in 0.00 ms.
Mono: successfully reloaded assembly
- Completed reload, in  1.979 seconds
Domain Reload Profiling:
	ReloadAssembly (1980ms)
		BeginReloadAssembly (191ms)
			ExecutionOrderSort (0ms)
			DisableScriptedObjects (10ms)
			BackupInstance (0ms)
			ReleaseScriptingObjects (0ms)
			CreateAndSetChildDomain (48ms)
		EndReloadAssembly (1633ms)
			LoadAssemblies (166ms)
			RebuildTransferFunctionScriptingTraits (0ms)
			SetupTypeCache (475ms)
			ReleaseScriptCaches (2ms)
			RebuildScriptCaches (91ms)
			SetupLoadedEditorAssemblies (796ms)
				LogAssemblyErrors (0ms)
				InitializePlatformSupportModulesInManaged (34ms)
				SetLoadedEditorAssemblies (1ms)
				RefreshPlugins (1ms)
				BeforeProcessingInitializeOnLoad (173ms)
				ProcessInitializeOnLoadAttributes (505ms)
				ProcessInitializeOnLoadMethodAttributes (67ms)
				AfterProcessingInitializeOnLoad (14ms)
				EditorAssembliesLoaded (1ms)
			ExecutionOrderSort2 (0ms)
			AwakeInstancesAfterBackupRestoration (15ms)
Platform modules already initialized, skipping
Refreshing native plugins compatible for Editor in 5.04 ms, found 4 plugins.
Preloading 0 native plugins for Editor in 0.00 ms.
Unloading 4208 Unused Serialized files (Serialized files now loaded: 0)
Unloading 33 unused Assets / (289.1 KB). Loaded Objects now: 5320.
Memory consumption went from 162.7 MB to 162.4 MB.
Total: 6.856700 ms (FindLiveObjects: 0.436700 ms CreateObjectMapping: 0.326700 ms MarkObjects: 5.816700 ms  DeleteObjects: 0.275200 ms)

AssetImportParameters requested are different than current active one (requested -> active):
  custom:video-decoder-ogg-theora: a1e56fd34408186e4bbccfd4996cb3dc -> 
  custom:container-muxer-webm: aa71ff27fc2769a1b78a27578f13a17b -> 
  custom:container-demuxer-webm: 4f35f7cbe854078d1ac9338744f61a02 -> 
  custom:video-encoder-webm-vp8: eb34c28f22e8b96e1ab97ce403110664 -> 
  custom:audio-encoder-webm-vorbis: bf7c407c2cedff20999df2af8eb42d56 -> 
  custom:framework-win-MediaFoundation: 216162199b28c13a410421893ffa2e32 -> 
  custom:SearchIndexIgnoredProperties: e643bd26f0fe6173181afceb89e7c659 -> 
  custom:container-demuxer-ogg: 62fdf1f143b41e24485cea50d1cbac27 -> 
  custom:video-decoder-webm-vp8: 9c59270c3fd7afecdb556c50c9e8de78 -> 
  custom:audio-decoder-ogg-vorbis: bf7c407c2cedff20999df2af8eb42d56 -> 
========================================================================
Received Prepare
Registering precompiled user dll's ...
Registered in 0.011815 seconds.
Begin MonoManager ReloadAssembly
Symbol file LoadedFromMemory doesn't match image C:\Users\Hadi\RunGun\Library\PackageCache\com.unity.visualscripting@1.7.8\Editor\VisualScripting.Core\Dependencies\YamlDotNet\Unity.VisualScripting.YamlDotNet.dll
Symbol file LoadedFromMemory doesn't match image C:\Users\Hadi\RunGun\Library\PackageCache\com.unity.visualscripting@1.7.8\Editor\VisualScripting.Core\Dependencies\DotNetZip\Unity.VisualScripting.IonicZip.dll
Native extension for UWP target not found
Native extension for WindowsStandalone target not found
Native extension for WebGL target not found
Refreshing native plugins compatible for Editor in 0.88 ms, found 4 plugins.
Preloading 0 native plugins for Editor in 0.00 ms.
Mono: successfully reloaded assembly
- Completed reload, in  1.824 seconds
Domain Reload Profiling:
	ReloadAssembly (1825ms)
		BeginReloadAssembly (222ms)
			ExecutionOrderSort (0ms)
			DisableScriptedObjects (14ms)
			BackupInstance (0ms)
			ReleaseScriptingObjects (0ms)
			CreateAndSetChildDomain (50ms)
		EndReloadAssembly (1428ms)
			LoadAssemblies (170ms)
			RebuildTransferFunctionScriptingTraits (0ms)
			SetupTypeCache (456ms)
			ReleaseScriptCaches (2ms)
			RebuildScriptCaches (87ms)
			SetupLoadedEditorAssemblies (656ms)
				LogAssemblyErrors (0ms)
				InitializePlatformSupportModulesInManaged (23ms)
				SetLoadedEditorAssemblies (1ms)
				RefreshPlugins (1ms)
				BeforeProcessingInitializeOnLoad (112ms)
				ProcessInitializeOnLoadAttributes (447ms)
				ProcessInitializeOnLoadMethodAttributes (59ms)
				AfterProcessingInitializeOnLoad (12ms)
				EditorAssembliesLoaded (0ms)
			ExecutionOrderSort2 (0ms)
			AwakeInstancesAfterBackupRestoration (15ms)
Platform modules already initialized, skipping
Refreshing native plugins compatible for Editor in 4.64 ms, found 4 plugins.
Preloading 0 native plugins for Editor in 0.00 ms.
Unloading 4208 Unused Serialized files (Serialized files now loaded: 0)
Unloading 33 unused Assets / (289.3 KB). Loaded Objects now: 5335.
Memory consumption went from 162.7 MB to 162.4 MB.
Total: 5.233100 ms (FindLiveObjects: 0.672500 ms CreateObjectMapping: 0.473800 ms MarkObjects: 3.827600 ms  DeleteObjects: 0.257900 ms)

AssetImportParameters requested are different than current active one (requested -> active):
  custom:video-decoder-ogg-theora: a1e56fd34408186e4bbccfd4996cb3dc -> 
  custom:container-muxer-webm: aa71ff27fc2769a1b78a27578f13a17b -> 
  custom:container-demuxer-webm: 4f35f7cbe854078d1ac9338744f61a02 -> 
  custom:video-encoder-webm-vp8: eb34c28f22e8b96e1ab97ce403110664 -> 
  custom:audio-encoder-webm-vorbis: bf7c407c2cedff20999df2af8eb42d56 -> 
  custom:framework-win-MediaFoundation: 216162199b28c13a410421893ffa2e32 -> 
  custom:SearchIndexIgnoredProperties: e643bd26f0fe6173181afceb89e7c659 -> 
  custom:container-demuxer-ogg: 62fdf1f143b41e24485cea50d1cbac27 -> 
  custom:video-decoder-webm-vp8: 9c59270c3fd7afecdb556c50c9e8de78 -> 
  custom:audio-decoder-ogg-vorbis: bf7c407c2cedff20999df2af8eb42d56 -> 
========================================================================
Received Prepare
Registering precompiled user dll's ...
Registered in 0.009312 seconds.
Begin MonoManager ReloadAssembly
Symbol file LoadedFromMemory doesn't match image C:\Users\Hadi\RunGun\Library\PackageCache\com.unity.visualscripting@1.7.8\Editor\VisualScripting.Core\Dependencies\YamlDotNet\Unity.VisualScripting.YamlDotNet.dll
Symbol file LoadedFromMemory doesn't match image C:\Users\Hadi\RunGun\Library\PackageCache\com.unity.visualscripting@1.7.8\Editor\VisualScripting.Core\Dependencies\DotNetZip\Unity.VisualScripting.IonicZip.dll
Native extension for UWP target not found
Native extension for WindowsStandalone target not found
Native extension for WebGL target not found
Refreshing native plugins compatible for Editor in 0.92 ms, found 4 plugins.
Preloading 0 native plugins for Editor in 0.00 ms.
Mono: successfully reloaded assembly
- Completed reload, in  1.801 seconds
Domain Reload Profiling:
	ReloadAssembly (1802ms)
		BeginReloadAssembly (186ms)
			ExecutionOrderSort (0ms)
			DisableScriptedObjects (8ms)
			BackupInstance (0ms)
			ReleaseScriptingObjects (0ms)
			CreateAndSetChildDomain (43ms)
		EndReloadAssembly (1457ms)
			LoadAssemblies (151ms)
			RebuildTransferFunctionScriptingTraits (0ms)
			SetupTypeCache (414ms)
			ReleaseScriptCaches (2ms)
			RebuildScriptCaches (93ms)
			SetupLoadedEditorAssemblies (709ms)
				LogAssemblyErrors (0ms)
				InitializePlatformSupportModulesInManaged (28ms)
				SetLoadedEditorAssemblies (1ms)
				RefreshPlugins (1ms)
				BeforeProcessingInitializeOnLoad (133ms)
				ProcessInitializeOnLoadAttributes (450ms)
				ProcessInitializeOnLoadMethodAttributes (81ms)
				AfterProcessingInitializeOnLoad (15ms)
				EditorAssembliesLoaded (0ms)
			ExecutionOrderSort2 (0ms)
			AwakeInstancesAfterBackupRestoration (18ms)
Platform modules already initialized, skipping
Refreshing native plugins compatible for Editor in 5.16 ms, found 4 plugins.
Preloading 0 native plugins for Editor in 0.00 ms.
Unloading 4208 Unused Serialized files (Serialized files now loaded: 0)
Unloading 33 unused Assets / (289.2 KB). Loaded Objects now: 5350.
Memory consumption went from 162.7 MB to 162.4 MB.
Total: 5.576900 ms (FindLiveObjects: 0.512100 ms CreateObjectMapping: 0.286400 ms MarkObjects: 4.462200 ms  DeleteObjects: 0.314700 ms)

AssetImportParameters requested are different than current active one (requested -> active):
  custom:video-decoder-ogg-theora: a1e56fd34408186e4bbccfd4996cb3dc -> 
  custom:container-muxer-webm: aa71ff27fc2769a1b78a27578f13a17b -> 
  custom:container-demuxer-webm: 4f35f7cbe854078d1ac9338744f61a02 -> 
  custom:video-encoder-webm-vp8: eb34c28f22e8b96e1ab97ce403110664 -> 
  custom:audio-encoder-webm-vorbis: bf7c407c2cedff20999df2af8eb42d56 -> 
  custom:framework-win-MediaFoundation: 216162199b28c13a410421893ffa2e32 -> 
  custom:SearchIndexIgnoredProperties: e643bd26f0fe6173181afceb89e7c659 -> 
  custom:container-demuxer-ogg: 62fdf1f143b41e24485cea50d1cbac27 -> 
  custom:video-decoder-webm-vp8: 9c59270c3fd7afecdb556c50c9e8de78 -> 
  custom:audio-decoder-ogg-vorbis: bf7c407c2cedff20999df2af8eb42d56 -> 
========================================================================
Received Import Request.
  Time since last request: 41985.361841 seconds.
  path: Assets/Prefab/Bomberfly.prefab
  artifactKey: Guid(cd0e7c2a660b6cf44bdfd2699ee67bc1) Importer(815301076,1909f56bfc062723c751e8b465ee728b)
Start importing Assets/Prefab/Bomberfly.prefab using Guid(cd0e7c2a660b6cf44bdfd2699ee67bc1) Importer(815301076,1909f56bfc062723c751e8b465ee728b)  -> (artifact id: '6e23e655dc46bac4ceb7c6a9e5b88a83') in 0.142097 seconds 
========================================================================
Received Import Request.
  Time since last request: 2.981746 seconds.
  path: Assets/Prefab/Pikeman.prefab
  artifactKey: Guid(1d4cbf6d648711240ace8ee195df550e) Importer(815301076,1909f56bfc062723c751e8b465ee728b)
Start importing Assets/Prefab/Pikeman.prefab using Guid(1d4cbf6d648711240ace8ee195df550e) Importer(815301076,1909f56bfc062723c751e8b465ee728b)  -> (artifact id: '3798cb63ab7337f9187f58d935dbc3e7') in 0.073167 seconds 
========================================================================
Received Prepare
Registering precompiled user dll's ...
Registered in 0.012777 seconds.
Begin MonoManager ReloadAssembly
Symbol file LoadedFromMemory doesn't match image C:\Users\Hadi\RunGun\Library\PackageCache\com.unity.visualscripting@1.7.8\Editor\VisualScripting.Core\Dependencies\YamlDotNet\Unity.VisualScripting.YamlDotNet.dll
Symbol file LoadedFromMemory doesn't match image C:\Users\Hadi\RunGun\Library\PackageCache\com.unity.visualscripting@1.7.8\Editor\VisualScripting.Core\Dependencies\DotNetZip\Unity.VisualScripting.IonicZip.dll
Native extension for UWP target not found
Native extension for WindowsStandalone target not found
Native extension for WebGL target not found
Refreshing native plugins compatible for Editor in 1.29 ms, found 4 plugins.
Preloading 0 native plugins for Editor in 0.00 ms.
Mono: successfully reloaded assembly
- Completed reload, in  1.891 seconds
Domain Reload Profiling:
	ReloadAssembly (1892ms)
		BeginReloadAssembly (287ms)
			ExecutionOrderSort (0ms)
			DisableScriptedObjects (10ms)
			BackupInstance (0ms)
			ReleaseScriptingObjects (0ms)
			CreateAndSetChildDomain (105ms)
		EndReloadAssembly (1433ms)
			LoadAssemblies (180ms)
			RebuildTransferFunctionScriptingTraits (0ms)
			SetupTypeCache (420ms)
			ReleaseScriptCaches (2ms)
			RebuildScriptCaches (85ms)
			SetupLoadedEditorAssemblies (688ms)
				LogAssemblyErrors (0ms)
				InitializePlatformSupportModulesInManaged (28ms)
				SetLoadedEditorAssemblies (1ms)
				RefreshPlugins (1ms)
				BeforeProcessingInitializeOnLoad (126ms)
				ProcessInitializeOnLoadAttributes (447ms)
				ProcessInitializeOnLoadMethodAttributes (70ms)
				AfterProcessingInitializeOnLoad (14ms)
				EditorAssembliesLoaded (0ms)
			ExecutionOrderSort2 (0ms)
			AwakeInstancesAfterBackupRestoration (17ms)
Platform modules already initialized, skipping
Refreshing native plugins compatible for Editor in 4.41 ms, found 4 plugins.
Preloading 0 native plugins for Editor in 0.00 ms.
Unloading 4208 Unused Serialized files (Serialized files now loaded: 0)
Unloading 33 unused Assets / (289.3 KB). Loaded Objects now: 5365.
Memory consumption went from 162.7 MB to 162.5 MB.
Total: 4.347700 ms (FindLiveObjects: 0.458700 ms CreateObjectMapping: 0.313600 ms MarkObjects: 3.371800 ms  DeleteObjects: 0.202400 ms)

AssetImportParameters requested are different than current active one (requested -> active):
  custom:video-decoder-ogg-theora: a1e56fd34408186e4bbccfd4996cb3dc -> 
  custom:container-muxer-webm: aa71ff27fc2769a1b78a27578f13a17b -> 
  custom:container-demuxer-webm: 4f35f7cbe854078d1ac9338744f61a02 -> 
  custom:video-encoder-webm-vp8: eb34c28f22e8b96e1ab97ce403110664 -> 
  custom:audio-encoder-webm-vorbis: bf7c407c2cedff20999df2af8eb42d56 -> 
  custom:framework-win-MediaFoundation: 216162199b28c13a410421893ffa2e32 -> 
  custom:SearchIndexIgnoredProperties: e643bd26f0fe6173181afceb89e7c659 -> 
  custom:container-demuxer-ogg: 62fdf1f143b41e24485cea50d1cbac27 -> 
  custom:video-decoder-webm-vp8: 9c59270c3fd7afecdb556c50c9e8de78 -> 
  custom:audio-decoder-ogg-vorbis: bf7c407c2cedff20999df2af8eb42d56 -> 
========================================================================
Received Prepare
Registering precompiled user dll's ...
Registered in 0.009488 seconds.
Begin MonoManager ReloadAssembly
Symbol file LoadedFromMemory doesn't match image C:\Users\Hadi\RunGun\Library\PackageCache\com.unity.visualscripting@1.7.8\Editor\VisualScripting.Core\Dependencies\YamlDotNet\Unity.VisualScripting.YamlDotNet.dll
Symbol file LoadedFromMemory doesn't match image C:\Users\Hadi\RunGun\Library\PackageCache\com.unity.visualscripting@1.7.8\Editor\VisualScripting.Core\Dependencies\DotNetZip\Unity.VisualScripting.IonicZip.dll
Native extension for UWP target not found
Native extension for WindowsStandalone target not found
Native extension for WebGL target not found
Refreshing native plugins compatible for Editor in 1.00 ms, found 4 plugins.
Preloading 0 native plugins for Editor in 0.00 ms.
Mono: successfully reloaded assembly
- Completed reload, in  2.112 seconds
Domain Reload Profiling:
	ReloadAssembly (2113ms)
		BeginReloadAssembly (190ms)
			ExecutionOrderSort (0ms)
			DisableScriptedObjects (8ms)
			BackupInstance (0ms)
			ReleaseScriptingObjects (0ms)
			CreateAndSetChildDomain (47ms)
		EndReloadAssembly (1645ms)
			LoadAssemblies (152ms)
			RebuildTransferFunctionScriptingTraits (0ms)
			SetupTypeCache (553ms)
			ReleaseScriptCaches (5ms)
			RebuildScriptCaches (107ms)
			SetupLoadedEditorAssemblies (735ms)
				LogAssemblyErrors (0ms)
				InitializePlatformSupportModulesInManaged (27ms)
				SetLoadedEditorAssemblies (1ms)
				RefreshPlugins (1ms)
				BeforeProcessingInitializeOnLoad (133ms)
				ProcessInitializeOnLoadAttributes (499ms)
				ProcessInitializeOnLoadMethodAttributes (63ms)
				AfterProcessingInitializeOnLoad (12ms)
				EditorAssembliesLoaded (0ms)
			ExecutionOrderSort2 (0ms)
			AwakeInstancesAfterBackupRestoration (14ms)
Platform modules already initialized, skipping
Refreshing native plugins compatible for Editor in 4.35 ms, found 4 plugins.
Preloading 0 native plugins for Editor in 0.00 ms.
Unloading 4208 Unused Serialized files (Serialized files now loaded: 0)
Unloading 33 unused Assets / (289.1 KB). Loaded Objects now: 5380.
Memory consumption went from 162.8 MB to 162.5 MB.
Total: 5.652100 ms (FindLiveObjects: 1.457800 ms CreateObjectMapping: 0.362200 ms MarkObjects: 3.617700 ms  DeleteObjects: 0.212400 ms)

AssetImportParameters requested are different than current active one (requested -> active):
  custom:video-decoder-ogg-theora: a1e56fd34408186e4bbccfd4996cb3dc -> 
  custom:container-muxer-webm: aa71ff27fc2769a1b78a27578f13a17b -> 
  custom:container-demuxer-webm: 4f35f7cbe854078d1ac9338744f61a02 -> 
  custom:video-encoder-webm-vp8: eb34c28f22e8b96e1ab97ce403110664 -> 
  custom:audio-encoder-webm-vorbis: bf7c407c2cedff20999df2af8eb42d56 -> 
  custom:framework-win-MediaFoundation: 216162199b28c13a410421893ffa2e32 -> 
  custom:SearchIndexIgnoredProperties: e643bd26f0fe6173181afceb89e7c659 -> 
  custom:container-demuxer-ogg: 62fdf1f143b41e24485cea50d1cbac27 -> 
  custom:video-decoder-webm-vp8: 9c59270c3fd7afecdb556c50c9e8de78 -> 
  custom:audio-decoder-ogg-vorbis: bf7c407c2cedff20999df2af8eb42d56 -> 
========================================================================
Received Prepare
Registering precompiled user dll's ...
Registered in 0.009148 seconds.
Begin MonoManager ReloadAssembly
Symbol file LoadedFromMemory doesn't match image C:\Users\Hadi\RunGun\Library\PackageCache\com.unity.visualscripting@1.7.8\Editor\VisualScripting.Core\Dependencies\YamlDotNet\Unity.VisualScripting.YamlDotNet.dll
Symbol file LoadedFromMemory doesn't match image C:\Users\Hadi\RunGun\Library\PackageCache\com.unity.visualscripting@1.7.8\Editor\VisualScripting.Core\Dependencies\DotNetZip\Unity.VisualScripting.IonicZip.dll
Native extension for UWP target not found
Native extension for WindowsStandalone target not found
Native extension for WebGL target not found
Refreshing native plugins compatible for Editor in 1.07 ms, found 4 plugins.
Preloading 0 native plugins for Editor in 0.00 ms.
Mono: successfully reloaded assembly
- Completed reload, in  1.852 seconds
Domain Reload Profiling:
	ReloadAssembly (1853ms)
		BeginReloadAssembly (198ms)
			ExecutionOrderSort (0ms)
			DisableScriptedObjects (10ms)
			BackupInstance (0ms)
			ReleaseScriptingObjects (0ms)
			CreateAndSetChildDomain (51ms)
		EndReloadAssembly (1488ms)
			LoadAssemblies (155ms)
			RebuildTransferFunctionScriptingTraits (0ms)
			SetupTypeCache (427ms)
			ReleaseScriptCaches (2ms)
			RebuildScriptCaches (92ms)
			SetupLoadedEditorAssemblies (717ms)
				LogAssemblyErrors (0ms)
				InitializePlatformSupportModulesInManaged (29ms)
				SetLoadedEditorAssemblies (1ms)
				RefreshPlugins (1ms)
				BeforeProcessingInitializeOnLoad (148ms)
				ProcessInitializeOnLoadAttributes (453ms)
				ProcessInitializeOnLoadMethodAttributes (70ms)
				AfterProcessingInitializeOnLoad (15ms)
				EditorAssembliesLoaded (0ms)
			ExecutionOrderSort2 (0ms)
			AwakeInstancesAfterBackupRestoration (15ms)
Platform modules already initialized, skipping
Refreshing native plugins compatible for Editor in 4.32 ms, found 4 plugins.
Preloading 0 native plugins for Editor in 0.00 ms.
Unloading 4208 Unused Serialized files (Serialized files now loaded: 0)
Unloading 33 unused Assets / (289.2 KB). Loaded Objects now: 5395.
Memory consumption went from 162.8 MB to 162.5 MB.
Total: 4.758500 ms (FindLiveObjects: 0.525500 ms CreateObjectMapping: 0.293600 ms MarkObjects: 3.716900 ms  DeleteObjects: 0.221200 ms)

AssetImportParameters requested are different than current active one (requested -> active):
  custom:video-decoder-ogg-theora: a1e56fd34408186e4bbccfd4996cb3dc -> 
  custom:container-muxer-webm: aa71ff27fc2769a1b78a27578f13a17b -> 
  custom:container-demuxer-webm: 4f35f7cbe854078d1ac9338744f61a02 -> 
  custom:video-encoder-webm-vp8: eb34c28f22e8b96e1ab97ce403110664 -> 
  custom:audio-encoder-webm-vorbis: bf7c407c2cedff20999df2af8eb42d56 -> 
  custom:framework-win-MediaFoundation: 216162199b28c13a410421893ffa2e32 -> 
  custom:SearchIndexIgnoredProperties: e643bd26f0fe6173181afceb89e7c659 -> 
  custom:container-demuxer-ogg: 62fdf1f143b41e24485cea50d1cbac27 -> 
  custom:video-decoder-webm-vp8: 9c59270c3fd7afecdb556c50c9e8de78 -> 
  custom:audio-decoder-ogg-vorbis: bf7c407c2cedff20999df2af8eb42d56 -> 
========================================================================
Received Prepare
Registering precompiled user dll's ...
Registered in 0.009508 seconds.
Begin MonoManager ReloadAssembly
Symbol file LoadedFromMemory doesn't match image C:\Users\Hadi\RunGun\Library\PackageCache\com.unity.visualscripting@1.7.8\Editor\VisualScripting.Core\Dependencies\YamlDotNet\Unity.VisualScripting.YamlDotNet.dll
Symbol file LoadedFromMemory doesn't match image C:\Users\Hadi\RunGun\Library\PackageCache\com.unity.visualscripting@1.7.8\Editor\VisualScripting.Core\Dependencies\DotNetZip\Unity.VisualScripting.IonicZip.dll
Native extension for UWP target not found
Native extension for WindowsStandalone target not found
Native extension for WebGL target not found
Refreshing native plugins compatible for Editor in 1.04 ms, found 4 plugins.
Preloading 0 native plugins for Editor in 0.00 ms.
Mono: successfully reloaded assembly
- Completed reload, in  1.869 seconds
Domain Reload Profiling:
	ReloadAssembly (1870ms)
		BeginReloadAssembly (195ms)
			ExecutionOrderSort (0ms)
			DisableScriptedObjects (11ms)
			BackupInstance (0ms)
			ReleaseScriptingObjects (0ms)
			CreateAndSetChildDomain (47ms)
		EndReloadAssembly (1501ms)
			LoadAssemblies (157ms)
			RebuildTransferFunctionScriptingTraits (0ms)
			SetupTypeCache (463ms)
			ReleaseScriptCaches (2ms)
			RebuildScriptCaches (92ms)
			SetupLoadedEditorAssemblies (694ms)
				LogAssemblyErrors (0ms)
				InitializePlatformSupportModulesInManaged (29ms)
				SetLoadedEditorAssemblies (1ms)
				RefreshPlugins (1ms)
				BeforeProcessingInitializeOnLoad (144ms)
				ProcessInitializeOnLoadAttributes (438ms)
				ProcessInitializeOnLoadMethodAttributes (64ms)
				AfterProcessingInitializeOnLoad (16ms)
				EditorAssembliesLoaded (1ms)
			ExecutionOrderSort2 (0ms)
			AwakeInstancesAfterBackupRestoration (14ms)
Platform modules already initialized, skipping
Refreshing native plugins compatible for Editor in 4.65 ms, found 4 plugins.
Preloading 0 native plugins for Editor in 0.00 ms.
Unloading 4208 Unused Serialized files (Serialized files now loaded: 0)
Unloading 33 unused Assets / (289.1 KB). Loaded Objects now: 5410.
Memory consumption went from 162.8 MB to 162.5 MB.
Total: 5.163500 ms (FindLiveObjects: 0.473300 ms CreateObjectMapping: 0.354100 ms MarkObjects: 4.116700 ms  DeleteObjects: 0.217900 ms)

AssetImportParameters requested are different than current active one (requested -> active):
  custom:video-decoder-ogg-theora: a1e56fd34408186e4bbccfd4996cb3dc -> 
  custom:container-muxer-webm: aa71ff27fc2769a1b78a27578f13a17b -> 
  custom:container-demuxer-webm: 4f35f7cbe854078d1ac9338744f61a02 -> 
  custom:video-encoder-webm-vp8: eb34c28f22e8b96e1ab97ce403110664 -> 
  custom:audio-encoder-webm-vorbis: bf7c407c2cedff20999df2af8eb42d56 -> 
  custom:framework-win-MediaFoundation: 216162199b28c13a410421893ffa2e32 -> 
  custom:SearchIndexIgnoredProperties: e643bd26f0fe6173181afceb89e7c659 -> 
  custom:container-demuxer-ogg: 62fdf1f143b41e24485cea50d1cbac27 -> 
  custom:video-decoder-webm-vp8: 9c59270c3fd7afecdb556c50c9e8de78 -> 
  custom:audio-decoder-ogg-vorbis: bf7c407c2cedff20999df2af8eb42d56 -> 
========================================================================
Received Import Request.
  Time since last request: 520.585494 seconds.
  path: Assets/Prefab/Pikeman.prefab
  artifactKey: Guid(1d4cbf6d648711240ace8ee195df550e) Importer(815301076,1909f56bfc062723c751e8b465ee728b)
Start importing Assets/Prefab/Pikeman.prefab using Guid(1d4cbf6d648711240ace8ee195df550e) Importer(815301076,1909f56bfc062723c751e8b465ee728b)  -> (artifact id: '9de6d1193a3c07ee53454d921070ea4e') in 0.124722 seconds 
========================================================================
Received Import Request.
  Time since last request: 64.198466 seconds.
  path: Assets/Prefab/Pikeman.prefab
  artifactKey: Guid(1d4cbf6d648711240ace8ee195df550e) Importer(815301076,1909f56bfc062723c751e8b465ee728b)
Start importing Assets/Prefab/Pikeman.prefab using Guid(1d4cbf6d648711240ace8ee195df550e) Importer(815301076,1909f56bfc062723c751e8b465ee728b)  -> (artifact id: 'b8b9ba4eccf466fa092b9118802459be') in 0.042454 seconds 
========================================================================
Received Prepare
Registering precompiled user dll's ...
Registered in 0.009411 seconds.
Begin MonoManager ReloadAssembly
Symbol file LoadedFromMemory doesn't match image C:\Users\Hadi\RunGun\Library\PackageCache\com.unity.visualscripting@1.7.8\Editor\VisualScripting.Core\Dependencies\YamlDotNet\Unity.VisualScripting.YamlDotNet.dll
Symbol file LoadedFromMemory doesn't match image C:\Users\Hadi\RunGun\Library\PackageCache\com.unity.visualscripting@1.7.8\Editor\VisualScripting.Core\Dependencies\DotNetZip\Unity.VisualScripting.IonicZip.dll
Native extension for UWP target not found
Native extension for WindowsStandalone target not found
Native extension for WebGL target not found
Refreshing native plugins compatible for Editor in 1.56 ms, found 4 plugins.
Preloading 0 native plugins for Editor in 0.00 ms.
Mono: successfully reloaded assembly
- Completed reload, in  2.434 seconds
Domain Reload Profiling:
	ReloadAssembly (2435ms)
		BeginReloadAssembly (284ms)
			ExecutionOrderSort (0ms)
			DisableScriptedObjects (8ms)
			BackupInstance (0ms)
			ReleaseScriptingObjects (0ms)
			CreateAndSetChildDomain (72ms)
		EndReloadAssembly (1918ms)
			LoadAssemblies (277ms)
			RebuildTransferFunctionScriptingTraits (0ms)
			SetupTypeCache (547ms)
			ReleaseScriptCaches (3ms)
			RebuildScriptCaches (119ms)
			SetupLoadedEditorAssemblies (889ms)
				LogAssemblyErrors (0ms)
				InitializePlatformSupportModulesInManaged (34ms)
				SetLoadedEditorAssemblies (1ms)
				RefreshPlugins (2ms)
				BeforeProcessingInitializeOnLoad (160ms)
				ProcessInitializeOnLoadAttributes (587ms)
				ProcessInitializeOnLoadMethodAttributes (87ms)
				AfterProcessingInitializeOnLoad (17ms)
				EditorAssembliesLoaded (0ms)
			ExecutionOrderSort2 (0ms)
			AwakeInstancesAfterBackupRestoration (20ms)
Platform modules already initialized, skipping
Refreshing native plugins compatible for Editor in 6.02 ms, found 4 plugins.
Preloading 0 native plugins for Editor in 0.00 ms.
Unloading 4208 Unused Serialized files (Serialized files now loaded: 0)
Unloading 33 unused Assets / (290.3 KB). Loaded Objects now: 5425.
Memory consumption went from 162.9 MB to 162.6 MB.
Total: 7.731100 ms (FindLiveObjects: 0.570300 ms CreateObjectMapping: 0.591900 ms MarkObjects: 6.277200 ms  DeleteObjects: 0.290200 ms)

AssetImportParameters requested are different than current active one (requested -> active):
  custom:video-decoder-ogg-theora: a1e56fd34408186e4bbccfd4996cb3dc -> 
  custom:container-muxer-webm: aa71ff27fc2769a1b78a27578f13a17b -> 
  custom:container-demuxer-webm: 4f35f7cbe854078d1ac9338744f61a02 -> 
  custom:video-encoder-webm-vp8: eb34c28f22e8b96e1ab97ce403110664 -> 
  custom:audio-encoder-webm-vorbis: bf7c407c2cedff20999df2af8eb42d56 -> 
  custom:framework-win-MediaFoundation: 216162199b28c13a410421893ffa2e32 -> 
  custom:SearchIndexIgnoredProperties: e643bd26f0fe6173181afceb89e7c659 -> 
  custom:container-demuxer-ogg: 62fdf1f143b41e24485cea50d1cbac27 -> 
  custom:video-decoder-webm-vp8: 9c59270c3fd7afecdb556c50c9e8de78 -> 
  custom:audio-decoder-ogg-vorbis: bf7c407c2cedff20999df2af8eb42d56 -> 
========================================================================
Received Import Request.
  Time since last request: 49.236532 seconds.
  path: Assets/Prefab/Pikeman.prefab
  artifactKey: Guid(1d4cbf6d648711240ace8ee195df550e) Importer(815301076,1909f56bfc062723c751e8b465ee728b)
Start importing Assets/Prefab/Pikeman.prefab using Guid(1d4cbf6d648711240ace8ee195df550e) Importer(815301076,1909f56bfc062723c751e8b465ee728b)  -> (artifact id: '5b1f68e48d71eae39f2a8290d1187304') in 0.114000 seconds 
========================================================================
Received Prepare
Registering precompiled user dll's ...
Registered in 0.009755 seconds.
Begin MonoManager ReloadAssembly
Symbol file LoadedFromMemory doesn't match image C:\Users\Hadi\RunGun\Library\PackageCache\com.unity.visualscripting@1.7.8\Editor\VisualScripting.Core\Dependencies\YamlDotNet\Unity.VisualScripting.YamlDotNet.dll
Symbol file LoadedFromMemory doesn't match image C:\Users\Hadi\RunGun\Library\PackageCache\com.unity.visualscripting@1.7.8\Editor\VisualScripting.Core\Dependencies\DotNetZip\Unity.VisualScripting.IonicZip.dll
Native extension for UWP target not found
Native extension for WindowsStandalone target not found
Native extension for WebGL target not found
Refreshing native plugins compatible for Editor in 1.00 ms, found 4 plugins.
Preloading 0 native plugins for Editor in 0.00 ms.
Mono: successfully reloaded assembly
- Completed reload, in  1.768 seconds
Domain Reload Profiling:
	ReloadAssembly (1769ms)
		BeginReloadAssembly (197ms)
			ExecutionOrderSort (0ms)
			DisableScriptedObjects (7ms)
			BackupInstance (0ms)
			ReleaseScriptingObjects (0ms)
			CreateAndSetChildDomain (42ms)
		EndReloadAssembly (1406ms)
			LoadAssemblies (174ms)
			RebuildTransferFunctionScriptingTraits (0ms)
			SetupTypeCache (424ms)
			ReleaseScriptCaches (2ms)
			RebuildScriptCaches (84ms)
			SetupLoadedEditorAssemblies (657ms)
				LogAssemblyErrors (0ms)
				InitializePlatformSupportModulesInManaged (24ms)
				SetLoadedEditorAssemblies (1ms)
				RefreshPlugins (1ms)
				BeforeProcessingInitializeOnLoad (124ms)
				ProcessInitializeOnLoadAttributes (429ms)
				ProcessInitializeOnLoadMethodAttributes (64ms)
				AfterProcessingInitializeOnLoad (12ms)
				EditorAssembliesLoaded (0ms)
			ExecutionOrderSort2 (0ms)
			AwakeInstancesAfterBackupRestoration (16ms)
Platform modules already initialized, skipping
Refreshing native plugins compatible for Editor in 4.73 ms, found 4 plugins.
Preloading 0 native plugins for Editor in 0.00 ms.
Unloading 4208 Unused Serialized files (Serialized files now loaded: 0)
Unloading 33 unused Assets / (289.3 KB). Loaded Objects now: 5440.
Memory consumption went from 163.1 MB to 162.8 MB.
Total: 4.705800 ms (FindLiveObjects: 0.535800 ms CreateObjectMapping: 0.383800 ms MarkObjects: 3.575800 ms  DeleteObjects: 0.209100 ms)

AssetImportParameters requested are different than current active one (requested -> active):
  custom:video-decoder-ogg-theora: a1e56fd34408186e4bbccfd4996cb3dc -> 
  custom:container-muxer-webm: aa71ff27fc2769a1b78a27578f13a17b -> 
  custom:container-demuxer-webm: 4f35f7cbe854078d1ac9338744f61a02 -> 
  custom:video-encoder-webm-vp8: eb34c28f22e8b96e1ab97ce403110664 -> 
  custom:audio-encoder-webm-vorbis: bf7c407c2cedff20999df2af8eb42d56 -> 
  custom:framework-win-MediaFoundation: 216162199b28c13a410421893ffa2e32 -> 
  custom:SearchIndexIgnoredProperties: e643bd26f0fe6173181afceb89e7c659 -> 
  custom:container-demuxer-ogg: 62fdf1f143b41e24485cea50d1cbac27 -> 
  custom:video-decoder-webm-vp8: 9c59270c3fd7afecdb556c50c9e8de78 -> 
  custom:audio-decoder-ogg-vorbis: bf7c407c2cedff20999df2af8eb42d56 -> 
========================================================================
Received Prepare
Registering precompiled user dll's ...
Registered in 0.009525 seconds.
Begin MonoManager ReloadAssembly
Symbol file LoadedFromMemory doesn't match image C:\Users\Hadi\RunGun\Library\PackageCache\com.unity.visualscripting@1.7.8\Editor\VisualScripting.Core\Dependencies\YamlDotNet\Unity.VisualScripting.YamlDotNet.dll
Symbol file LoadedFromMemory doesn't match image C:\Users\Hadi\RunGun\Library\PackageCache\com.unity.visualscripting@1.7.8\Editor\VisualScripting.Core\Dependencies\DotNetZip\Unity.VisualScripting.IonicZip.dll
Native extension for UWP target not found
Native extension for WindowsStandalone target not found
Native extension for WebGL target not found
Refreshing native plugins compatible for Editor in 3.33 ms, found 4 plugins.
Preloading 0 native plugins for Editor in 0.00 ms.
Mono: successfully reloaded assembly
- Completed reload, in  1.767 seconds
Domain Reload Profiling:
	ReloadAssembly (1770ms)
		BeginReloadAssembly (177ms)
			ExecutionOrderSort (0ms)
			DisableScriptedObjects (8ms)
			BackupInstance (0ms)
			ReleaseScriptingObjects (0ms)
			CreateAndSetChildDomain (45ms)
		EndReloadAssembly (1445ms)
			LoadAssemblies (137ms)
			RebuildTransferFunctionScriptingTraits (0ms)
			SetupTypeCache (438ms)
			ReleaseScriptCaches (2ms)
			RebuildScriptCaches (91ms)
			SetupLoadedEditorAssemblies (660ms)
				LogAssemblyErrors (0ms)
				InitializePlatformSupportModulesInManaged (32ms)
				SetLoadedEditorAssemblies (1ms)
				RefreshPlugins (3ms)
				BeforeProcessingInitializeOnLoad (126ms)
				ProcessInitializeOnLoadAttributes (417ms)
				ProcessInitializeOnLoadMethodAttributes (67ms)
				AfterProcessingInitializeOnLoad (13ms)
				EditorAssembliesLoaded (0ms)
			ExecutionOrderSort2 (0ms)
			AwakeInstancesAfterBackupRestoration (14ms)
Platform modules already initialized, skipping
Refreshing native plugins compatible for Editor in 3.42 ms, found 4 plugins.
Preloading 0 native plugins for Editor in 0.00 ms.
Unloading 4208 Unused Serialized files (Serialized files now loaded: 0)
Unloading 33 unused Assets / (289.1 KB). Loaded Objects now: 5455.
Memory consumption went from 163.1 MB to 162.8 MB.
Total: 6.018800 ms (FindLiveObjects: 0.622000 ms CreateObjectMapping: 0.386400 ms MarkObjects: 4.758000 ms  DeleteObjects: 0.251000 ms)

AssetImportParameters requested are different than current active one (requested -> active):
  custom:video-decoder-ogg-theora: a1e56fd34408186e4bbccfd4996cb3dc -> 
  custom:container-muxer-webm: aa71ff27fc2769a1b78a27578f13a17b -> 
  custom:container-demuxer-webm: 4f35f7cbe854078d1ac9338744f61a02 -> 
  custom:video-encoder-webm-vp8: eb34c28f22e8b96e1ab97ce403110664 -> 
  custom:audio-encoder-webm-vorbis: bf7c407c2cedff20999df2af8eb42d56 -> 
  custom:framework-win-MediaFoundation: 216162199b28c13a410421893ffa2e32 -> 
  custom:SearchIndexIgnoredProperties: e643bd26f0fe6173181afceb89e7c659 -> 
  custom:container-demuxer-ogg: 62fdf1f143b41e24485cea50d1cbac27 -> 
  custom:video-decoder-webm-vp8: 9c59270c3fd7afecdb556c50c9e8de78 -> 
  custom:audio-decoder-ogg-vorbis: bf7c407c2cedff20999df2af8eb42d56 -> 
========================================================================
Received Import Request.
  Time since last request: 85.909922 seconds.
  path: Assets/Prefab/Pikeman.prefab
  artifactKey: Guid(1d4cbf6d648711240ace8ee195df550e) Importer(815301076,1909f56bfc062723c751e8b465ee728b)
Start importing Assets/Prefab/Pikeman.prefab using Guid(1d4cbf6d648711240ace8ee195df550e) Importer(815301076,1909f56bfc062723c751e8b465ee728b)  -> (artifact id: '3a53b2445f5264873566d750102d140b') in 0.118952 seconds 
========================================================================
Received Import Request.
  Time since last request: 232.215656 seconds.
  path: Assets/Sprites/Enemies/Miner
  artifactKey: Guid(c4a2fd4c0e510f44598be7db270a6d00) Importer(815301076,1909f56bfc062723c751e8b465ee728b)
Start importing Assets/Sprites/Enemies/Miner using Guid(c4a2fd4c0e510f44598be7db270a6d00) Importer(815301076,1909f56bfc062723c751e8b465ee728b)  -> (artifact id: 'fdefef5fcb92ff60d1a11f37cfee689f') in 0.019614 seconds 
========================================================================
Received Import Request.
  Time since last request: 142.851599 seconds.
  path: Assets/Sprites/Enemies/Miner/Miner.overrideController
  artifactKey: Guid(10b48356c5bfac0449edf04364f569a1) Importer(815301076,1909f56bfc062723c751e8b465ee728b)
Start importing Assets/Sprites/Enemies/Miner/Miner.overrideController using Guid(10b48356c5bfac0449edf04364f569a1) Importer(815301076,1909f56bfc062723c751e8b465ee728b)  -> (artifact id: 'c7e8cab6fa2f646a4b86c935b1220800') in 0.015982 seconds 
========================================================================
Received Import Request.
  Time since last request: 250.733769 seconds.
  path: Assets/Sprites/Enemies/Miner/Miner.overrideController
  artifactKey: Guid(10b48356c5bfac0449edf04364f569a1) Importer(815301076,1909f56bfc062723c751e8b465ee728b)
Start importing Assets/Sprites/Enemies/Miner/Miner.overrideController using Guid(10b48356c5bfac0449edf04364f569a1) Importer(815301076,1909f56bfc062723c751e8b465ee728b)  -> (artifact id: '7c84c8272ac34d878d6b4d364a9ad819') in 0.045566 seconds 
========================================================================
Received Prepare
Registering precompiled user dll's ...
Registered in 0.009137 seconds.
Begin MonoManager ReloadAssembly
Symbol file LoadedFromMemory doesn't match image C:\Users\Hadi\RunGun\Library\PackageCache\com.unity.visualscripting@1.7.8\Editor\VisualScripting.Core\Dependencies\YamlDotNet\Unity.VisualScripting.YamlDotNet.dll
Symbol file LoadedFromMemory doesn't match image C:\Users\Hadi\RunGun\Library\PackageCache\com.unity.visualscripting@1.7.8\Editor\VisualScripting.Core\Dependencies\DotNetZip\Unity.VisualScripting.IonicZip.dll
Native extension for UWP target not found
Native extension for WindowsStandalone target not found
Native extension for WebGL target not found
Refreshing native plugins compatible for Editor in 1.83 ms, found 4 plugins.
Preloading 0 native plugins for Editor in 0.00 ms.
Mono: successfully reloaded assembly
- Completed reload, in  2.256 seconds
Domain Reload Profiling:
	ReloadAssembly (2257ms)
		BeginReloadAssembly (190ms)
			ExecutionOrderSort (0ms)
			DisableScriptedObjects (9ms)
			BackupInstance (0ms)
			ReleaseScriptingObjects (0ms)
			CreateAndSetChildDomain (51ms)
		EndReloadAssembly (1897ms)
			LoadAssemblies (163ms)
			RebuildTransferFunctionScriptingTraits (0ms)
			SetupTypeCache (580ms)
			ReleaseScriptCaches (3ms)
			RebuildScriptCaches (153ms)
			SetupLoadedEditorAssemblies (866ms)
				LogAssemblyErrors (0ms)
				InitializePlatformSupportModulesInManaged (35ms)
				SetLoadedEditorAssemblies (1ms)
				RefreshPlugins (2ms)
				BeforeProcessingInitializeOnLoad (160ms)
				ProcessInitializeOnLoadAttributes (568ms)
				ProcessInitializeOnLoadMethodAttributes (82ms)
				AfterProcessingInitializeOnLoad (18ms)
				EditorAssembliesLoaded (0ms)
			ExecutionOrderSort2 (0ms)
			AwakeInstancesAfterBackupRestoration (19ms)
Platform modules already initialized, skipping
Refreshing native plugins compatible for Editor in 4.83 ms, found 4 plugins.
Preloading 0 native plugins for Editor in 0.00 ms.
Unloading 4208 Unused Serialized files (Serialized files now loaded: 0)
Unloading 33 unused Assets / (289.1 KB). Loaded Objects now: 5470.
Memory consumption went from 163.1 MB to 162.8 MB.
Total: 7.820600 ms (FindLiveObjects: 0.699000 ms CreateObjectMapping: 0.403600 ms MarkObjects: 6.464000 ms  DeleteObjects: 0.252800 ms)

AssetImportParameters requested are different than current active one (requested -> active):
  custom:video-decoder-ogg-theora: a1e56fd34408186e4bbccfd4996cb3dc -> 
  custom:container-muxer-webm: aa71ff27fc2769a1b78a27578f13a17b -> 
  custom:container-demuxer-webm: 4f35f7cbe854078d1ac9338744f61a02 -> 
  custom:video-encoder-webm-vp8: eb34c28f22e8b96e1ab97ce403110664 -> 
  custom:audio-encoder-webm-vorbis: bf7c407c2cedff20999df2af8eb42d56 -> 
  custom:framework-win-MediaFoundation: 216162199b28c13a410421893ffa2e32 -> 
  custom:SearchIndexIgnoredProperties: e643bd26f0fe6173181afceb89e7c659 -> 
  custom:container-demuxer-ogg: 62fdf1f143b41e24485cea50d1cbac27 -> 
  custom:video-decoder-webm-vp8: 9c59270c3fd7afecdb556c50c9e8de78 -> 
  custom:audio-decoder-ogg-vorbis: bf7c407c2cedff20999df2af8eb42d56 -> 
========================================================================
Received Prepare
Registering precompiled user dll's ...
Registered in 0.010125 seconds.
Begin MonoManager ReloadAssembly
Symbol file LoadedFromMemory doesn't match image C:\Users\Hadi\RunGun\Library\PackageCache\com.unity.visualscripting@1.7.8\Editor\VisualScripting.Core\Dependencies\YamlDotNet\Unity.VisualScripting.YamlDotNet.dll
Symbol file LoadedFromMemory doesn't match image C:\Users\Hadi\RunGun\Library\PackageCache\com.unity.visualscripting@1.7.8\Editor\VisualScripting.Core\Dependencies\DotNetZip\Unity.VisualScripting.IonicZip.dll
Native extension for UWP target not found
Native extension for WindowsStandalone target not found
Native extension for WebGL target not found
Refreshing native plugins compatible for Editor in 1.08 ms, found 4 plugins.
Preloading 0 native plugins for Editor in 0.00 ms.
Mono: successfully reloaded assembly
- Completed reload, in  2.248 seconds
Domain Reload Profiling:
	ReloadAssembly (2250ms)
		BeginReloadAssembly (194ms)
			ExecutionOrderSort (0ms)
			DisableScriptedObjects (9ms)
			BackupInstance (0ms)
			ReleaseScriptingObjects (0ms)
			CreateAndSetChildDomain (49ms)
		EndReloadAssembly (1879ms)
			LoadAssemblies (177ms)
			RebuildTransferFunctionScriptingTraits (0ms)
			SetupTypeCache (532ms)
			ReleaseScriptCaches (3ms)
			RebuildScriptCaches (117ms)
			SetupLoadedEditorAssemblies (888ms)
				LogAssemblyErrors (0ms)
				InitializePlatformSupportModulesInManaged (30ms)
				SetLoadedEditorAssemblies (1ms)
				RefreshPlugins (1ms)
				BeforeProcessingInitializeOnLoad (157ms)
				ProcessInitializeOnLoadAttributes (553ms)
				ProcessInitializeOnLoadMethodAttributes (128ms)
				AfterProcessingInitializeOnLoad (16ms)
				EditorAssembliesLoaded (1ms)
			ExecutionOrderSort2 (0ms)
			AwakeInstancesAfterBackupRestoration (21ms)
Platform modules already initialized, skipping
Refreshing native plugins compatible for Editor in 6.71 ms, found 4 plugins.
Preloading 0 native plugins for Editor in 0.00 ms.
Unloading 4208 Unused Serialized files (Serialized files now loaded: 0)
Unloading 33 unused Assets / (289.1 KB). Loaded Objects now: 5485.
Memory consumption went from 163.1 MB to 162.8 MB.
Total: 7.615900 ms (FindLiveObjects: 0.557900 ms CreateObjectMapping: 0.452400 ms MarkObjects: 6.222400 ms  DeleteObjects: 0.381800 ms)

AssetImportParameters requested are different than current active one (requested -> active):
  custom:video-decoder-ogg-theora: a1e56fd34408186e4bbccfd4996cb3dc -> 
  custom:container-muxer-webm: aa71ff27fc2769a1b78a27578f13a17b -> 
  custom:container-demuxer-webm: 4f35f7cbe854078d1ac9338744f61a02 -> 
  custom:video-encoder-webm-vp8: eb34c28f22e8b96e1ab97ce403110664 -> 
  custom:audio-encoder-webm-vorbis: bf7c407c2cedff20999df2af8eb42d56 -> 
  custom:framework-win-MediaFoundation: 216162199b28c13a410421893ffa2e32 -> 
  custom:SearchIndexIgnoredProperties: e643bd26f0fe6173181afceb89e7c659 -> 
  custom:container-demuxer-ogg: 62fdf1f143b41e24485cea50d1cbac27 -> 
  custom:video-decoder-webm-vp8: 9c59270c3fd7afecdb556c50c9e8de78 -> 
  custom:audio-decoder-ogg-vorbis: bf7c407c2cedff20999df2af8eb42d56 -> 
========================================================================
Received Import Request.
  Time since last request: 298.058652 seconds.
  path: Assets/Prefab/MineMove.prefab
  artifactKey: Guid(8ccb471006ef3cc4cbca317227f9eb98) Importer(815301076,1909f56bfc062723c751e8b465ee728b)
Start importing Assets/Prefab/MineMove.prefab using Guid(8ccb471006ef3cc4cbca317227f9eb98) Importer(815301076,1909f56bfc062723c751e8b465ee728b)  -> (artifact id: 'ab684d548fdf29ace083508c8491981e') in 0.135537 seconds 
========================================================================
Received Prepare
Registering precompiled user dll's ...
Registered in 0.009088 seconds.
Begin MonoManager ReloadAssembly
Symbol file LoadedFromMemory doesn't match image C:\Users\Hadi\RunGun\Library\PackageCache\com.unity.visualscripting@1.7.8\Editor\VisualScripting.Core\Dependencies\YamlDotNet\Unity.VisualScripting.YamlDotNet.dll
Symbol file LoadedFromMemory doesn't match image C:\Users\Hadi\RunGun\Library\PackageCache\com.unity.visualscripting@1.7.8\Editor\VisualScripting.Core\Dependencies\DotNetZip\Unity.VisualScripting.IonicZip.dll
Native extension for UWP target not found
Native extension for WindowsStandalone target not found
Native extension for WebGL target not found
Refreshing native plugins compatible for Editor in 1.00 ms, found 4 plugins.
Preloading 0 native plugins for Editor in 0.00 ms.
Mono: successfully reloaded assembly
- Completed reload, in  2.443 seconds
Domain Reload Profiling:
	ReloadAssembly (2444ms)
		BeginReloadAssembly (181ms)
			ExecutionOrderSort (0ms)
			DisableScriptedObjects (8ms)
			BackupInstance (0ms)
			ReleaseScriptingObjects (0ms)
			CreateAndSetChildDomain (55ms)
		EndReloadAssembly (2100ms)
			LoadAssemblies (125ms)
			RebuildTransferFunctionScriptingTraits (0ms)
			SetupTypeCache (499ms)
			ReleaseScriptCaches (4ms)
			RebuildScriptCaches (119ms)
			SetupLoadedEditorAssemblies (1183ms)
				LogAssemblyErrors (0ms)
				InitializePlatformSupportModulesInManaged (32ms)
				SetLoadedEditorAssemblies (2ms)
				RefreshPlugins (1ms)
				BeforeProcessingInitializeOnLoad (256ms)
				ProcessInitializeOnLoadAttributes (822ms)
				ProcessInitializeOnLoadMethodAttributes (57ms)
				AfterProcessingInitializeOnLoad (13ms)
				EditorAssembliesLoaded (0ms)
			ExecutionOrderSort2 (0ms)
			AwakeInstancesAfterBackupRestoration (17ms)
Platform modules already initialized, skipping
Refreshing native plugins compatible for Editor in 3.67 ms, found 4 plugins.
Preloading 0 native plugins for Editor in 0.00 ms.
Unloading 4208 Unused Serialized files (Serialized files now loaded: 0)
Unloading 33 unused Assets / (289.2 KB). Loaded Objects now: 5500.
Memory consumption went from 163.1 MB to 162.9 MB.
Total: 6.033600 ms (FindLiveObjects: 0.550300 ms CreateObjectMapping: 0.331600 ms MarkObjects: 4.856800 ms  DeleteObjects: 0.293400 ms)

AssetImportParameters requested are different than current active one (requested -> active):
  custom:video-decoder-ogg-theora: a1e56fd34408186e4bbccfd4996cb3dc -> 
  custom:container-muxer-webm: aa71ff27fc2769a1b78a27578f13a17b -> 
  custom:container-demuxer-webm: 4f35f7cbe854078d1ac9338744f61a02 -> 
  custom:video-encoder-webm-vp8: eb34c28f22e8b96e1ab97ce403110664 -> 
  custom:audio-encoder-webm-vorbis: bf7c407c2cedff20999df2af8eb42d56 -> 
  custom:framework-win-MediaFoundation: 216162199b28c13a410421893ffa2e32 -> 
  custom:SearchIndexIgnoredProperties: e643bd26f0fe6173181afceb89e7c659 -> 
  custom:container-demuxer-ogg: 62fdf1f143b41e24485cea50d1cbac27 -> 
  custom:video-decoder-webm-vp8: 9c59270c3fd7afecdb556c50c9e8de78 -> 
  custom:audio-decoder-ogg-vorbis: bf7c407c2cedff20999df2af8eb42d56 -> 
========================================================================
Received Import Request.
  Time since last request: 346.510432 seconds.
  path: Assets/Scripts/Patrol.cs
  artifactKey: Guid(37d4a5d469c55a843bd4cbb872d832c7) Importer(815301076,1909f56bfc062723c751e8b465ee728b)
Start importing Assets/Scripts/Patrol.cs using Guid(37d4a5d469c55a843bd4cbb872d832c7) Importer(815301076,1909f56bfc062723c751e8b465ee728b)  -> (artifact id: 'ea0a839c38db186470cbf41e8d17e1a4') in 0.141179 seconds 
========================================================================
Received Prepare
Registering precompiled user dll's ...
Registered in 0.053756 seconds.
Begin MonoManager ReloadAssembly
Symbol file LoadedFromMemory doesn't match image C:\Users\Hadi\RunGun\Library\PackageCache\com.unity.visualscripting@1.7.8\Editor\VisualScripting.Core\Dependencies\YamlDotNet\Unity.VisualScripting.YamlDotNet.dll
Symbol file LoadedFromMemory doesn't match image C:\Users\Hadi\RunGun\Library\PackageCache\com.unity.visualscripting@1.7.8\Editor\VisualScripting.Core\Dependencies\DotNetZip\Unity.VisualScripting.IonicZip.dll
Native extension for UWP target not found
Native extension for WindowsStandalone target not found
Native extension for WebGL target not found
Refreshing native plugins compatible for Editor in 1.04 ms, found 4 plugins.
Preloading 0 native plugins for Editor in 0.00 ms.
Mono: successfully reloaded assembly
- Completed reload, in  2.087 seconds
Domain Reload Profiling:
	ReloadAssembly (2089ms)
		BeginReloadAssembly (248ms)
			ExecutionOrderSort (0ms)
			DisableScriptedObjects (13ms)
			BackupInstance (0ms)
			ReleaseScriptingObjects (0ms)
			CreateAndSetChildDomain (66ms)
		EndReloadAssembly (1652ms)
			LoadAssemblies (162ms)
			RebuildTransferFunctionScriptingTraits (0ms)
			SetupTypeCache (478ms)
			ReleaseScriptCaches (3ms)
			RebuildScriptCaches (97ms)
			SetupLoadedEditorAssemblies (840ms)
				LogAssemblyErrors (0ms)
				InitializePlatformSupportModulesInManaged (28ms)
				SetLoadedEditorAssemblies (1ms)
				RefreshPlugins (1ms)
				BeforeProcessingInitializeOnLoad (145ms)
				ProcessInitializeOnLoadAttributes (576ms)
				ProcessInitializeOnLoadMethodAttributes (72ms)
				AfterProcessingInitializeOnLoad (16ms)
				EditorAssembliesLoaded (0ms)
			ExecutionOrderSort2 (0ms)
			AwakeInstancesAfterBackupRestoration (15ms)
Platform modules already initialized, skipping
Refreshing native plugins compatible for Editor in 5.05 ms, found 4 plugins.
Preloading 0 native plugins for Editor in 0.00 ms.
Unloading 4209 Unused Serialized files (Serialized files now loaded: 0)
Unloading 33 unused Assets / (290.2 KB). Loaded Objects now: 5516.
Memory consumption went from 163.2 MB to 162.9 MB.
Total: 7.425500 ms (FindLiveObjects: 0.812400 ms CreateObjectMapping: 0.528800 ms MarkObjects: 5.837000 ms  DeleteObjects: 0.245400 ms)

AssetImportParameters requested are different than current active one (requested -> active):
  custom:video-decoder-ogg-theora: a1e56fd34408186e4bbccfd4996cb3dc -> 
  custom:container-muxer-webm: aa71ff27fc2769a1b78a27578f13a17b -> 
  custom:container-demuxer-webm: 4f35f7cbe854078d1ac9338744f61a02 -> 
  custom:video-encoder-webm-vp8: eb34c28f22e8b96e1ab97ce403110664 -> 
  custom:audio-encoder-webm-vorbis: bf7c407c2cedff20999df2af8eb42d56 -> 
  custom:framework-win-MediaFoundation: 216162199b28c13a410421893ffa2e32 -> 
  custom:SearchIndexIgnoredProperties: e643bd26f0fe6173181afceb89e7c659 -> 
  custom:container-demuxer-ogg: 62fdf1f143b41e24485cea50d1cbac27 -> 
  custom:video-decoder-webm-vp8: 9c59270c3fd7afecdb556c50c9e8de78 -> 
  custom:audio-decoder-ogg-vorbis: bf7c407c2cedff20999df2af8eb42d56 -> 
========================================================================
Received Import Request.
  Time since last request: 869.038811 seconds.
  path: Assets/Scripts/Patrol.cs
  artifactKey: Guid(37d4a5d469c55a843bd4cbb872d832c7) Importer(815301076,1909f56bfc062723c751e8b465ee728b)
Start importing Assets/Scripts/Patrol.cs using Guid(37d4a5d469c55a843bd4cbb872d832c7) Importer(815301076,1909f56bfc062723c751e8b465ee728b)  -> (artifact id: '4de434cc5eab0a07fc8667732cc5575d') in 0.054295 seconds 
========================================================================
Received Prepare
Registering precompiled user dll's ...
Registered in 0.012441 seconds.
Begin MonoManager ReloadAssembly
Symbol file LoadedFromMemory doesn't match image C:\Users\Hadi\RunGun\Library\PackageCache\com.unity.visualscripting@1.7.8\Editor\VisualScripting.Core\Dependencies\YamlDotNet\Unity.VisualScripting.YamlDotNet.dll
Symbol file LoadedFromMemory doesn't match image C:\Users\Hadi\RunGun\Library\PackageCache\com.unity.visualscripting@1.7.8\Editor\VisualScripting.Core\Dependencies\DotNetZip\Unity.VisualScripting.IonicZip.dll
Native extension for UWP target not found
Native extension for WindowsStandalone target not found
Native extension for WebGL target not found
Refreshing native plugins compatible for Editor in 0.95 ms, found 4 plugins.
Preloading 0 native plugins for Editor in 0.00 ms.
Mono: successfully reloaded assembly
- Completed reload, in  1.857 seconds
Domain Reload Profiling:
	ReloadAssembly (1858ms)
		BeginReloadAssembly (213ms)
			ExecutionOrderSort (0ms)
			DisableScriptedObjects (14ms)
			BackupInstance (0ms)
			ReleaseScriptingObjects (0ms)
			CreateAndSetChildDomain (54ms)
		EndReloadAssembly (1463ms)
			LoadAssemblies (148ms)
			RebuildTransferFunctionScriptingTraits (0ms)
			SetupTypeCache (432ms)
			ReleaseScriptCaches (2ms)
			RebuildScriptCaches (83ms)
			SetupLoadedEditorAssemblies (718ms)
				LogAssemblyErrors (0ms)
				InitializePlatformSupportModulesInManaged (27ms)
				SetLoadedEditorAssemblies (1ms)
				RefreshPlugins (1ms)
				BeforeProcessingInitializeOnLoad (131ms)
				ProcessInitializeOnLoadAttributes (476ms)
				ProcessInitializeOnLoadMethodAttributes (67ms)
				AfterProcessingInitializeOnLoad (15ms)
				EditorAssembliesLoaded (0ms)
			ExecutionOrderSort2 (0ms)
			AwakeInstancesAfterBackupRestoration (15ms)
Platform modules already initialized, skipping
Refreshing native plugins compatible for Editor in 4.53 ms, found 4 plugins.
Preloading 0 native plugins for Editor in 0.00 ms.
Unloading 4209 Unused Serialized files (Serialized files now loaded: 0)
Unloading 33 unused Assets / (290.2 KB). Loaded Objects now: 5531.
Memory consumption went from 163.2 MB to 162.9 MB.
Total: 6.842100 ms (FindLiveObjects: 0.759400 ms CreateObjectMapping: 0.572200 ms MarkObjects: 5.268300 ms  DeleteObjects: 0.240500 ms)

AssetImportParameters requested are different than current active one (requested -> active):
  custom:video-decoder-ogg-theora: a1e56fd34408186e4bbccfd4996cb3dc -> 
  custom:container-muxer-webm: aa71ff27fc2769a1b78a27578f13a17b -> 
  custom:container-demuxer-webm: 4f35f7cbe854078d1ac9338744f61a02 -> 
  custom:video-encoder-webm-vp8: eb34c28f22e8b96e1ab97ce403110664 -> 
  custom:audio-encoder-webm-vorbis: bf7c407c2cedff20999df2af8eb42d56 -> 
  custom:framework-win-MediaFoundation: 216162199b28c13a410421893ffa2e32 -> 
  custom:SearchIndexIgnoredProperties: e643bd26f0fe6173181afceb89e7c659 -> 
  custom:container-demuxer-ogg: 62fdf1f143b41e24485cea50d1cbac27 -> 
  custom:video-decoder-webm-vp8: 9c59270c3fd7afecdb556c50c9e8de78 -> 
  custom:audio-decoder-ogg-vorbis: bf7c407c2cedff20999df2af8eb42d56 -> 
========================================================================
Received Prepare
Registering precompiled user dll's ...
Registered in 0.009948 seconds.
Begin MonoManager ReloadAssembly
Symbol file LoadedFromMemory doesn't match image C:\Users\Hadi\RunGun\Library\PackageCache\com.unity.visualscripting@1.7.8\Editor\VisualScripting.Core\Dependencies\YamlDotNet\Unity.VisualScripting.YamlDotNet.dll
Symbol file LoadedFromMemory doesn't match image C:\Users\Hadi\RunGun\Library\PackageCache\com.unity.visualscripting@1.7.8\Editor\VisualScripting.Core\Dependencies\DotNetZip\Unity.VisualScripting.IonicZip.dll
Native extension for UWP target not found
Native extension for WindowsStandalone target not found
Native extension for WebGL target not found
Refreshing native plugins compatible for Editor in 1.12 ms, found 4 plugins.
Preloading 0 native plugins for Editor in 0.00 ms.
Mono: successfully reloaded assembly
- Completed reload, in  2.115 seconds
Domain Reload Profiling:
	ReloadAssembly (2116ms)
		BeginReloadAssembly (243ms)
			ExecutionOrderSort (0ms)
			DisableScriptedObjects (8ms)
			BackupInstance (0ms)
			ReleaseScriptingObjects (0ms)
			CreateAndSetChildDomain (54ms)
		EndReloadAssembly (1674ms)
			LoadAssemblies (215ms)
			RebuildTransferFunctionScriptingTraits (0ms)
			SetupTypeCache (498ms)
			ReleaseScriptCaches (2ms)
			RebuildScriptCaches (157ms)
			SetupLoadedEditorAssemblies (742ms)
				LogAssemblyErrors (0ms)
				InitializePlatformSupportModulesInManaged (24ms)
				SetLoadedEditorAssemblies (1ms)
				RefreshPlugins (1ms)
				BeforeProcessingInitializeOnLoad (139ms)
				ProcessInitializeOnLoadAttributes (493ms)
				ProcessInitializeOnLoadMethodAttributes (70ms)
				AfterProcessingInitializeOnLoad (13ms)
				EditorAssembliesLoaded (0ms)
			ExecutionOrderSort2 (0ms)
			AwakeInstancesAfterBackupRestoration (20ms)
Platform modules already initialized, skipping
Refreshing native plugins compatible for Editor in 4.66 ms, found 4 plugins.
Preloading 0 native plugins for Editor in 0.00 ms.
Unloading 4209 Unused Serialized files (Serialized files now loaded: 0)
Unloading 33 unused Assets / (289.0 KB). Loaded Objects now: 5546.
Memory consumption went from 163.3 MB to 163.0 MB.
Total: 8.880200 ms (FindLiveObjects: 0.554500 ms CreateObjectMapping: 0.441300 ms MarkObjects: 7.542100 ms  DeleteObjects: 0.341100 ms)

AssetImportParameters requested are different than current active one (requested -> active):
  custom:video-decoder-ogg-theora: a1e56fd34408186e4bbccfd4996cb3dc -> 
  custom:container-muxer-webm: aa71ff27fc2769a1b78a27578f13a17b -> 
  custom:container-demuxer-webm: 4f35f7cbe854078d1ac9338744f61a02 -> 
  custom:video-encoder-webm-vp8: eb34c28f22e8b96e1ab97ce403110664 -> 
  custom:audio-encoder-webm-vorbis: bf7c407c2cedff20999df2af8eb42d56 -> 
  custom:framework-win-MediaFoundation: 216162199b28c13a410421893ffa2e32 -> 
  custom:SearchIndexIgnoredProperties: e643bd26f0fe6173181afceb89e7c659 -> 
  custom:container-demuxer-ogg: 62fdf1f143b41e24485cea50d1cbac27 -> 
  custom:video-decoder-webm-vp8: 9c59270c3fd7afecdb556c50c9e8de78 -> 
  custom:audio-decoder-ogg-vorbis: bf7c407c2cedff20999df2af8eb42d56 -> 
========================================================================
Received Import Request.
  Time since last request: 804.432535 seconds.
  path: Assets/Enemy Bullet.prefab
  artifactKey: Guid(56735f80525c6fe46a2dd08b8f222055) Importer(815301076,1909f56bfc062723c751e8b465ee728b)
Start importing Assets/Enemy Bullet.prefab using Guid(56735f80525c6fe46a2dd08b8f222055) Importer(815301076,1909f56bfc062723c751e8b465ee728b)  -> (artifact id: 'ca9f1b07f2d03ef2dead4f73bae134c6') in 0.148717 seconds 
========================================================================
Received Import Request.
  Time since last request: 92.339057 seconds.
  path: Assets/Prefab/Patrol.prefab
  artifactKey: Guid(33d54776866e0d9498e67f9f9016a52d) Importer(815301076,1909f56bfc062723c751e8b465ee728b)
Start importing Assets/Prefab/Patrol.prefab using Guid(33d54776866e0d9498e67f9f9016a52d) Importer(815301076,1909f56bfc062723c751e8b465ee728b)  -> (artifact id: '68377e637a5a5143bb86599cae7fef25') in 0.054267 seconds 
========================================================================
Received Import Request.
  Time since last request: 82.546230 seconds.
  path: Assets/Prefab/Enemy Bullet.prefab
  artifactKey: Guid(56735f80525c6fe46a2dd08b8f222055) Importer(815301076,1909f56bfc062723c751e8b465ee728b)
Start importing Assets/Prefab/Enemy Bullet.prefab using Guid(56735f80525c6fe46a2dd08b8f222055) Importer(815301076,1909f56bfc062723c751e8b465ee728b)  -> (artifact id: 'c99e27903c388885414e0bfc72306fd0') in 0.017590 seconds 
========================================================================
Received Import Request.
  Time since last request: 65.490716 seconds.
  path: Assets/Prefab/Bomberfly.prefab
  artifactKey: Guid(cd0e7c2a660b6cf44bdfd2699ee67bc1) Importer(815301076,1909f56bfc062723c751e8b465ee728b)
Start importing Assets/Prefab/Bomberfly.prefab using Guid(cd0e7c2a660b6cf44bdfd2699ee67bc1) Importer(815301076,1909f56bfc062723c751e8b465ee728b)  -> (artifact id: 'd19c9fd21a8e283de516f9c86df98727') in 0.039547 seconds 
========================================================================
Received Import Request.
  Time since last request: 4.681083 seconds.
  path: Assets/Prefab/MineMove.prefab
  artifactKey: Guid(8ccb471006ef3cc4cbca317227f9eb98) Importer(815301076,1909f56bfc062723c751e8b465ee728b)
Start importing Assets/Prefab/MineMove.prefab using Guid(8ccb471006ef3cc4cbca317227f9eb98) Importer(815301076,1909f56bfc062723c751e8b465ee728b)  -> (artifact id: '1def5805af9f3161b9898dbf46da6e0f') in 0.061629 seconds 
========================================================================
Received Import Request.
  Time since last request: 12.842794 seconds.
  path: Assets/Prefab/Patrol.prefab
  artifactKey: Guid(33d54776866e0d9498e67f9f9016a52d) Importer(815301076,1909f56bfc062723c751e8b465ee728b)
Start importing Assets/Prefab/Patrol.prefab using Guid(33d54776866e0d9498e67f9f9016a52d) Importer(815301076,1909f56bfc062723c751e8b465ee728b)  -> (artifact id: '54a34837b7fe7104a35c73f962903d10') in 0.029559 seconds 
========================================================================
Received Prepare
Registering precompiled user dll's ...
Registered in 0.009161 seconds.
Begin MonoManager ReloadAssembly
Symbol file LoadedFromMemory doesn't match image C:\Users\Hadi\RunGun\Library\PackageCache\com.unity.visualscripting@1.7.8\Editor\VisualScripting.Core\Dependencies\YamlDotNet\Unity.VisualScripting.YamlDotNet.dll
Symbol file LoadedFromMemory doesn't match image C:\Users\Hadi\RunGun\Library\PackageCache\com.unity.visualscripting@1.7.8\Editor\VisualScripting.Core\Dependencies\DotNetZip\Unity.VisualScripting.IonicZip.dll
Native extension for UWP target not found
Native extension for WindowsStandalone target not found
Native extension for WebGL target not found
Refreshing native plugins compatible for Editor in 0.89 ms, found 4 plugins.
Preloading 0 native plugins for Editor in 0.00 ms.
Mono: successfully reloaded assembly
- Completed reload, in  2.169 seconds
Domain Reload Profiling:
	ReloadAssembly (2171ms)
		BeginReloadAssembly (239ms)
			ExecutionOrderSort (0ms)
			DisableScriptedObjects (14ms)
			BackupInstance (0ms)
			ReleaseScriptingObjects (0ms)
			CreateAndSetChildDomain (62ms)
		EndReloadAssembly (1738ms)
			LoadAssemblies (177ms)
			RebuildTransferFunctionScriptingTraits (0ms)
			SetupTypeCache (471ms)
			ReleaseScriptCaches (4ms)
			RebuildScriptCaches (87ms)
			SetupLoadedEditorAssemblies (892ms)
				LogAssemblyErrors (0ms)
				InitializePlatformSupportModulesInManaged (34ms)
				SetLoadedEditorAssemblies (1ms)
				RefreshPlugins (1ms)
				BeforeProcessingInitializeOnLoad (156ms)
				ProcessInitializeOnLoadAttributes (546ms)
				ProcessInitializeOnLoadMethodAttributes (122ms)
				AfterProcessingInitializeOnLoad (32ms)
				EditorAssembliesLoaded (1ms)
			ExecutionOrderSort2 (0ms)
			AwakeInstancesAfterBackupRestoration (34ms)
Platform modules already initialized, skipping
Refreshing native plugins compatible for Editor in 4.60 ms, found 4 plugins.
Preloading 0 native plugins for Editor in 0.00 ms.
Unloading 4209 Unused Serialized files (Serialized files now loaded: 0)
Unloading 33 unused Assets / (288.9 KB). Loaded Objects now: 5561.
Memory consumption went from 163.3 MB to 163.0 MB.
Total: 5.067400 ms (FindLiveObjects: 0.528400 ms CreateObjectMapping: 0.353800 ms MarkObjects: 3.978700 ms  DeleteObjects: 0.205100 ms)

AssetImportParameters requested are different than current active one (requested -> active):
  custom:video-decoder-ogg-theora: a1e56fd34408186e4bbccfd4996cb3dc -> 
  custom:container-muxer-webm: aa71ff27fc2769a1b78a27578f13a17b -> 
  custom:container-demuxer-webm: 4f35f7cbe854078d1ac9338744f61a02 -> 
  custom:video-encoder-webm-vp8: eb34c28f22e8b96e1ab97ce403110664 -> 
  custom:audio-encoder-webm-vorbis: bf7c407c2cedff20999df2af8eb42d56 -> 
  custom:framework-win-MediaFoundation: 216162199b28c13a410421893ffa2e32 -> 
  custom:SearchIndexIgnoredProperties: e643bd26f0fe6173181afceb89e7c659 -> 
  custom:container-demuxer-ogg: 62fdf1f143b41e24485cea50d1cbac27 -> 
  custom:video-decoder-webm-vp8: 9c59270c3fd7afecdb556c50c9e8de78 -> 
  custom:audio-decoder-ogg-vorbis: bf7c407c2cedff20999df2af8eb42d56 -> 
========================================================================
Received Prepare
Registering precompiled user dll's ...
Registered in 0.009344 seconds.
Begin MonoManager ReloadAssembly
Symbol file LoadedFromMemory doesn't match image C:\Users\Hadi\RunGun\Library\PackageCache\com.unity.visualscripting@1.7.8\Editor\VisualScripting.Core\Dependencies\YamlDotNet\Unity.VisualScripting.YamlDotNet.dll
Symbol file LoadedFromMemory doesn't match image C:\Users\Hadi\RunGun\Library\PackageCache\com.unity.visualscripting@1.7.8\Editor\VisualScripting.Core\Dependencies\DotNetZip\Unity.VisualScripting.IonicZip.dll
Native extension for UWP target not found
Native extension for WindowsStandalone target not found
Native extension for WebGL target not found
Refreshing native plugins compatible for Editor in 1.08 ms, found 4 plugins.
Preloading 0 native plugins for Editor in 0.00 ms.
Mono: successfully reloaded assembly
- Completed reload, in  1.946 seconds
Domain Reload Profiling:
	ReloadAssembly (1946ms)
		BeginReloadAssembly (184ms)
			ExecutionOrderSort (0ms)
			DisableScriptedObjects (9ms)
			BackupInstance (0ms)
			ReleaseScriptingObjects (0ms)
			CreateAndSetChildDomain (49ms)
		EndReloadAssembly (1613ms)
			LoadAssemblies (136ms)
			RebuildTransferFunctionScriptingTraits (0ms)
			SetupTypeCache (482ms)
			ReleaseScriptCaches (2ms)
			RebuildScriptCaches (105ms)
			SetupLoadedEditorAssemblies (746ms)
				LogAssemblyErrors (0ms)
				InitializePlatformSupportModulesInManaged (25ms)
				SetLoadedEditorAssemblies (2ms)
				RefreshPlugins (1ms)
				BeforeProcessingInitializeOnLoad (148ms)
				ProcessInitializeOnLoadAttributes (477ms)
				ProcessInitializeOnLoadMethodAttributes (75ms)
				AfterProcessingInitializeOnLoad (18ms)
				EditorAssembliesLoaded (0ms)
			ExecutionOrderSort2 (0ms)
			AwakeInstancesAfterBackupRestoration (20ms)
Platform modules already initialized, skipping
Refreshing native plugins compatible for Editor in 3.62 ms, found 4 plugins.
Preloading 0 native plugins for Editor in 0.00 ms.
Unloading 4209 Unused Serialized files (Serialized files now loaded: 0)
Unloading 33 unused Assets / (289.3 KB). Loaded Objects now: 5576.
Memory consumption went from 163.3 MB to 163.0 MB.
Total: 4.697200 ms (FindLiveObjects: 0.683700 ms CreateObjectMapping: 0.386000 ms MarkObjects: 3.422700 ms  DeleteObjects: 0.203300 ms)

AssetImportParameters requested are different than current active one (requested -> active):
  custom:video-decoder-ogg-theora: a1e56fd34408186e4bbccfd4996cb3dc -> 
  custom:container-muxer-webm: aa71ff27fc2769a1b78a27578f13a17b -> 
  custom:container-demuxer-webm: 4f35f7cbe854078d1ac9338744f61a02 -> 
  custom:video-encoder-webm-vp8: eb34c28f22e8b96e1ab97ce403110664 -> 
  custom:audio-encoder-webm-vorbis: bf7c407c2cedff20999df2af8eb42d56 -> 
  custom:framework-win-MediaFoundation: 216162199b28c13a410421893ffa2e32 -> 
  custom:SearchIndexIgnoredProperties: e643bd26f0fe6173181afceb89e7c659 -> 
  custom:container-demuxer-ogg: 62fdf1f143b41e24485cea50d1cbac27 -> 
  custom:video-decoder-webm-vp8: 9c59270c3fd7afecdb556c50c9e8de78 -> 
  custom:audio-decoder-ogg-vorbis: bf7c407c2cedff20999df2af8eb42d56 -> 
========================================================================
Received Import Request.
  Time since last request: 162.352209 seconds.
  path: Assets/Prefab/Patrol.prefab
  artifactKey: Guid(33d54776866e0d9498e67f9f9016a52d) Importer(815301076,1909f56bfc062723c751e8b465ee728b)
Start importing Assets/Prefab/Patrol.prefab using Guid(33d54776866e0d9498e67f9f9016a52d) Importer(815301076,1909f56bfc062723c751e8b465ee728b)  -> (artifact id: '679925894140c59373d4e3ae48296d9b') in 0.264513 seconds 
========================================================================
Received Prepare
Registering precompiled user dll's ...
Registered in 0.013155 seconds.
Begin MonoManager ReloadAssembly
Symbol file LoadedFromMemory doesn't match image C:\Users\Hadi\RunGun\Library\PackageCache\com.unity.visualscripting@1.7.8\Editor\VisualScripting.Core\Dependencies\YamlDotNet\Unity.VisualScripting.YamlDotNet.dll
Symbol file LoadedFromMemory doesn't match image C:\Users\Hadi\RunGun\Library\PackageCache\com.unity.visualscripting@1.7.8\Editor\VisualScripting.Core\Dependencies\DotNetZip\Unity.VisualScripting.IonicZip.dll
Native extension for UWP target not found
Native extension for WindowsStandalone target not found
Native extension for WebGL target not found
Refreshing native plugins compatible for Editor in 1.18 ms, found 4 plugins.
Preloading 0 native plugins for Editor in 0.00 ms.
Mono: successfully reloaded assembly
- Completed reload, in  2.082 seconds
Domain Reload Profiling:
	ReloadAssembly (2084ms)
		BeginReloadAssembly (313ms)
			ExecutionOrderSort (0ms)
			DisableScriptedObjects (9ms)
			BackupInstance (0ms)
			ReleaseScriptingObjects (0ms)
			CreateAndSetChildDomain (95ms)
		EndReloadAssembly (1572ms)
			LoadAssemblies (205ms)
			RebuildTransferFunctionScriptingTraits (0ms)
			SetupTypeCache (454ms)
			ReleaseScriptCaches (3ms)
			RebuildScriptCaches (119ms)
			SetupLoadedEditorAssemblies (729ms)
				LogAssemblyErrors (0ms)
				InitializePlatformSupportModulesInManaged (26ms)
				SetLoadedEditorAssemblies (1ms)
				RefreshPlugins (1ms)
				BeforeProcessingInitializeOnLoad (159ms)
				ProcessInitializeOnLoadAttributes (456ms)
				ProcessInitializeOnLoadMethodAttributes (66ms)
				AfterProcessingInitializeOnLoad (20ms)
				EditorAssembliesLoaded (0ms)
			ExecutionOrderSort2 (0ms)
			AwakeInstancesAfterBackupRestoration (20ms)
Platform modules already initialized, skipping
Refreshing native plugins compatible for Editor in 4.83 ms, found 4 plugins.
Preloading 0 native plugins for Editor in 0.00 ms.
Unloading 4209 Unused Serialized files (Serialized files now loaded: 0)
Unloading 33 unused Assets / (288.9 KB). Loaded Objects now: 5591.
Memory consumption went from 163.3 MB to 163.0 MB.
Total: 6.745100 ms (FindLiveObjects: 0.767900 ms CreateObjectMapping: 0.463200 ms MarkObjects: 5.283600 ms  DeleteObjects: 0.228900 ms)

AssetImportParameters requested are different than current active one (requested -> active):
  custom:video-decoder-ogg-theora: a1e56fd34408186e4bbccfd4996cb3dc -> 
  custom:container-muxer-webm: aa71ff27fc2769a1b78a27578f13a17b -> 
  custom:container-demuxer-webm: 4f35f7cbe854078d1ac9338744f61a02 -> 
  custom:video-encoder-webm-vp8: eb34c28f22e8b96e1ab97ce403110664 -> 
  custom:audio-encoder-webm-vorbis: bf7c407c2cedff20999df2af8eb42d56 -> 
  custom:framework-win-MediaFoundation: 216162199b28c13a410421893ffa2e32 -> 
  custom:SearchIndexIgnoredProperties: e643bd26f0fe6173181afceb89e7c659 -> 
  custom:container-demuxer-ogg: 62fdf1f143b41e24485cea50d1cbac27 -> 
  custom:video-decoder-webm-vp8: 9c59270c3fd7afecdb556c50c9e8de78 -> 
  custom:audio-decoder-ogg-vorbis: bf7c407c2cedff20999df2af8eb42d56 -> 
========================================================================
Received Import Request.
  Time since last request: 36.471746 seconds.
  path: Assets/Prefab/Patrol.prefab
  artifactKey: Guid(33d54776866e0d9498e67f9f9016a52d) Importer(815301076,1909f56bfc062723c751e8b465ee728b)
Start importing Assets/Prefab/Patrol.prefab using Guid(33d54776866e0d9498e67f9f9016a52d) Importer(815301076,1909f56bfc062723c751e8b465ee728b)  -> (artifact id: '6bba312105b5b311bc1f39193eaa46d8') in 0.119778 seconds 
========================================================================
Received Prepare
Registering precompiled user dll's ...
Registered in 0.011613 seconds.
Begin MonoManager ReloadAssembly
Symbol file LoadedFromMemory doesn't match image C:\Users\Hadi\RunGun\Library\PackageCache\com.unity.visualscripting@1.7.8\Editor\VisualScripting.Core\Dependencies\YamlDotNet\Unity.VisualScripting.YamlDotNet.dll
Symbol file LoadedFromMemory doesn't match image C:\Users\Hadi\RunGun\Library\PackageCache\com.unity.visualscripting@1.7.8\Editor\VisualScripting.Core\Dependencies\DotNetZip\Unity.VisualScripting.IonicZip.dll
Native extension for UWP target not found
Native extension for WindowsStandalone target not found
Native extension for WebGL target not found
Refreshing native plugins compatible for Editor in 1.38 ms, found 4 plugins.
Preloading 0 native plugins for Editor in 0.00 ms.
Mono: successfully reloaded assembly
- Completed reload, in  2.101 seconds
Domain Reload Profiling:
	ReloadAssembly (2103ms)
		BeginReloadAssembly (303ms)
			ExecutionOrderSort (0ms)
			DisableScriptedObjects (8ms)
			BackupInstance (0ms)
			ReleaseScriptingObjects (0ms)
			CreateAndSetChildDomain (68ms)
		EndReloadAssembly (1619ms)
			LoadAssemblies (220ms)
			RebuildTransferFunctionScriptingTraits (0ms)
			SetupTypeCache (432ms)
			ReleaseScriptCaches (2ms)
			RebuildScriptCaches (164ms)
			SetupLoadedEditorAssemblies (732ms)
				LogAssemblyErrors (0ms)
				InitializePlatformSupportModulesInManaged (28ms)
				SetLoadedEditorAssemblies (1ms)
				RefreshPlugins (2ms)
				BeforeProcessingInitializeOnLoad (153ms)
				ProcessInitializeOnLoadAttributes (459ms)
				ProcessInitializeOnLoadMethodAttributes (72ms)
				AfterProcessingInitializeOnLoad (17ms)
				EditorAssembliesLoaded (0ms)
			ExecutionOrderSort2 (0ms)
			AwakeInstancesAfterBackupRestoration (29ms)
Platform modules already initialized, skipping
Refreshing native plugins compatible for Editor in 4.34 ms, found 4 plugins.
Preloading 0 native plugins for Editor in 0.00 ms.
Unloading 4209 Unused Serialized files (Serialized files now loaded: 0)
Unloading 33 unused Assets / (289.2 KB). Loaded Objects now: 5606.
Memory consumption went from 163.3 MB to 163.1 MB.
Total: 5.549500 ms (FindLiveObjects: 0.602100 ms CreateObjectMapping: 0.358000 ms MarkObjects: 4.335400 ms  DeleteObjects: 0.252700 ms)

AssetImportParameters requested are different than current active one (requested -> active):
  custom:video-decoder-ogg-theora: a1e56fd34408186e4bbccfd4996cb3dc -> 
  custom:container-muxer-webm: aa71ff27fc2769a1b78a27578f13a17b -> 
  custom:container-demuxer-webm: 4f35f7cbe854078d1ac9338744f61a02 -> 
  custom:video-encoder-webm-vp8: eb34c28f22e8b96e1ab97ce403110664 -> 
  custom:audio-encoder-webm-vorbis: bf7c407c2cedff20999df2af8eb42d56 -> 
  custom:framework-win-MediaFoundation: 216162199b28c13a410421893ffa2e32 -> 
  custom:SearchIndexIgnoredProperties: e643bd26f0fe6173181afceb89e7c659 -> 
  custom:container-demuxer-ogg: 62fdf1f143b41e24485cea50d1cbac27 -> 
  custom:video-decoder-webm-vp8: 9c59270c3fd7afecdb556c50c9e8de78 -> 
  custom:audio-decoder-ogg-vorbis: bf7c407c2cedff20999df2af8eb42d56 -> 
========================================================================
Received Prepare
Registering precompiled user dll's ...
Registered in 0.014721 seconds.
Begin MonoManager ReloadAssembly
Symbol file LoadedFromMemory doesn't match image C:\Users\Hadi\RunGun\Library\PackageCache\com.unity.visualscripting@1.7.8\Editor\VisualScripting.Core\Dependencies\YamlDotNet\Unity.VisualScripting.YamlDotNet.dll
Symbol file LoadedFromMemory doesn't match image C:\Users\Hadi\RunGun\Library\PackageCache\com.unity.visualscripting@1.7.8\Editor\VisualScripting.Core\Dependencies\DotNetZip\Unity.VisualScripting.IonicZip.dll
Native extension for UWP target not found
Native extension for WindowsStandalone target not found
Native extension for WebGL target not found
Refreshing native plugins compatible for Editor in 2.48 ms, found 4 plugins.
Preloading 0 native plugins for Editor in 0.00 ms.
Mono: successfully reloaded assembly
- Completed reload, in  2.887 seconds
Domain Reload Profiling:
	ReloadAssembly (2888ms)
		BeginReloadAssembly (197ms)
			ExecutionOrderSort (0ms)
			DisableScriptedObjects (10ms)
			BackupInstance (0ms)
			ReleaseScriptingObjects (0ms)
			CreateAndSetChildDomain (58ms)
		EndReloadAssembly (2394ms)
			LoadAssemblies (154ms)
			RebuildTransferFunctionScriptingTraits (0ms)
			SetupTypeCache (564ms)
			ReleaseScriptCaches (2ms)
			RebuildScriptCaches (113ms)
			SetupLoadedEditorAssemblies (1461ms)
				LogAssemblyErrors (0ms)
				InitializePlatformSupportModulesInManaged (26ms)
				SetLoadedEditorAssemblies (1ms)
				RefreshPlugins (3ms)
				BeforeProcessingInitializeOnLoad (190ms)
				ProcessInitializeOnLoadAttributes (1145ms)
				ProcessInitializeOnLoadMethodAttributes (81ms)
				AfterProcessingInitializeOnLoad (15ms)
				EditorAssembliesLoaded (0ms)
			ExecutionOrderSort2 (0ms)
			AwakeInstancesAfterBackupRestoration (16ms)
Platform modules already initialized, skipping
Refreshing native plugins compatible for Editor in 3.92 ms, found 4 plugins.
Preloading 0 native plugins for Editor in 0.00 ms.
Unloading 4209 Unused Serialized files (Serialized files now loaded: 0)
Unloading 33 unused Assets / (289.4 KB). Loaded Objects now: 5621.
Memory consumption went from 163.4 MB to 163.1 MB.
Total: 6.141100 ms (FindLiveObjects: 0.921300 ms CreateObjectMapping: 0.374400 ms MarkObjects: 4.621100 ms  DeleteObjects: 0.223000 ms)

AssetImportParameters requested are different than current active one (requested -> active):
  custom:video-decoder-ogg-theora: a1e56fd34408186e4bbccfd4996cb3dc -> 
  custom:container-muxer-webm: aa71ff27fc2769a1b78a27578f13a17b -> 
  custom:container-demuxer-webm: 4f35f7cbe854078d1ac9338744f61a02 -> 
  custom:video-encoder-webm-vp8: eb34c28f22e8b96e1ab97ce403110664 -> 
  custom:audio-encoder-webm-vorbis: bf7c407c2cedff20999df2af8eb42d56 -> 
  custom:framework-win-MediaFoundation: 216162199b28c13a410421893ffa2e32 -> 
  custom:SearchIndexIgnoredProperties: e643bd26f0fe6173181afceb89e7c659 -> 
  custom:container-demuxer-ogg: 62fdf1f143b41e24485cea50d1cbac27 -> 
  custom:video-decoder-webm-vp8: 9c59270c3fd7afecdb556c50c9e8de78 -> 
  custom:audio-decoder-ogg-vorbis: bf7c407c2cedff20999df2af8eb42d56 -> 
========================================================================
Received Prepare
Registering precompiled user dll's ...
Registered in 0.012093 seconds.
Begin MonoManager ReloadAssembly
Symbol file LoadedFromMemory doesn't match image C:\Users\Hadi\RunGun\Library\PackageCache\com.unity.visualscripting@1.7.8\Editor\VisualScripting.Core\Dependencies\YamlDotNet\Unity.VisualScripting.YamlDotNet.dll
Symbol file LoadedFromMemory doesn't match image C:\Users\Hadi\RunGun\Library\PackageCache\com.unity.visualscripting@1.7.8\Editor\VisualScripting.Core\Dependencies\DotNetZip\Unity.VisualScripting.IonicZip.dll
Native extension for UWP target not found
Native extension for WindowsStandalone target not found
Native extension for WebGL target not found
Refreshing native plugins compatible for Editor in 1.28 ms, found 4 plugins.
Preloading 0 native plugins for Editor in 0.00 ms.
Mono: successfully reloaded assembly
- Completed reload, in  2.201 seconds
Domain Reload Profiling:
	ReloadAssembly (2202ms)
		BeginReloadAssembly (208ms)
			ExecutionOrderSort (0ms)
			DisableScriptedObjects (15ms)
			BackupInstance (0ms)
			ReleaseScriptingObjects (0ms)
			CreateAndSetChildDomain (53ms)
		EndReloadAssembly (1746ms)
			LoadAssemblies (184ms)
			RebuildTransferFunctionScriptingTraits (0ms)
			SetupTypeCache (503ms)
			ReleaseScriptCaches (8ms)
			RebuildScriptCaches (114ms)
			SetupLoadedEditorAssemblies (819ms)
				LogAssemblyErrors (0ms)
				InitializePlatformSupportModulesInManaged (32ms)
				SetLoadedEditorAssemblies (2ms)
				RefreshPlugins (1ms)
				BeforeProcessingInitializeOnLoad (158ms)
				ProcessInitializeOnLoadAttributes (532ms)
				ProcessInitializeOnLoadMethodAttributes (72ms)
				AfterProcessingInitializeOnLoad (22ms)
				EditorAssembliesLoaded (0ms)
			ExecutionOrderSort2 (0ms)
			AwakeInstancesAfterBackupRestoration (16ms)
Platform modules already initialized, skipping
Refreshing native plugins compatible for Editor in 8.52 ms, found 4 plugins.
Preloading 0 native plugins for Editor in 0.00 ms.
Unloading 4209 Unused Serialized files (Serialized files now loaded: 0)
Unloading 33 unused Assets / (289.2 KB). Loaded Objects now: 5636.
Memory consumption went from 163.4 MB to 163.1 MB.
Total: 9.041700 ms (FindLiveObjects: 0.800400 ms CreateObjectMapping: 0.454000 ms MarkObjects: 7.510800 ms  DeleteObjects: 0.275100 ms)

AssetImportParameters requested are different than current active one (requested -> active):
  custom:video-decoder-ogg-theora: a1e56fd34408186e4bbccfd4996cb3dc -> 
  custom:container-muxer-webm: aa71ff27fc2769a1b78a27578f13a17b -> 
  custom:container-demuxer-webm: 4f35f7cbe854078d1ac9338744f61a02 -> 
  custom:video-encoder-webm-vp8: eb34c28f22e8b96e1ab97ce403110664 -> 
  custom:audio-encoder-webm-vorbis: bf7c407c2cedff20999df2af8eb42d56 -> 
  custom:framework-win-MediaFoundation: 216162199b28c13a410421893ffa2e32 -> 
  custom:SearchIndexIgnoredProperties: e643bd26f0fe6173181afceb89e7c659 -> 
  custom:container-demuxer-ogg: 62fdf1f143b41e24485cea50d1cbac27 -> 
  custom:video-decoder-webm-vp8: 9c59270c3fd7afecdb556c50c9e8de78 -> 
  custom:audio-decoder-ogg-vorbis: bf7c407c2cedff20999df2af8eb42d56 -> 
========================================================================
Received Prepare
Registering precompiled user dll's ...
Registered in 0.014190 seconds.
Begin MonoManager ReloadAssembly
Symbol file LoadedFromMemory doesn't match image C:\Users\Hadi\RunGun\Library\PackageCache\com.unity.visualscripting@1.7.8\Editor\VisualScripting.Core\Dependencies\YamlDotNet\Unity.VisualScripting.YamlDotNet.dll
Symbol file LoadedFromMemory doesn't match image C:\Users\Hadi\RunGun\Library\PackageCache\com.unity.visualscripting@1.7.8\Editor\VisualScripting.Core\Dependencies\DotNetZip\Unity.VisualScripting.IonicZip.dll
Native extension for UWP target not found
Native extension for WindowsStandalone target not found
Native extension for WebGL target not found
Refreshing native plugins compatible for Editor in 2.14 ms, found 4 plugins.
Preloading 0 native plugins for Editor in 0.00 ms.
Mono: successfully reloaded assembly
- Completed reload, in  2.584 seconds
Domain Reload Profiling:
	ReloadAssembly (2585ms)
		BeginReloadAssembly (214ms)
			ExecutionOrderSort (0ms)
			DisableScriptedObjects (8ms)
			BackupInstance (0ms)
			ReleaseScriptingObjects (1ms)
			CreateAndSetChildDomain (50ms)
		EndReloadAssembly (2134ms)
			LoadAssemblies (238ms)
			RebuildTransferFunctionScriptingTraits (0ms)
			SetupTypeCache (648ms)
			ReleaseScriptCaches (2ms)
			RebuildScriptCaches (123ms)
			SetupLoadedEditorAssemblies (972ms)
				LogAssemblyErrors (0ms)
				InitializePlatformSupportModulesInManaged (46ms)
				SetLoadedEditorAssemblies (1ms)
				RefreshPlugins (2ms)
				BeforeProcessingInitializeOnLoad (186ms)
				ProcessInitializeOnLoadAttributes (634ms)
				ProcessInitializeOnLoadMethodAttributes (87ms)
				AfterProcessingInitializeOnLoad (16ms)
				EditorAssembliesLoaded (0ms)
			ExecutionOrderSort2 (0ms)
			AwakeInstancesAfterBackupRestoration (19ms)
Platform modules already initialized, skipping
Refreshing native plugins compatible for Editor in 5.28 ms, found 4 plugins.
Preloading 0 native plugins for Editor in 0.00 ms.
Unloading 4209 Unused Serialized files (Serialized files now loaded: 0)
Unloading 33 unused Assets / (290.2 KB). Loaded Objects now: 5651.
Memory consumption went from 163.4 MB to 163.1 MB.
Total: 8.538500 ms (FindLiveObjects: 0.858500 ms CreateObjectMapping: 0.885100 ms MarkObjects: 6.090400 ms  DeleteObjects: 0.702900 ms)

AssetImportParameters requested are different than current active one (requested -> active):
  custom:video-decoder-ogg-theora: a1e56fd34408186e4bbccfd4996cb3dc -> 
  custom:container-muxer-webm: aa71ff27fc2769a1b78a27578f13a17b -> 
  custom:container-demuxer-webm: 4f35f7cbe854078d1ac9338744f61a02 -> 
  custom:video-encoder-webm-vp8: eb34c28f22e8b96e1ab97ce403110664 -> 
  custom:audio-encoder-webm-vorbis: bf7c407c2cedff20999df2af8eb42d56 -> 
  custom:framework-win-MediaFoundation: 216162199b28c13a410421893ffa2e32 -> 
  custom:SearchIndexIgnoredProperties: e643bd26f0fe6173181afceb89e7c659 -> 
  custom:container-demuxer-ogg: 62fdf1f143b41e24485cea50d1cbac27 -> 
  custom:video-decoder-webm-vp8: 9c59270c3fd7afecdb556c50c9e8de78 -> 
  custom:audio-decoder-ogg-vorbis: bf7c407c2cedff20999df2af8eb42d56 -> 
========================================================================
Received Prepare
Registering precompiled user dll's ...
Registered in 0.010915 seconds.
Begin MonoManager ReloadAssembly
Symbol file LoadedFromMemory doesn't match image C:\Users\Hadi\RunGun\Library\PackageCache\com.unity.visualscripting@1.7.8\Editor\VisualScripting.Core\Dependencies\YamlDotNet\Unity.VisualScripting.YamlDotNet.dll
Symbol file LoadedFromMemory doesn't match image C:\Users\Hadi\RunGun\Library\PackageCache\com.unity.visualscripting@1.7.8\Editor\VisualScripting.Core\Dependencies\DotNetZip\Unity.VisualScripting.IonicZip.dll
Native extension for UWP target not found
Native extension for WindowsStandalone target not found
Native extension for WebGL target not found
Refreshing native plugins compatible for Editor in 1.14 ms, found 4 plugins.
Preloading 0 native plugins for Editor in 0.00 ms.
Mono: successfully reloaded assembly
- Completed reload, in  2.202 seconds
Domain Reload Profiling:
	ReloadAssembly (2204ms)
		BeginReloadAssembly (234ms)
			ExecutionOrderSort (0ms)
			DisableScriptedObjects (11ms)
			BackupInstance (0ms)
			ReleaseScriptingObjects (0ms)
			CreateAndSetChildDomain (44ms)
		EndReloadAssembly (1726ms)
			LoadAssemblies (228ms)
			RebuildTransferFunctionScriptingTraits (0ms)
			SetupTypeCache (458ms)
			ReleaseScriptCaches (8ms)
			RebuildScriptCaches (163ms)
			SetupLoadedEditorAssemblies (816ms)
				LogAssemblyErrors (0ms)
				InitializePlatformSupportModulesInManaged (31ms)
				SetLoadedEditorAssemblies (1ms)
				RefreshPlugins (1ms)
				BeforeProcessingInitializeOnLoad (138ms)
				ProcessInitializeOnLoadAttributes (561ms)
				ProcessInitializeOnLoadMethodAttributes (69ms)
				AfterProcessingInitializeOnLoad (14ms)
				EditorAssembliesLoaded (0ms)
			ExecutionOrderSort2 (0ms)
			AwakeInstancesAfterBackupRestoration (16ms)
Platform modules already initialized, skipping
Refreshing native plugins compatible for Editor in 3.73 ms, found 4 plugins.
Preloading 0 native plugins for Editor in 0.00 ms.
Unloading 4209 Unused Serialized files (Serialized files now loaded: 0)
Unloading 33 unused Assets / (289.2 KB). Loaded Objects now: 5666.
Memory consumption went from 163.4 MB to 163.1 MB.
Total: 5.234200 ms (FindLiveObjects: 0.577100 ms CreateObjectMapping: 0.334400 ms MarkObjects: 3.951900 ms  DeleteObjects: 0.369200 ms)

AssetImportParameters requested are different than current active one (requested -> active):
  custom:video-decoder-ogg-theora: a1e56fd34408186e4bbccfd4996cb3dc -> 
  custom:container-muxer-webm: aa71ff27fc2769a1b78a27578f13a17b -> 
  custom:container-demuxer-webm: 4f35f7cbe854078d1ac9338744f61a02 -> 
  custom:video-encoder-webm-vp8: eb34c28f22e8b96e1ab97ce403110664 -> 
  custom:audio-encoder-webm-vorbis: bf7c407c2cedff20999df2af8eb42d56 -> 
  custom:framework-win-MediaFoundation: 216162199b28c13a410421893ffa2e32 -> 
  custom:SearchIndexIgnoredProperties: e643bd26f0fe6173181afceb89e7c659 -> 
  custom:container-demuxer-ogg: 62fdf1f143b41e24485cea50d1cbac27 -> 
  custom:video-decoder-webm-vp8: 9c59270c3fd7afecdb556c50c9e8de78 -> 
  custom:audio-decoder-ogg-vorbis: bf7c407c2cedff20999df2af8eb42d56 -> 
========================================================================
Received Import Request.
  Time since last request: 257.770512 seconds.
  path: Assets/Prefab/Patrol.prefab
  artifactKey: Guid(33d54776866e0d9498e67f9f9016a52d) Importer(815301076,1909f56bfc062723c751e8b465ee728b)
Start importing Assets/Prefab/Patrol.prefab using Guid(33d54776866e0d9498e67f9f9016a52d) Importer(815301076,1909f56bfc062723c751e8b465ee728b)  -> (artifact id: 'a4b275d12b7e79d127a1722a69c4a7fa') in 0.122834 seconds 
========================================================================
Received Import Request.
  Time since last request: 187.335785 seconds.
  path: Assets/Scripts/GameManager.cs
  artifactKey: Guid(779f693079a6b9143a87e1b0be8977b3) Importer(815301076,1909f56bfc062723c751e8b465ee728b)
Start importing Assets/Scripts/GameManager.cs using Guid(779f693079a6b9143a87e1b0be8977b3) Importer(815301076,1909f56bfc062723c751e8b465ee728b)  -> (artifact id: 'b67aabed72b3039f2a96504cd1b0f6f3') in 0.023873 seconds 
========================================================================
Received Prepare
Registering precompiled user dll's ...
Registered in 0.009867 seconds.
Begin MonoManager ReloadAssembly
Symbol file LoadedFromMemory doesn't match image C:\Users\Hadi\RunGun\Library\PackageCache\com.unity.visualscripting@1.7.8\Editor\VisualScripting.Core\Dependencies\YamlDotNet\Unity.VisualScripting.YamlDotNet.dll
Symbol file LoadedFromMemory doesn't match image C:\Users\Hadi\RunGun\Library\PackageCache\com.unity.visualscripting@1.7.8\Editor\VisualScripting.Core\Dependencies\DotNetZip\Unity.VisualScripting.IonicZip.dll
Native extension for UWP target not found
Native extension for WindowsStandalone target not found
Native extension for WebGL target not found
Refreshing native plugins compatible for Editor in 1.10 ms, found 4 plugins.
Preloading 0 native plugins for Editor in 0.00 ms.
Mono: successfully reloaded assembly
- Completed reload, in  3.375 seconds
Domain Reload Profiling:
	ReloadAssembly (3376ms)
		BeginReloadAssembly (663ms)
			ExecutionOrderSort (0ms)
			DisableScriptedObjects (23ms)
			BackupInstance (0ms)
			ReleaseScriptingObjects (0ms)
			CreateAndSetChildDomain (95ms)
		EndReloadAssembly (2366ms)
			LoadAssemblies (576ms)
			RebuildTransferFunctionScriptingTraits (0ms)
			SetupTypeCache (1380ms)
			ReleaseScriptCaches (2ms)
			RebuildScriptCaches (69ms)
			SetupLoadedEditorAssemblies (664ms)
				LogAssemblyErrors (0ms)
				InitializePlatformSupportModulesInManaged (20ms)
				SetLoadedEditorAssemblies (1ms)
				RefreshPlugins (1ms)
				BeforeProcessingInitializeOnLoad (143ms)
				ProcessInitializeOnLoadAttributes (434ms)
				ProcessInitializeOnLoadMethodAttributes (56ms)
				AfterProcessingInitializeOnLoad (10ms)
				EditorAssembliesLoaded (0ms)
			ExecutionOrderSort2 (0ms)
			AwakeInstancesAfterBackupRestoration (13ms)
Platform modules already initialized, skipping
Refreshing native plugins compatible for Editor in 4.53 ms, found 4 plugins.
Preloading 0 native plugins for Editor in 0.00 ms.
Unloading 4210 Unused Serialized files (Serialized files now loaded: 0)
Unloading 33 unused Assets / (289.0 KB). Loaded Objects now: 5682.
Memory consumption went from 163.4 MB to 163.2 MB.
Total: 7.280400 ms (FindLiveObjects: 0.661500 ms CreateObjectMapping: 0.335900 ms MarkObjects: 6.053200 ms  DeleteObjects: 0.228000 ms)

AssetImportParameters requested are different than current active one (requested -> active):
  custom:video-decoder-ogg-theora: a1e56fd34408186e4bbccfd4996cb3dc -> 
  custom:container-muxer-webm: aa71ff27fc2769a1b78a27578f13a17b -> 
  custom:container-demuxer-webm: 4f35f7cbe854078d1ac9338744f61a02 -> 
  custom:video-encoder-webm-vp8: eb34c28f22e8b96e1ab97ce403110664 -> 
  custom:audio-encoder-webm-vorbis: bf7c407c2cedff20999df2af8eb42d56 -> 
  custom:framework-win-MediaFoundation: 216162199b28c13a410421893ffa2e32 -> 
  custom:SearchIndexIgnoredProperties: e643bd26f0fe6173181afceb89e7c659 -> 
  custom:container-demuxer-ogg: 62fdf1f143b41e24485cea50d1cbac27 -> 
  custom:video-decoder-webm-vp8: 9c59270c3fd7afecdb556c50c9e8de78 -> 
  custom:audio-decoder-ogg-vorbis: bf7c407c2cedff20999df2af8eb42d56 -> 
========================================================================
Received Prepare
Registering precompiled user dll's ...
Registered in 0.010855 seconds.
Begin MonoManager ReloadAssembly
Symbol file LoadedFromMemory doesn't match image C:\Users\Hadi\RunGun\Library\PackageCache\com.unity.visualscripting@1.7.8\Editor\VisualScripting.Core\Dependencies\YamlDotNet\Unity.VisualScripting.YamlDotNet.dll
Symbol file LoadedFromMemory doesn't match image C:\Users\Hadi\RunGun\Library\PackageCache\com.unity.visualscripting@1.7.8\Editor\VisualScripting.Core\Dependencies\DotNetZip\Unity.VisualScripting.IonicZip.dll
Native extension for UWP target not found
Native extension for WindowsStandalone target not found
Native extension for WebGL target not found
Refreshing native plugins compatible for Editor in 1.08 ms, found 4 plugins.
Preloading 0 native plugins for Editor in 0.00 ms.
Mono: successfully reloaded assembly
- Completed reload, in  2.709 seconds
Domain Reload Profiling:
	ReloadAssembly (2713ms)
		BeginReloadAssembly (437ms)
			ExecutionOrderSort (0ms)
			DisableScriptedObjects (36ms)
			BackupInstance (0ms)
			ReleaseScriptingObjects (0ms)
			CreateAndSetChildDomain (178ms)
		EndReloadAssembly (1647ms)
			LoadAssemblies (240ms)
			RebuildTransferFunctionScriptingTraits (0ms)
			SetupTypeCache (671ms)
			ReleaseScriptCaches (6ms)
			RebuildScriptCaches (80ms)
			SetupLoadedEditorAssemblies (552ms)
				LogAssemblyErrors (0ms)
				InitializePlatformSupportModulesInManaged (25ms)
				SetLoadedEditorAssemblies (1ms)
				RefreshPlugins (1ms)
				BeforeProcessingInitializeOnLoad (103ms)
				ProcessInitializeOnLoadAttributes (323ms)
				ProcessInitializeOnLoadMethodAttributes (81ms)
				AfterProcessingInitializeOnLoad (17ms)
				EditorAssembliesLoaded (0ms)
			ExecutionOrderSort2 (0ms)
			AwakeInstancesAfterBackupRestoration (22ms)
Platform modules already initialized, skipping
Refreshing native plugins compatible for Editor in 3.42 ms, found 4 plugins.
Preloading 0 native plugins for Editor in 0.00 ms.
Unloading 4223 Unused Serialized files (Serialized files now loaded: 0)
Unloading 46 unused Assets / (0.9 MB). Loaded Objects now: 5697.
Memory consumption went from 165.6 MB to 164.6 MB.
Total: 5.334600 ms (FindLiveObjects: 0.612600 ms CreateObjectMapping: 0.345300 ms MarkObjects: 3.888400 ms  DeleteObjects: 0.487100 ms)

AssetImportParameters requested are different than current active one (requested -> active):
  custom:video-decoder-ogg-theora: a1e56fd34408186e4bbccfd4996cb3dc -> 
  custom:container-muxer-webm: aa71ff27fc2769a1b78a27578f13a17b -> 
  custom:container-demuxer-webm: 4f35f7cbe854078d1ac9338744f61a02 -> 
  custom:video-encoder-webm-vp8: eb34c28f22e8b96e1ab97ce403110664 -> 
  custom:audio-encoder-webm-vorbis: bf7c407c2cedff20999df2af8eb42d56 -> 
  custom:framework-win-MediaFoundation: 216162199b28c13a410421893ffa2e32 -> 
  custom:SearchIndexIgnoredProperties: e643bd26f0fe6173181afceb89e7c659 -> 
  custom:container-demuxer-ogg: 62fdf1f143b41e24485cea50d1cbac27 -> 
  custom:video-decoder-webm-vp8: 9c59270c3fd7afecdb556c50c9e8de78 -> 
  custom:audio-decoder-ogg-vorbis: bf7c407c2cedff20999df2af8eb42d56 -> 
========================================================================
Received Import Request.
  Time since last request: 2533.767750 seconds.
  path: Assets/Scripts/UIManager.cs
  artifactKey: Guid(7fc9755cf21c6be48a3220fb92516db7) Importer(815301076,1909f56bfc062723c751e8b465ee728b)
Start importing Assets/Scripts/UIManager.cs using Guid(7fc9755cf21c6be48a3220fb92516db7) Importer(815301076,1909f56bfc062723c751e8b465ee728b)  -> (artifact id: '80261e36b736b6e91cad8582a1891fc2') in 0.037564 seconds 
========================================================================
Received Prepare
Registering precompiled user dll's ...
Registered in 0.009785 seconds.
Begin MonoManager ReloadAssembly
Symbol file LoadedFromMemory doesn't match image C:\Users\Hadi\RunGun\Library\PackageCache\com.unity.visualscripting@1.7.8\Editor\VisualScripting.Core\Dependencies\YamlDotNet\Unity.VisualScripting.YamlDotNet.dll
Symbol file LoadedFromMemory doesn't match image C:\Users\Hadi\RunGun\Library\PackageCache\com.unity.visualscripting@1.7.8\Editor\VisualScripting.Core\Dependencies\DotNetZip\Unity.VisualScripting.IonicZip.dll
Native extension for UWP target not found
Native extension for WindowsStandalone target not found
Native extension for WebGL target not found
Refreshing native plugins compatible for Editor in 0.88 ms, found 4 plugins.
Preloading 0 native plugins for Editor in 0.00 ms.
Mono: successfully reloaded assembly
- Completed reload, in  1.492 seconds
Domain Reload Profiling:
	ReloadAssembly (1493ms)
		BeginReloadAssembly (225ms)
			ExecutionOrderSort (0ms)
			DisableScriptedObjects (10ms)
			BackupInstance (0ms)
			ReleaseScriptingObjects (0ms)
			CreateAndSetChildDomain (68ms)
		EndReloadAssembly (1139ms)
			LoadAssemblies (156ms)
			RebuildTransferFunctionScriptingTraits (0ms)
			SetupTypeCache (327ms)
			ReleaseScriptCaches (2ms)
			RebuildScriptCaches (61ms)
			SetupLoadedEditorAssemblies (556ms)
				LogAssemblyErrors (0ms)
				InitializePlatformSupportModulesInManaged (19ms)
				SetLoadedEditorAssemblies (1ms)
				RefreshPlugins (1ms)
				BeforeProcessingInitializeOnLoad (107ms)
				ProcessInitializeOnLoadAttributes (368ms)
				ProcessInitializeOnLoadMethodAttributes (49ms)
				AfterProcessingInitializeOnLoad (11ms)
				EditorAssembliesLoaded (0ms)
			ExecutionOrderSort2 (0ms)
			AwakeInstancesAfterBackupRestoration (12ms)
Platform modules already initialized, skipping
Refreshing native plugins compatible for Editor in 2.85 ms, found 4 plugins.
Preloading 0 native plugins for Editor in 0.00 ms.
Unloading 4224 Unused Serialized files (Serialized files now loaded: 0)
Unloading 46 unused Assets / (0.9 MB). Loaded Objects now: 5713.
Memory consumption went from 165.6 MB to 164.7 MB.
Total: 4.732800 ms (FindLiveObjects: 0.534800 ms CreateObjectMapping: 0.307000 ms MarkObjects: 3.374200 ms  DeleteObjects: 0.515800 ms)

AssetImportParameters requested are different than current active one (requested -> active):
  custom:video-decoder-ogg-theora: a1e56fd34408186e4bbccfd4996cb3dc -> 
  custom:container-muxer-webm: aa71ff27fc2769a1b78a27578f13a17b -> 
  custom:container-demuxer-webm: 4f35f7cbe854078d1ac9338744f61a02 -> 
  custom:video-encoder-webm-vp8: eb34c28f22e8b96e1ab97ce403110664 -> 
  custom:audio-encoder-webm-vorbis: bf7c407c2cedff20999df2af8eb42d56 -> 
  custom:framework-win-MediaFoundation: 216162199b28c13a410421893ffa2e32 -> 
  custom:SearchIndexIgnoredProperties: e643bd26f0fe6173181afceb89e7c659 -> 
  custom:container-demuxer-ogg: 62fdf1f143b41e24485cea50d1cbac27 -> 
  custom:video-decoder-webm-vp8: 9c59270c3fd7afecdb556c50c9e8de78 -> 
  custom:audio-decoder-ogg-vorbis: bf7c407c2cedff20999df2af8eb42d56 -> 
========================================================================
Received Import Request.
  Time since last request: 623.569579 seconds.
  path: Assets/Scripts/UIManager.cs
  artifactKey: Guid(7fc9755cf21c6be48a3220fb92516db7) Importer(815301076,1909f56bfc062723c751e8b465ee728b)
Start importing Assets/Scripts/UIManager.cs using Guid(7fc9755cf21c6be48a3220fb92516db7) Importer(815301076,1909f56bfc062723c751e8b465ee728b)  -> (artifact id: '0700330e9abc3f1f67475ee9409b9530') in 0.049803 seconds 
========================================================================
Received Prepare
Registering precompiled user dll's ...
Registered in 0.013084 seconds.
Begin MonoManager ReloadAssembly
Symbol file LoadedFromMemory doesn't match image C:\Users\Hadi\RunGun\Library\PackageCache\com.unity.visualscripting@1.7.8\Editor\VisualScripting.Core\Dependencies\YamlDotNet\Unity.VisualScripting.YamlDotNet.dll
Symbol file LoadedFromMemory doesn't match image C:\Users\Hadi\RunGun\Library\PackageCache\com.unity.visualscripting@1.7.8\Editor\VisualScripting.Core\Dependencies\DotNetZip\Unity.VisualScripting.IonicZip.dll
Native extension for UWP target not found
Native extension for WindowsStandalone target not found
Native extension for WebGL target not found
Refreshing native plugins compatible for Editor in 0.82 ms, found 4 plugins.
Preloading 0 native plugins for Editor in 0.00 ms.
Mono: successfully reloaded assembly
- Completed reload, in  1.851 seconds
Domain Reload Profiling:
	ReloadAssembly (1852ms)
		BeginReloadAssembly (197ms)
			ExecutionOrderSort (0ms)
			DisableScriptedObjects (10ms)
			BackupInstance (0ms)
			ReleaseScriptingObjects (0ms)
			CreateAndSetChildDomain (48ms)
		EndReloadAssembly (1449ms)
			LoadAssemblies (149ms)
			RebuildTransferFunctionScriptingTraits (0ms)
			SetupTypeCache (685ms)
			ReleaseScriptCaches (2ms)
			RebuildScriptCaches (76ms)
			SetupLoadedEditorAssemblies (488ms)
				LogAssemblyErrors (0ms)
				InitializePlatformSupportModulesInManaged (22ms)
				SetLoadedEditorAssemblies (1ms)
				RefreshPlugins (1ms)
				BeforeProcessingInitializeOnLoad (95ms)
				ProcessInitializeOnLoadAttributes (313ms)
				ProcessInitializeOnLoadMethodAttributes (46ms)
				AfterProcessingInitializeOnLoad (10ms)
				EditorAssembliesLoaded (0ms)
			ExecutionOrderSort2 (0ms)
			AwakeInstancesAfterBackupRestoration (11ms)
Platform modules already initialized, skipping
Refreshing native plugins compatible for Editor in 2.94 ms, found 4 plugins.
Preloading 0 native plugins for Editor in 0.00 ms.
Unloading 4224 Unused Serialized files (Serialized files now loaded: 0)
Unloading 46 unused Assets / (0.9 MB). Loaded Objects now: 5728.
Memory consumption went from 165.6 MB to 164.7 MB.
Total: 5.213400 ms (FindLiveObjects: 0.547600 ms CreateObjectMapping: 0.303400 ms MarkObjects: 3.821300 ms  DeleteObjects: 0.540200 ms)

AssetImportParameters requested are different than current active one (requested -> active):
  custom:video-decoder-ogg-theora: a1e56fd34408186e4bbccfd4996cb3dc -> 
  custom:container-muxer-webm: aa71ff27fc2769a1b78a27578f13a17b -> 
  custom:container-demuxer-webm: 4f35f7cbe854078d1ac9338744f61a02 -> 
  custom:video-encoder-webm-vp8: eb34c28f22e8b96e1ab97ce403110664 -> 
  custom:audio-encoder-webm-vorbis: bf7c407c2cedff20999df2af8eb42d56 -> 
  custom:framework-win-MediaFoundation: 216162199b28c13a410421893ffa2e32 -> 
  custom:SearchIndexIgnoredProperties: e643bd26f0fe6173181afceb89e7c659 -> 
  custom:container-demuxer-ogg: 62fdf1f143b41e24485cea50d1cbac27 -> 
  custom:video-decoder-webm-vp8: 9c59270c3fd7afecdb556c50c9e8de78 -> 
  custom:audio-decoder-ogg-vorbis: bf7c407c2cedff20999df2af8eb42d56 -> 
========================================================================
Received Import Request.
  Time since last request: 345.817401 seconds.
  path: Assets/TextMesh Pro
  artifactKey: Guid(f54d1bd14bd3ca042bd867b519fee8cc) Importer(815301076,1909f56bfc062723c751e8b465ee728b)
Start importing Assets/TextMesh Pro using Guid(f54d1bd14bd3ca042bd867b519fee8cc) Importer(815301076,1909f56bfc062723c751e8b465ee728b)  -> (artifact id: 'f5648c5ef36b7beab651a001a8d08867') in 0.027237 seconds 
========================================================================
Received Import Request.
  Time since last request: 9.081358 seconds.
  path: Assets/TextMesh Pro/CoinText.prefab
  artifactKey: Guid(f2049814679ebcb4c8ea83a32fe800e9) Importer(815301076,1909f56bfc062723c751e8b465ee728b)
Start importing Assets/TextMesh Pro/CoinText.prefab using Guid(f2049814679ebcb4c8ea83a32fe800e9) Importer(815301076,1909f56bfc062723c751e8b465ee728b)  -> (artifact id: '048f615130ebe0e40a34a9a980390328') in 0.129499 seconds 
========================================================================
Received Import Request.
  Time since last request: 4.650741 seconds.
  path: Assets/TextMesh Pro/BulletText.prefab
  artifactKey: Guid(a8eee4cc29e052c46aa4e580d8738f51) Importer(815301076,1909f56bfc062723c751e8b465ee728b)
Start importing Assets/TextMesh Pro/BulletText.prefab using Guid(a8eee4cc29e052c46aa4e580d8738f51) Importer(815301076,1909f56bfc062723c751e8b465ee728b)  -> (artifact id: '3268c2b052cd623670d1604563de8b71') in 0.059970 seconds 
========================================================================
Received Prepare
Registering precompiled user dll's ...
Registered in 0.024366 seconds.
Begin MonoManager ReloadAssembly
Symbol file LoadedFromMemory doesn't match image C:\Users\Hadi\RunGun\Library\PackageCache\com.unity.visualscripting@1.7.8\Editor\VisualScripting.Core\Dependencies\YamlDotNet\Unity.VisualScripting.YamlDotNet.dll
Symbol file LoadedFromMemory doesn't match image C:\Users\Hadi\RunGun\Library\PackageCache\com.unity.visualscripting@1.7.8\Editor\VisualScripting.Core\Dependencies\DotNetZip\Unity.VisualScripting.IonicZip.dll
Native extension for UWP target not found
Native extension for WindowsStandalone target not found
Native extension for WebGL target not found
Refreshing native plugins compatible for Editor in 1.21 ms, found 4 plugins.
Preloading 0 native plugins for Editor in 0.00 ms.
Mono: successfully reloaded assembly
- Completed reload, in  3.032 seconds
Domain Reload Profiling:
	ReloadAssembly (3034ms)
		BeginReloadAssembly (522ms)
			ExecutionOrderSort (0ms)
			DisableScriptedObjects (31ms)
			BackupInstance (0ms)
			ReleaseScriptingObjects (0ms)
			CreateAndSetChildDomain (237ms)
		EndReloadAssembly (2269ms)
			LoadAssemblies (306ms)
			RebuildTransferFunctionScriptingTraits (0ms)
			SetupTypeCache (600ms)
			ReleaseScriptCaches (6ms)
			RebuildScriptCaches (113ms)
			SetupLoadedEditorAssemblies (1192ms)
				LogAssemblyErrors (0ms)
				InitializePlatformSupportModulesInManaged (42ms)
				SetLoadedEditorAssemblies (1ms)
				RefreshPlugins (1ms)
				BeforeProcessingInitializeOnLoad (227ms)
				ProcessInitializeOnLoadAttributes (758ms)
				ProcessInitializeOnLoadMethodAttributes (147ms)
				AfterProcessingInitializeOnLoad (15ms)
				EditorAssembliesLoaded (0ms)
			ExecutionOrderSort2 (0ms)
			AwakeInstancesAfterBackupRestoration (17ms)
Platform modules already initialized, skipping
Refreshing native plugins compatible for Editor in 3.31 ms, found 4 plugins.
Preloading 0 native plugins for Editor in 0.00 ms.
Unloading 4224 Unused Serialized files (Serialized files now loaded: 0)
Unloading 46 unused Assets / (0.9 MB). Loaded Objects now: 5743.
Memory consumption went from 165.7 MB to 164.7 MB.
Total: 5.475700 ms (FindLiveObjects: 0.609500 ms CreateObjectMapping: 0.350700 ms MarkObjects: 3.944600 ms  DeleteObjects: 0.569600 ms)

AssetImportParameters requested are different than current active one (requested -> active):
  custom:video-decoder-ogg-theora: a1e56fd34408186e4bbccfd4996cb3dc -> 
  custom:container-muxer-webm: aa71ff27fc2769a1b78a27578f13a17b -> 
  custom:container-demuxer-webm: 4f35f7cbe854078d1ac9338744f61a02 -> 
  custom:video-encoder-webm-vp8: eb34c28f22e8b96e1ab97ce403110664 -> 
  custom:audio-encoder-webm-vorbis: bf7c407c2cedff20999df2af8eb42d56 -> 
  custom:framework-win-MediaFoundation: 216162199b28c13a410421893ffa2e32 -> 
  custom:SearchIndexIgnoredProperties: e643bd26f0fe6173181afceb89e7c659 -> 
  custom:container-demuxer-ogg: 62fdf1f143b41e24485cea50d1cbac27 -> 
  custom:video-decoder-webm-vp8: 9c59270c3fd7afecdb556c50c9e8de78 -> 
  custom:audio-decoder-ogg-vorbis: bf7c407c2cedff20999df2af8eb42d56 -> 
========================================================================
Received Prepare
Registering precompiled user dll's ...
Registered in 0.009782 seconds.
Begin MonoManager ReloadAssembly
Symbol file LoadedFromMemory doesn't match image C:\Users\Hadi\RunGun\Library\PackageCache\com.unity.visualscripting@1.7.8\Editor\VisualScripting.Core\Dependencies\YamlDotNet\Unity.VisualScripting.YamlDotNet.dll
Symbol file LoadedFromMemory doesn't match image C:\Users\Hadi\RunGun\Library\PackageCache\com.unity.visualscripting@1.7.8\Editor\VisualScripting.Core\Dependencies\DotNetZip\Unity.VisualScripting.IonicZip.dll
Native extension for UWP target not found
Native extension for WindowsStandalone target not found
Native extension for WebGL target not found
Refreshing native plugins compatible for Editor in 1.49 ms, found 4 plugins.
Preloading 0 native plugins for Editor in 0.00 ms.
Mono: successfully reloaded assembly
- Completed reload, in  2.744 seconds
Domain Reload Profiling:
	ReloadAssembly (2745ms)
		BeginReloadAssembly (230ms)
			ExecutionOrderSort (0ms)
			DisableScriptedObjects (11ms)
			BackupInstance (0ms)
			ReleaseScriptingObjects (0ms)
			CreateAndSetChildDomain (57ms)
		EndReloadAssembly (2264ms)
			LoadAssemblies (198ms)
			RebuildTransferFunctionScriptingTraits (0ms)
			SetupTypeCache (693ms)
			ReleaseScriptCaches (3ms)
			RebuildScriptCaches (163ms)
			SetupLoadedEditorAssemblies (1051ms)
				LogAssemblyErrors (0ms)
				InitializePlatformSupportModulesInManaged (43ms)
				SetLoadedEditorAssemblies (1ms)
				RefreshPlugins (2ms)
				BeforeProcessingInitializeOnLoad (219ms)
				ProcessInitializeOnLoadAttributes (649ms)
				ProcessInitializeOnLoadMethodAttributes (99ms)
				AfterProcessingInitializeOnLoad (38ms)
				EditorAssembliesLoaded (0ms)
			ExecutionOrderSort2 (0ms)
			AwakeInstancesAfterBackupRestoration (23ms)
Platform modules already initialized, skipping
Refreshing native plugins compatible for Editor in 4.55 ms, found 4 plugins.
Preloading 0 native plugins for Editor in 0.00 ms.
Unloading 4224 Unused Serialized files (Serialized files now loaded: 0)
Unloading 46 unused Assets / (0.9 MB). Loaded Objects now: 5758.
Memory consumption went from 165.7 MB to 164.8 MB.
Total: 8.984800 ms (FindLiveObjects: 1.343600 ms CreateObjectMapping: 0.575600 ms MarkObjects: 6.420800 ms  DeleteObjects: 0.643100 ms)

AssetImportParameters requested are different than current active one (requested -> active):
  custom:video-decoder-ogg-theora: a1e56fd34408186e4bbccfd4996cb3dc -> 
  custom:container-muxer-webm: aa71ff27fc2769a1b78a27578f13a17b -> 
  custom:container-demuxer-webm: 4f35f7cbe854078d1ac9338744f61a02 -> 
  custom:video-encoder-webm-vp8: eb34c28f22e8b96e1ab97ce403110664 -> 
  custom:audio-encoder-webm-vorbis: bf7c407c2cedff20999df2af8eb42d56 -> 
  custom:framework-win-MediaFoundation: 216162199b28c13a410421893ffa2e32 -> 
  custom:SearchIndexIgnoredProperties: e643bd26f0fe6173181afceb89e7c659 -> 
  custom:container-demuxer-ogg: 62fdf1f143b41e24485cea50d1cbac27 -> 
  custom:video-decoder-webm-vp8: 9c59270c3fd7afecdb556c50c9e8de78 -> 
  custom:audio-decoder-ogg-vorbis: bf7c407c2cedff20999df2af8eb42d56 -> 
========================================================================
Received Import Request.
  Time since last request: 1601.098538 seconds.
  path: Packages/com.unity.2d.spriteshape/Editor/ObjectMenuCreation/DefaultAssets/Sprite Shapes/Closed Sprite Shape.prefab
  artifactKey: Guid(c0583b4e855c74b8c82e7b9b5efb5ce9) Importer(815301076,1909f56bfc062723c751e8b465ee728b)
Start importing Packages/com.unity.2d.spriteshape/Editor/ObjectMenuCreation/DefaultAssets/Sprite Shapes/Closed Sprite Shape.prefab using Guid(c0583b4e855c74b8c82e7b9b5efb5ce9) Importer(815301076,1909f56bfc062723c751e8b465ee728b)  -> (artifact id: 'b0e0d64d8fff2998508adcc2a708433f') in 0.262929 seconds 
========================================================================
Received Import Request.
  Time since last request: 0.000043 seconds.
  path: Packages/com.unity.2d.spriteshape/Editor/ObjectMenuCreation/DefaultAssets/Sprite Shapes/Open Sprite Shape.prefab
  artifactKey: Guid(86ae7de409eb54f619fb1328e4d42480) Importer(815301076,1909f56bfc062723c751e8b465ee728b)
Start importing Packages/com.unity.2d.spriteshape/Editor/ObjectMenuCreation/DefaultAssets/Sprite Shapes/Open Sprite Shape.prefab using Guid(86ae7de409eb54f619fb1328e4d42480) Importer(815301076,1909f56bfc062723c751e8b465ee728b)  -> (artifact id: '12157564e89fea7af01846686439abba') in 0.027062 seconds 
========================================================================
Received Prepare
Registering precompiled user dll's ...
Registered in 0.013814 seconds.
Begin MonoManager ReloadAssembly
Symbol file LoadedFromMemory doesn't match image C:\Users\Hadi\RunGun\Library\PackageCache\com.unity.visualscripting@1.7.8\Editor\VisualScripting.Core\Dependencies\YamlDotNet\Unity.VisualScripting.YamlDotNet.dll
Symbol file LoadedFromMemory doesn't match image C:\Users\Hadi\RunGun\Library\PackageCache\com.unity.visualscripting@1.7.8\Editor\VisualScripting.Core\Dependencies\DotNetZip\Unity.VisualScripting.IonicZip.dll
Native extension for UWP target not found
Native extension for WindowsStandalone target not found
Native extension for WebGL target not found
Refreshing native plugins compatible for Editor in 1.09 ms, found 4 plugins.
Preloading 0 native plugins for Editor in 0.00 ms.
Mono: successfully reloaded assembly
- Completed reload, in  1.904 seconds
Domain Reload Profiling:
	ReloadAssembly (1905ms)
		BeginReloadAssembly (203ms)
			ExecutionOrderSort (0ms)
			DisableScriptedObjects (15ms)
			BackupInstance (0ms)
			ReleaseScriptingObjects (0ms)
			CreateAndSetChildDomain (53ms)
		EndReloadAssembly (1523ms)
			LoadAssemblies (145ms)
			RebuildTransferFunctionScriptingTraits (0ms)
			SetupTypeCache (488ms)
			ReleaseScriptCaches (2ms)
			RebuildScriptCaches (90ms)
			SetupLoadedEditorAssemblies (713ms)
				LogAssemblyErrors (0ms)
				InitializePlatformSupportModulesInManaged (26ms)
				SetLoadedEditorAssemblies (1ms)
				RefreshPlugins (1ms)
				BeforeProcessingInitializeOnLoad (124ms)
				ProcessInitializeOnLoadAttributes (483ms)
				ProcessInitializeOnLoadMethodAttributes (64ms)
				AfterProcessingInitializeOnLoad (14ms)
				EditorAssembliesLoaded (0ms)
			ExecutionOrderSort2 (0ms)
			AwakeInstancesAfterBackupRestoration (15ms)
Platform modules already initialized, skipping
Refreshing native plugins compatible for Editor in 2.98 ms, found 4 plugins.
Preloading 0 native plugins for Editor in 0.00 ms.
Unloading 4224 Unused Serialized files (Serialized files now loaded: 0)
Unloading 46 unused Assets / (0.9 MB). Loaded Objects now: 5773.
Memory consumption went from 165.7 MB to 164.8 MB.
Total: 7.650700 ms (FindLiveObjects: 0.527800 ms CreateObjectMapping: 0.315100 ms MarkObjects: 5.907500 ms  DeleteObjects: 0.898800 ms)

AssetImportParameters requested are different than current active one (requested -> active):
  custom:video-decoder-ogg-theora: a1e56fd34408186e4bbccfd4996cb3dc -> 
  custom:container-muxer-webm: aa71ff27fc2769a1b78a27578f13a17b -> 
  custom:container-demuxer-webm: 4f35f7cbe854078d1ac9338744f61a02 -> 
  custom:video-encoder-webm-vp8: eb34c28f22e8b96e1ab97ce403110664 -> 
  custom:audio-encoder-webm-vorbis: bf7c407c2cedff20999df2af8eb42d56 -> 
  custom:framework-win-MediaFoundation: 216162199b28c13a410421893ffa2e32 -> 
  custom:SearchIndexIgnoredProperties: e643bd26f0fe6173181afceb89e7c659 -> 
  custom:container-demuxer-ogg: 62fdf1f143b41e24485cea50d1cbac27 -> 
  custom:video-decoder-webm-vp8: 9c59270c3fd7afecdb556c50c9e8de78 -> 
  custom:audio-decoder-ogg-vorbis: bf7c407c2cedff20999df2af8eb42d56 -> 
========================================================================
Received Import Request.
  Time since last request: 338.259234 seconds.
  path: Assets/Prefab/Coin.prefab
  artifactKey: Guid(97bce266ce63e75479633ed8f2be9e9c) Importer(815301076,1909f56bfc062723c751e8b465ee728b)
Start importing Assets/Prefab/Coin.prefab using Guid(97bce266ce63e75479633ed8f2be9e9c) Importer(815301076,1909f56bfc062723c751e8b465ee728b)  -> (artifact id: 'e43a651d54e1133ed1df31362dc216c7') in 0.192095 seconds 
========================================================================
Received Import Request.
  Time since last request: 0.000086 seconds.
  path: Assets/Prefab/Bomberfly.prefab
  artifactKey: Guid(cd0e7c2a660b6cf44bdfd2699ee67bc1) Importer(815301076,1909f56bfc062723c751e8b465ee728b)
Start importing Assets/Prefab/Bomberfly.prefab using Guid(cd0e7c2a660b6cf44bdfd2699ee67bc1) Importer(815301076,1909f56bfc062723c751e8b465ee728b)  -> (artifact id: '384c42a0ad89d672c5ef5c59a2a847ae') in 0.126765 seconds 
========================================================================
Received Import Request.
  Time since last request: 0.000074 seconds.
  path: Assets/Prefab/MineMove.prefab
  artifactKey: Guid(8ccb471006ef3cc4cbca317227f9eb98) Importer(815301076,1909f56bfc062723c751e8b465ee728b)
Start importing Assets/Prefab/MineMove.prefab using Guid(8ccb471006ef3cc4cbca317227f9eb98) Importer(815301076,1909f56bfc062723c751e8b465ee728b)  -> (artifact id: '11d6a1d5ffa003c34cbbfb920f646cb1') in 0.247083 seconds 
========================================================================
Received Import Request.
  Time since last request: 0.000062 seconds.
  path: Assets/Prefab/Patrol.prefab
  artifactKey: Guid(33d54776866e0d9498e67f9f9016a52d) Importer(815301076,1909f56bfc062723c751e8b465ee728b)
Start importing Assets/Prefab/Patrol.prefab using Guid(33d54776866e0d9498e67f9f9016a52d) Importer(815301076,1909f56bfc062723c751e8b465ee728b)  -> (artifact id: '42b86329cc9a0f88af16a10290f8d09c') in 0.138992 seconds 
========================================================================
Received Import Request.
  Time since last request: 0.000041 seconds.
  path: Assets/Prefab/Pikeman.prefab
  artifactKey: Guid(1d4cbf6d648711240ace8ee195df550e) Importer(815301076,1909f56bfc062723c751e8b465ee728b)
Start importing Assets/Prefab/Pikeman.prefab using Guid(1d4cbf6d648711240ace8ee195df550e) Importer(815301076,1909f56bfc062723c751e8b465ee728b)  -> (artifact id: '890591134e524ba8ffc18b02646561d7') in 0.424405 seconds 
========================================================================
Received Prepare
Registering precompiled user dll's ...
Registered in 0.009861 seconds.
Begin MonoManager ReloadAssembly
Symbol file LoadedFromMemory doesn't match image C:\Users\Hadi\RunGun\Library\PackageCache\com.unity.visualscripting@1.7.8\Editor\VisualScripting.Core\Dependencies\YamlDotNet\Unity.VisualScripting.YamlDotNet.dll
Symbol file LoadedFromMemory doesn't match image C:\Users\Hadi\RunGun\Library\PackageCache\com.unity.visualscripting@1.7.8\Editor\VisualScripting.Core\Dependencies\DotNetZip\Unity.VisualScripting.IonicZip.dll
Native extension for UWP target not found
Native extension for WindowsStandalone target not found
Native extension for WebGL target not found
Refreshing native plugins compatible for Editor in 0.87 ms, found 4 plugins.
Preloading 0 native plugins for Editor in 0.00 ms.
Mono: successfully reloaded assembly
- Completed reload, in  2.088 seconds
Domain Reload Profiling:
	ReloadAssembly (2090ms)
		BeginReloadAssembly (284ms)
			ExecutionOrderSort (0ms)
			DisableScriptedObjects (9ms)
			BackupInstance (0ms)
			ReleaseScriptingObjects (0ms)
			CreateAndSetChildDomain (78ms)
		EndReloadAssembly (1623ms)
			LoadAssemblies (189ms)
			RebuildTransferFunctionScriptingTraits (0ms)
			SetupTypeCache (512ms)
			ReleaseScriptCaches (3ms)
			RebuildScriptCaches (81ms)
			SetupLoadedEditorAssemblies (779ms)
				LogAssemblyErrors (0ms)
				InitializePlatformSupportModulesInManaged (34ms)
				SetLoadedEditorAssemblies (1ms)
				RefreshPlugins (1ms)
				BeforeProcessingInitializeOnLoad (131ms)
				ProcessInitializeOnLoadAttributes (519ms)
				ProcessInitializeOnLoadMethodAttributes (64ms)
				AfterProcessingInitializeOnLoad (27ms)
				EditorAssembliesLoaded (2ms)
			ExecutionOrderSort2 (0ms)
			AwakeInstancesAfterBackupRestoration (21ms)
Platform modules already initialized, skipping
Refreshing native plugins compatible for Editor in 6.41 ms, found 4 plugins.
Preloading 0 native plugins for Editor in 0.00 ms.
Unloading 4224 Unused Serialized files (Serialized files now loaded: 0)
Unloading 46 unused Assets / (0.9 MB). Loaded Objects now: 5788.
Memory consumption went from 165.8 MB to 164.8 MB.
Total: 10.157900 ms (FindLiveObjects: 1.784100 ms CreateObjectMapping: 0.746800 ms MarkObjects: 6.738200 ms  DeleteObjects: 0.884300 ms)

AssetImportParameters requested are different than current active one (requested -> active):
  custom:video-decoder-ogg-theora: a1e56fd34408186e4bbccfd4996cb3dc -> 
  custom:container-muxer-webm: aa71ff27fc2769a1b78a27578f13a17b -> 
  custom:container-demuxer-webm: 4f35f7cbe854078d1ac9338744f61a02 -> 
  custom:video-encoder-webm-vp8: eb34c28f22e8b96e1ab97ce403110664 -> 
  custom:audio-encoder-webm-vorbis: bf7c407c2cedff20999df2af8eb42d56 -> 
  custom:framework-win-MediaFoundation: 216162199b28c13a410421893ffa2e32 -> 
  custom:SearchIndexIgnoredProperties: e643bd26f0fe6173181afceb89e7c659 -> 
  custom:container-demuxer-ogg: 62fdf1f143b41e24485cea50d1cbac27 -> 
  custom:video-decoder-webm-vp8: 9c59270c3fd7afecdb556c50c9e8de78 -> 
  custom:audio-decoder-ogg-vorbis: bf7c407c2cedff20999df2af8eb42d56 -> 
========================================================================
Received Import Request.
  Time since last request: 76.852891 seconds.
  path: Assets/Prefab/Bomberfly.prefab
  artifactKey: Guid(cd0e7c2a660b6cf44bdfd2699ee67bc1) Importer(815301076,1909f56bfc062723c751e8b465ee728b)
Start importing Assets/Prefab/Bomberfly.prefab using Guid(cd0e7c2a660b6cf44bdfd2699ee67bc1) Importer(815301076,1909f56bfc062723c751e8b465ee728b)  -> (artifact id: 'b43349928c238ae838dfb166f04fc75d') in 0.113565 seconds 
========================================================================
Received Import Request.
  Time since last request: 0.000046 seconds.
  path: Assets/Prefab/MineMove.prefab
  artifactKey: Guid(8ccb471006ef3cc4cbca317227f9eb98) Importer(815301076,1909f56bfc062723c751e8b465ee728b)
Start importing Assets/Prefab/MineMove.prefab using Guid(8ccb471006ef3cc4cbca317227f9eb98) Importer(815301076,1909f56bfc062723c751e8b465ee728b)  -> (artifact id: '96cdf6d359e8880d0cb66daa40e94717') in 0.042975 seconds 
========================================================================
Received Import Request.
  Time since last request: 0.000037 seconds.
  path: Assets/Prefab/Coin.prefab
  artifactKey: Guid(97bce266ce63e75479633ed8f2be9e9c) Importer(815301076,1909f56bfc062723c751e8b465ee728b)
Start importing Assets/Prefab/Coin.prefab using Guid(97bce266ce63e75479633ed8f2be9e9c) Importer(815301076,1909f56bfc062723c751e8b465ee728b)  -> (artifact id: 'e3294265dfe214b8bfd93739773a7fa1') in 0.019966 seconds 
========================================================================
Received Import Request.
  Time since last request: 0.000028 seconds.
  path: Assets/Prefab/Patrol.prefab
  artifactKey: Guid(33d54776866e0d9498e67f9f9016a52d) Importer(815301076,1909f56bfc062723c751e8b465ee728b)
Start importing Assets/Prefab/Patrol.prefab using Guid(33d54776866e0d9498e67f9f9016a52d) Importer(815301076,1909f56bfc062723c751e8b465ee728b)  -> (artifact id: 'd09a0cbe359eac3972f030b1b8f4a394') in 0.039806 seconds 
========================================================================
Received Import Request.
  Time since last request: 0.000025 seconds.
  path: Assets/Prefab/Pikeman.prefab
  artifactKey: Guid(1d4cbf6d648711240ace8ee195df550e) Importer(815301076,1909f56bfc062723c751e8b465ee728b)
Start importing Assets/Prefab/Pikeman.prefab using Guid(1d4cbf6d648711240ace8ee195df550e) Importer(815301076,1909f56bfc062723c751e8b465ee728b)  -> (artifact id: 'd0edc6b8adc21e59a4f1e01588a83e2a') in 0.046529 seconds 
========================================================================
Received Import Request.
  Time since last request: 13.905409 seconds.
  path: Assets/Prefab/Patrol.prefab
  artifactKey: Guid(33d54776866e0d9498e67f9f9016a52d) Importer(815301076,1909f56bfc062723c751e8b465ee728b)
Start importing Assets/Prefab/Patrol.prefab using Guid(33d54776866e0d9498e67f9f9016a52d) Importer(815301076,1909f56bfc062723c751e8b465ee728b)  -> (artifact id: 'efa6bfcc109f0699d5be5cef97eae2e5') in 0.074631 seconds 
========================================================================
Received Prepare
Registering precompiled user dll's ...
Registered in 0.009401 seconds.
Begin MonoManager ReloadAssembly
Symbol file LoadedFromMemory doesn't match image C:\Users\Hadi\RunGun\Library\PackageCache\com.unity.visualscripting@1.7.8\Editor\VisualScripting.Core\Dependencies\YamlDotNet\Unity.VisualScripting.YamlDotNet.dll
Symbol file LoadedFromMemory doesn't match image C:\Users\Hadi\RunGun\Library\PackageCache\com.unity.visualscripting@1.7.8\Editor\VisualScripting.Core\Dependencies\DotNetZip\Unity.VisualScripting.IonicZip.dll
Native extension for UWP target not found
Native extension for WindowsStandalone target not found
Native extension for WebGL target not found
Refreshing native plugins compatible for Editor in 0.86 ms, found 4 plugins.
Preloading 0 native plugins for Editor in 0.00 ms.
Mono: successfully reloaded assembly
- Completed reload, in  1.905 seconds
Domain Reload Profiling:
	ReloadAssembly (1906ms)
		BeginReloadAssembly (229ms)
			ExecutionOrderSort (0ms)
			DisableScriptedObjects (9ms)
			BackupInstance (0ms)
			ReleaseScriptingObjects (0ms)
			CreateAndSetChildDomain (47ms)
		EndReloadAssembly (1534ms)
			LoadAssemblies (172ms)
			RebuildTransferFunctionScriptingTraits (0ms)
			SetupTypeCache (451ms)
			ReleaseScriptCaches (2ms)
			RebuildScriptCaches (99ms)
			SetupLoadedEditorAssemblies (721ms)
				LogAssemblyErrors (0ms)
				InitializePlatformSupportModulesInManaged (28ms)
				SetLoadedEditorAssemblies (1ms)
				RefreshPlugins (1ms)
				BeforeProcessingInitializeOnLoad (165ms)
				ProcessInitializeOnLoadAttributes (443ms)
				ProcessInitializeOnLoadMethodAttributes (73ms)
				AfterProcessingInitializeOnLoad (10ms)
				EditorAssembliesLoaded (0ms)
			ExecutionOrderSort2 (0ms)
			AwakeInstancesAfterBackupRestoration (28ms)
Platform modules already initialized, skipping
Refreshing native plugins compatible for Editor in 3.87 ms, found 4 plugins.
Preloading 0 native plugins for Editor in 0.00 ms.
Unloading 4224 Unused Serialized files (Serialized files now loaded: 0)
Unloading 46 unused Assets / (0.9 MB). Loaded Objects now: 5803.
Memory consumption went from 165.8 MB to 164.8 MB.
Total: 13.826700 ms (FindLiveObjects: 0.634500 ms CreateObjectMapping: 0.550500 ms MarkObjects: 10.005500 ms  DeleteObjects: 2.634800 ms)

AssetImportParameters requested are different than current active one (requested -> active):
  custom:video-decoder-ogg-theora: a1e56fd34408186e4bbccfd4996cb3dc -> 
  custom:container-muxer-webm: aa71ff27fc2769a1b78a27578f13a17b -> 
  custom:container-demuxer-webm: 4f35f7cbe854078d1ac9338744f61a02 -> 
  custom:video-encoder-webm-vp8: eb34c28f22e8b96e1ab97ce403110664 -> 
  custom:audio-encoder-webm-vorbis: bf7c407c2cedff20999df2af8eb42d56 -> 
  custom:framework-win-MediaFoundation: 216162199b28c13a410421893ffa2e32 -> 
  custom:SearchIndexIgnoredProperties: e643bd26f0fe6173181afceb89e7c659 -> 
  custom:container-demuxer-ogg: 62fdf1f143b41e24485cea50d1cbac27 -> 
  custom:video-decoder-webm-vp8: 9c59270c3fd7afecdb556c50c9e8de78 -> 
  custom:audio-decoder-ogg-vorbis: bf7c407c2cedff20999df2af8eb42d56 -> 
========================================================================
Received Prepare
Registering precompiled user dll's ...
Registered in 0.009768 seconds.
Begin MonoManager ReloadAssembly
Symbol file LoadedFromMemory doesn't match image C:\Users\Hadi\RunGun\Library\PackageCache\com.unity.visualscripting@1.7.8\Editor\VisualScripting.Core\Dependencies\YamlDotNet\Unity.VisualScripting.YamlDotNet.dll
Symbol file LoadedFromMemory doesn't match image C:\Users\Hadi\RunGun\Library\PackageCache\com.unity.visualscripting@1.7.8\Editor\VisualScripting.Core\Dependencies\DotNetZip\Unity.VisualScripting.IonicZip.dll
Native extension for UWP target not found
Native extension for WindowsStandalone target not found
Native extension for WebGL target not found
Refreshing native plugins compatible for Editor in 1.41 ms, found 4 plugins.
Preloading 0 native plugins for Editor in 0.00 ms.
Mono: successfully reloaded assembly
- Completed reload, in  1.715 seconds
Domain Reload Profiling:
	ReloadAssembly (1716ms)
		BeginReloadAssembly (174ms)
			ExecutionOrderSort (0ms)
			DisableScriptedObjects (9ms)
			BackupInstance (0ms)
			ReleaseScriptingObjects (0ms)
			CreateAndSetChildDomain (43ms)
		EndReloadAssembly (1403ms)
			LoadAssemblies (126ms)
			RebuildTransferFunctionScriptingTraits (0ms)
			SetupTypeCache (395ms)
			ReleaseScriptCaches (2ms)
			RebuildScriptCaches (102ms)
			SetupLoadedEditorAssemblies (680ms)
				LogAssemblyErrors (0ms)
				InitializePlatformSupportModulesInManaged (25ms)
				SetLoadedEditorAssemblies (1ms)
				RefreshPlugins (2ms)
				BeforeProcessingInitializeOnLoad (134ms)
				ProcessInitializeOnLoadAttributes (433ms)
				ProcessInitializeOnLoadMethodAttributes (71ms)
				AfterProcessingInitializeOnLoad (14ms)
				EditorAssembliesLoaded (0ms)
			ExecutionOrderSort2 (0ms)
			AwakeInstancesAfterBackupRestoration (15ms)
Platform modules already initialized, skipping
Refreshing native plugins compatible for Editor in 3.21 ms, found 4 plugins.
Preloading 0 native plugins for Editor in 0.00 ms.
Unloading 4224 Unused Serialized files (Serialized files now loaded: 0)
Unloading 46 unused Assets / (0.9 MB). Loaded Objects now: 5818.
Memory consumption went from 165.8 MB to 164.9 MB.
Total: 7.211200 ms (FindLiveObjects: 0.562300 ms CreateObjectMapping: 0.590100 ms MarkObjects: 5.376600 ms  DeleteObjects: 0.680900 ms)

AssetImportParameters requested are different than current active one (requested -> active):
  custom:video-decoder-ogg-theora: a1e56fd34408186e4bbccfd4996cb3dc -> 
  custom:container-muxer-webm: aa71ff27fc2769a1b78a27578f13a17b -> 
  custom:container-demuxer-webm: 4f35f7cbe854078d1ac9338744f61a02 -> 
  custom:video-encoder-webm-vp8: eb34c28f22e8b96e1ab97ce403110664 -> 
  custom:audio-encoder-webm-vorbis: bf7c407c2cedff20999df2af8eb42d56 -> 
  custom:framework-win-MediaFoundation: 216162199b28c13a410421893ffa2e32 -> 
  custom:SearchIndexIgnoredProperties: e643bd26f0fe6173181afceb89e7c659 -> 
  custom:container-demuxer-ogg: 62fdf1f143b41e24485cea50d1cbac27 -> 
  custom:video-decoder-webm-vp8: 9c59270c3fd7afecdb556c50c9e8de78 -> 
  custom:audio-decoder-ogg-vorbis: bf7c407c2cedff20999df2af8eb42d56 -> 
========================================================================
Received Import Request.
  Time since last request: 103.990242 seconds.
  path: Assets/Prefab/Coin.prefab
  artifactKey: Guid(97bce266ce63e75479633ed8f2be9e9c) Importer(815301076,1909f56bfc062723c751e8b465ee728b)
Start importing Assets/Prefab/Coin.prefab using Guid(97bce266ce63e75479633ed8f2be9e9c) Importer(815301076,1909f56bfc062723c751e8b465ee728b)  -> (artifact id: '594cbcc05a3a3e2b5a6811affe4d4239') in 0.100148 seconds 
========================================================================
Received Import Request.
  Time since last request: 0.000028 seconds.
  path: Assets/Prefab/Bomberfly.prefab
  artifactKey: Guid(cd0e7c2a660b6cf44bdfd2699ee67bc1) Importer(815301076,1909f56bfc062723c751e8b465ee728b)
Start importing Assets/Prefab/Bomberfly.prefab using Guid(cd0e7c2a660b6cf44bdfd2699ee67bc1) Importer(815301076,1909f56bfc062723c751e8b465ee728b)  -> (artifact id: '0f81241980a817b047ae438133ddd3b1') in 0.031929 seconds 
========================================================================
Received Import Request.
  Time since last request: 0.000037 seconds.
  path: Assets/Prefab/MineMove.prefab
  artifactKey: Guid(8ccb471006ef3cc4cbca317227f9eb98) Importer(815301076,1909f56bfc062723c751e8b465ee728b)
Start importing Assets/Prefab/MineMove.prefab using Guid(8ccb471006ef3cc4cbca317227f9eb98) Importer(815301076,1909f56bfc062723c751e8b465ee728b)  -> (artifact id: 'd5d12d0e62550113c756823ef155df62') in 0.035173 seconds 
========================================================================
Received Import Request.
  Time since last request: 0.000033 seconds.
  path: Assets/Prefab/Patrol.prefab
  artifactKey: Guid(33d54776866e0d9498e67f9f9016a52d) Importer(815301076,1909f56bfc062723c751e8b465ee728b)
Start importing Assets/Prefab/Patrol.prefab using Guid(33d54776866e0d9498e67f9f9016a52d) Importer(815301076,1909f56bfc062723c751e8b465ee728b)  -> (artifact id: '2ff7519bc41df041eb7428b6cf0ca6e4') in 0.036407 seconds 
========================================================================
Received Import Request.
  Time since last request: 0.000030 seconds.
  path: Assets/Prefab/Pikeman.prefab
  artifactKey: Guid(1d4cbf6d648711240ace8ee195df550e) Importer(815301076,1909f56bfc062723c751e8b465ee728b)
Start importing Assets/Prefab/Pikeman.prefab using Guid(1d4cbf6d648711240ace8ee195df550e) Importer(815301076,1909f56bfc062723c751e8b465ee728b)  -> (artifact id: '64b00a74de63127490479cfe7732b1d1') in 0.058137 seconds 
========================================================================
Received Import Request.
  Time since last request: 1.931234 seconds.
  path: Assets/Prefab/PuffSprite.prefab
  artifactKey: Guid(9f087e6c795330b4891fe953ca646606) Importer(815301076,1909f56bfc062723c751e8b465ee728b)
Start importing Assets/Prefab/PuffSprite.prefab using Guid(9f087e6c795330b4891fe953ca646606) Importer(815301076,1909f56bfc062723c751e8b465ee728b)  -> (artifact id: 'fcc7f3af83883dcaeefb3a4e2ead7ade') in 0.023059 seconds 
========================================================================
Received Import Request.
  Time since last request: 0.009358 seconds.
  path: Assets/Prefab/Bomberfly.prefab
  artifactKey: Guid(cd0e7c2a660b6cf44bdfd2699ee67bc1) Importer(815301076,1909f56bfc062723c751e8b465ee728b)
Start importing Assets/Prefab/Bomberfly.prefab using Guid(cd0e7c2a660b6cf44bdfd2699ee67bc1) Importer(815301076,1909f56bfc062723c751e8b465ee728b)  -> (artifact id: '8effe03a5c0f588bf4045f199dbc1fc3') in 0.030939 seconds 
========================================================================
Received Import Request.
  Time since last request: 0.000022 seconds.
  path: Assets/Prefab/MineMove.prefab
  artifactKey: Guid(8ccb471006ef3cc4cbca317227f9eb98) Importer(815301076,1909f56bfc062723c751e8b465ee728b)
Start importing Assets/Prefab/MineMove.prefab using Guid(8ccb471006ef3cc4cbca317227f9eb98) Importer(815301076,1909f56bfc062723c751e8b465ee728b)  -> (artifact id: '0b17603b05ee0e64baa66246c43fba32') in 0.035423 seconds 
========================================================================
Received Import Request.
  Time since last request: 0.000026 seconds.
  path: Assets/Prefab/Patrol.prefab
  artifactKey: Guid(33d54776866e0d9498e67f9f9016a52d) Importer(815301076,1909f56bfc062723c751e8b465ee728b)
Start importing Assets/Prefab/Patrol.prefab using Guid(33d54776866e0d9498e67f9f9016a52d) Importer(815301076,1909f56bfc062723c751e8b465ee728b)  -> (artifact id: 'ec298b2ffe8dd3c4d2ef7dc5f4273a55') in 0.033106 seconds 
========================================================================
Received Import Request.
  Time since last request: 0.000023 seconds.
  path: Assets/Prefab/Pikeman.prefab
  artifactKey: Guid(1d4cbf6d648711240ace8ee195df550e) Importer(815301076,1909f56bfc062723c751e8b465ee728b)
Start importing Assets/Prefab/Pikeman.prefab using Guid(1d4cbf6d648711240ace8ee195df550e) Importer(815301076,1909f56bfc062723c751e8b465ee728b)  -> (artifact id: '54fd3491f0abebce965fe56d685a9154') in 0.063472 seconds 
========================================================================
Received Prepare
Registering precompiled user dll's ...
Registered in 0.009955 seconds.
Begin MonoManager ReloadAssembly
Symbol file LoadedFromMemory doesn't match image C:\Users\Hadi\RunGun\Library\PackageCache\com.unity.visualscripting@1.7.8\Editor\VisualScripting.Core\Dependencies\YamlDotNet\Unity.VisualScripting.YamlDotNet.dll
Symbol file LoadedFromMemory doesn't match image C:\Users\Hadi\RunGun\Library\PackageCache\com.unity.visualscripting@1.7.8\Editor\VisualScripting.Core\Dependencies\DotNetZip\Unity.VisualScripting.IonicZip.dll
Native extension for UWP target not found
Native extension for WindowsStandalone target not found
Native extension for WebGL target not found
Refreshing native plugins compatible for Editor in 0.97 ms, found 4 plugins.
Preloading 0 native plugins for Editor in 0.00 ms.
Mono: successfully reloaded assembly
- Completed reload, in  2.269 seconds
Domain Reload Profiling:
	ReloadAssembly (2271ms)
		BeginReloadAssembly (170ms)
			ExecutionOrderSort (0ms)
			DisableScriptedObjects (8ms)
			BackupInstance (0ms)
			ReleaseScriptingObjects (0ms)
			CreateAndSetChildDomain (50ms)
		EndReloadAssembly (1917ms)
			LoadAssemblies (173ms)
			RebuildTransferFunctionScriptingTraits (0ms)
			SetupTypeCache (527ms)
			ReleaseScriptCaches (7ms)
			RebuildScriptCaches (131ms)
			SetupLoadedEditorAssemblies (898ms)
				LogAssemblyErrors (0ms)
				InitializePlatformSupportModulesInManaged (39ms)
				SetLoadedEditorAssemblies (1ms)
				RefreshPlugins (1ms)
				BeforeProcessingInitializeOnLoad (163ms)
				ProcessInitializeOnLoadAttributes (588ms)
				ProcessInitializeOnLoadMethodAttributes (93ms)
				AfterProcessingInitializeOnLoad (12ms)
				EditorAssembliesLoaded (1ms)
			ExecutionOrderSort2 (0ms)
			AwakeInstancesAfterBackupRestoration (18ms)
Platform modules already initialized, skipping
Refreshing native plugins compatible for Editor in 5.69 ms, found 4 plugins.
Preloading 0 native plugins for Editor in 0.00 ms.
Unloading 4224 Unused Serialized files (Serialized files now loaded: 0)
Unloading 46 unused Assets / (0.9 MB). Loaded Objects now: 5833.
Memory consumption went from 165.8 MB to 164.9 MB.
Total: 15.995500 ms (FindLiveObjects: 1.711600 ms CreateObjectMapping: 4.105700 ms MarkObjects: 9.616900 ms  DeleteObjects: 0.560100 ms)

AssetImportParameters requested are different than current active one (requested -> active):
  custom:video-decoder-ogg-theora: a1e56fd34408186e4bbccfd4996cb3dc -> 
  custom:container-muxer-webm: aa71ff27fc2769a1b78a27578f13a17b -> 
  custom:container-demuxer-webm: 4f35f7cbe854078d1ac9338744f61a02 -> 
  custom:video-encoder-webm-vp8: eb34c28f22e8b96e1ab97ce403110664 -> 
  custom:audio-encoder-webm-vorbis: bf7c407c2cedff20999df2af8eb42d56 -> 
  custom:framework-win-MediaFoundation: 216162199b28c13a410421893ffa2e32 -> 
  custom:SearchIndexIgnoredProperties: e643bd26f0fe6173181afceb89e7c659 -> 
  custom:container-demuxer-ogg: 62fdf1f143b41e24485cea50d1cbac27 -> 
  custom:video-decoder-webm-vp8: 9c59270c3fd7afecdb556c50c9e8de78 -> 
  custom:audio-decoder-ogg-vorbis: bf7c407c2cedff20999df2af8eb42d56 -> 
========================================================================
Received Prepare
Registering precompiled user dll's ...
Registered in 0.009220 seconds.
Begin MonoManager ReloadAssembly
Symbol file LoadedFromMemory doesn't match image C:\Users\Hadi\RunGun\Library\PackageCache\com.unity.visualscripting@1.7.8\Editor\VisualScripting.Core\Dependencies\YamlDotNet\Unity.VisualScripting.YamlDotNet.dll
Symbol file LoadedFromMemory doesn't match image C:\Users\Hadi\RunGun\Library\PackageCache\com.unity.visualscripting@1.7.8\Editor\VisualScripting.Core\Dependencies\DotNetZip\Unity.VisualScripting.IonicZip.dll
Native extension for UWP target not found
Native extension for WindowsStandalone target not found
Native extension for WebGL target not found
Refreshing native plugins compatible for Editor in 1.24 ms, found 4 plugins.
Preloading 0 native plugins for Editor in 0.00 ms.
Mono: successfully reloaded assembly
- Completed reload, in  1.707 seconds
Domain Reload Profiling:
	ReloadAssembly (1707ms)
		BeginReloadAssembly (174ms)
			ExecutionOrderSort (0ms)
			DisableScriptedObjects (8ms)
			BackupInstance (0ms)
			ReleaseScriptingObjects (0ms)
			CreateAndSetChildDomain (40ms)
		EndReloadAssembly (1397ms)
			LoadAssemblies (126ms)
			RebuildTransferFunctionScriptingTraits (0ms)
			SetupTypeCache (404ms)
			ReleaseScriptCaches (2ms)
			RebuildScriptCaches (88ms)
			SetupLoadedEditorAssemblies (676ms)
				LogAssemblyErrors (0ms)
				InitializePlatformSupportModulesInManaged (28ms)
				SetLoadedEditorAssemblies (1ms)
				RefreshPlugins (1ms)
				BeforeProcessingInitializeOnLoad (128ms)
				ProcessInitializeOnLoadAttributes (437ms)
				ProcessInitializeOnLoadMethodAttributes (68ms)
				AfterProcessingInitializeOnLoad (13ms)
				EditorAssembliesLoaded (0ms)
			ExecutionOrderSort2 (0ms)
			AwakeInstancesAfterBackupRestoration (15ms)
Platform modules already initialized, skipping
Refreshing native plugins compatible for Editor in 4.16 ms, found 4 plugins.
Preloading 0 native plugins for Editor in 0.00 ms.
Unloading 4224 Unused Serialized files (Serialized files now loaded: 0)
Unloading 46 unused Assets / (0.9 MB). Loaded Objects now: 5848.
Memory consumption went from 165.9 MB to 164.9 MB.
Total: 7.188600 ms (FindLiveObjects: 0.506600 ms CreateObjectMapping: 0.675100 ms MarkObjects: 5.505400 ms  DeleteObjects: 0.500400 ms)

AssetImportParameters requested are different than current active one (requested -> active):
  custom:video-decoder-ogg-theora: a1e56fd34408186e4bbccfd4996cb3dc -> 
  custom:container-muxer-webm: aa71ff27fc2769a1b78a27578f13a17b -> 
  custom:container-demuxer-webm: 4f35f7cbe854078d1ac9338744f61a02 -> 
  custom:video-encoder-webm-vp8: eb34c28f22e8b96e1ab97ce403110664 -> 
  custom:audio-encoder-webm-vorbis: bf7c407c2cedff20999df2af8eb42d56 -> 
  custom:framework-win-MediaFoundation: 216162199b28c13a410421893ffa2e32 -> 
  custom:SearchIndexIgnoredProperties: e643bd26f0fe6173181afceb89e7c659 -> 
  custom:container-demuxer-ogg: 62fdf1f143b41e24485cea50d1cbac27 -> 
  custom:video-decoder-webm-vp8: 9c59270c3fd7afecdb556c50c9e8de78 -> 
  custom:audio-decoder-ogg-vorbis: bf7c407c2cedff20999df2af8eb42d56 -> 
========================================================================
Received Prepare
Registering precompiled user dll's ...
Registered in 0.011108 seconds.
Begin MonoManager ReloadAssembly
Symbol file LoadedFromMemory doesn't match image C:\Users\Hadi\RunGun\Library\PackageCache\com.unity.visualscripting@1.7.8\Editor\VisualScripting.Core\Dependencies\YamlDotNet\Unity.VisualScripting.YamlDotNet.dll
Symbol file LoadedFromMemory doesn't match image C:\Users\Hadi\RunGun\Library\PackageCache\com.unity.visualscripting@1.7.8\Editor\VisualScripting.Core\Dependencies\DotNetZip\Unity.VisualScripting.IonicZip.dll
Native extension for UWP target not found
Native extension for WindowsStandalone target not found
Native extension for WebGL target not found
Refreshing native plugins compatible for Editor in 3.52 ms, found 4 plugins.
Preloading 0 native plugins for Editor in 0.00 ms.
Mono: successfully reloaded assembly
- Completed reload, in 11.116 seconds
Domain Reload Profiling:
	ReloadAssembly (11119ms)
		BeginReloadAssembly (931ms)
			ExecutionOrderSort (0ms)
			DisableScriptedObjects (39ms)
			BackupInstance (0ms)
			ReleaseScriptingObjects (1ms)
			CreateAndSetChildDomain (171ms)
		EndReloadAssembly (9288ms)
			LoadAssemblies (964ms)
			RebuildTransferFunctionScriptingTraits (0ms)
			SetupTypeCache (2450ms)
			ReleaseScriptCaches (21ms)
			RebuildScriptCaches (434ms)
			SetupLoadedEditorAssemblies (4793ms)
				LogAssemblyErrors (0ms)
				InitializePlatformSupportModulesInManaged (113ms)
				SetLoadedEditorAssemblies (8ms)
				RefreshPlugins (4ms)
				BeforeProcessingInitializeOnLoad (1056ms)
				ProcessInitializeOnLoadAttributes (3134ms)
				ProcessInitializeOnLoadMethodAttributes (436ms)
				AfterProcessingInitializeOnLoad (40ms)
				EditorAssembliesLoaded (1ms)
			ExecutionOrderSort2 (0ms)
			AwakeInstancesAfterBackupRestoration (79ms)
Platform modules already initialized, skipping
Refreshing native plugins compatible for Editor in 6.24 ms, found 4 plugins.
Preloading 0 native plugins for Editor in 0.00 ms.
Unloading 4224 Unused Serialized files (Serialized files now loaded: 0)
Unloading 46 unused Assets / (0.9 MB). Loaded Objects now: 5863.
Memory consumption went from 166.0 MB to 165.1 MB.
Total: 8.082400 ms (FindLiveObjects: 0.829500 ms CreateObjectMapping: 0.480000 ms MarkObjects: 5.663700 ms  DeleteObjects: 1.107700 ms)

AssetImportParameters requested are different than current active one (requested -> active):
  custom:video-decoder-ogg-theora: a1e56fd34408186e4bbccfd4996cb3dc -> 
  custom:container-muxer-webm: aa71ff27fc2769a1b78a27578f13a17b -> 
  custom:container-demuxer-webm: 4f35f7cbe854078d1ac9338744f61a02 -> 
  custom:video-encoder-webm-vp8: eb34c28f22e8b96e1ab97ce403110664 -> 
  custom:audio-encoder-webm-vorbis: bf7c407c2cedff20999df2af8eb42d56 -> 
  custom:framework-win-MediaFoundation: 216162199b28c13a410421893ffa2e32 -> 
  custom:SearchIndexIgnoredProperties: e643bd26f0fe6173181afceb89e7c659 -> 
  custom:container-demuxer-ogg: 62fdf1f143b41e24485cea50d1cbac27 -> 
  custom:video-decoder-webm-vp8: 9c59270c3fd7afecdb556c50c9e8de78 -> 
  custom:audio-decoder-ogg-vorbis: bf7c407c2cedff20999df2af8eb42d56 -> 
========================================================================
Received Prepare
Registering precompiled user dll's ...
Registered in 0.010261 seconds.
Begin MonoManager ReloadAssembly
Symbol file LoadedFromMemory doesn't match image C:\Users\Hadi\RunGun\Library\PackageCache\com.unity.visualscripting@1.7.8\Editor\VisualScripting.Core\Dependencies\YamlDotNet\Unity.VisualScripting.YamlDotNet.dll
Symbol file LoadedFromMemory doesn't match image C:\Users\Hadi\RunGun\Library\PackageCache\com.unity.visualscripting@1.7.8\Editor\VisualScripting.Core\Dependencies\DotNetZip\Unity.VisualScripting.IonicZip.dll
Native extension for UWP target not found
Native extension for WindowsStandalone target not found
Native extension for WebGL target not found
Refreshing native plugins compatible for Editor in 1.46 ms, found 4 plugins.
Preloading 0 native plugins for Editor in 0.00 ms.
Mono: successfully reloaded assembly
- Completed reload, in  2.148 seconds
Domain Reload Profiling:
	ReloadAssembly (2149ms)
		BeginReloadAssembly (201ms)
			ExecutionOrderSort (0ms)
			DisableScriptedObjects (13ms)
			BackupInstance (0ms)
			ReleaseScriptingObjects (0ms)
			CreateAndSetChildDomain (58ms)
		EndReloadAssembly (1766ms)
			LoadAssemblies (180ms)
			RebuildTransferFunctionScriptingTraits (0ms)
			SetupTypeCache (506ms)
			ReleaseScriptCaches (2ms)
			RebuildScriptCaches (97ms)
			SetupLoadedEditorAssemblies (854ms)
				LogAssemblyErrors (0ms)
				InitializePlatformSupportModulesInManaged (27ms)
				SetLoadedEditorAssemblies (1ms)
				RefreshPlugins (2ms)
				BeforeProcessingInitializeOnLoad (175ms)
				ProcessInitializeOnLoadAttributes (552ms)
				ProcessInitializeOnLoadMethodAttributes (79ms)
				AfterProcessingInitializeOnLoad (19ms)
				EditorAssembliesLoaded (0ms)
			ExecutionOrderSort2 (0ms)
			AwakeInstancesAfterBackupRestoration (19ms)
Platform modules already initialized, skipping
Refreshing native plugins compatible for Editor in 5.12 ms, found 4 plugins.
Preloading 0 native plugins for Editor in 0.00 ms.
Unloading 4224 Unused Serialized files (Serialized files now loaded: 0)
Unloading 46 unused Assets / (0.9 MB). Loaded Objects now: 5878.
Memory consumption went from 166.0 MB to 165.1 MB.
Total: 5.769500 ms (FindLiveObjects: 0.545900 ms CreateObjectMapping: 0.307100 ms MarkObjects: 4.358900 ms  DeleteObjects: 0.556500 ms)

AssetImportParameters requested are different than current active one (requested -> active):
  custom:video-decoder-ogg-theora: a1e56fd34408186e4bbccfd4996cb3dc -> 
  custom:container-muxer-webm: aa71ff27fc2769a1b78a27578f13a17b -> 
  custom:container-demuxer-webm: 4f35f7cbe854078d1ac9338744f61a02 -> 
  custom:video-encoder-webm-vp8: eb34c28f22e8b96e1ab97ce403110664 -> 
  custom:audio-encoder-webm-vorbis: bf7c407c2cedff20999df2af8eb42d56 -> 
  custom:framework-win-MediaFoundation: 216162199b28c13a410421893ffa2e32 -> 
  custom:SearchIndexIgnoredProperties: e643bd26f0fe6173181afceb89e7c659 -> 
  custom:container-demuxer-ogg: 62fdf1f143b41e24485cea50d1cbac27 -> 
  custom:video-decoder-webm-vp8: 9c59270c3fd7afecdb556c50c9e8de78 -> 
  custom:audio-decoder-ogg-vorbis: bf7c407c2cedff20999df2af8eb42d56 -> 
========================================================================
Received Prepare
Registering precompiled user dll's ...
Registered in 0.065021 seconds.
Begin MonoManager ReloadAssembly
Symbol file LoadedFromMemory doesn't match image C:\Users\Hadi\RunGun\Library\PackageCache\com.unity.visualscripting@1.7.8\Editor\VisualScripting.Core\Dependencies\YamlDotNet\Unity.VisualScripting.YamlDotNet.dll
Symbol file LoadedFromMemory doesn't match image C:\Users\Hadi\RunGun\Library\PackageCache\com.unity.visualscripting@1.7.8\Editor\VisualScripting.Core\Dependencies\DotNetZip\Unity.VisualScripting.IonicZip.dll
Native extension for UWP target not found
Native extension for WindowsStandalone target not found
Native extension for WebGL target not found
Refreshing native plugins compatible for Editor in 1.25 ms, found 4 plugins.
Preloading 0 native plugins for Editor in 0.00 ms.
Mono: successfully reloaded assembly
- Completed reload, in  4.291 seconds
Domain Reload Profiling:
	ReloadAssembly (4306ms)
		BeginReloadAssembly (1161ms)
			ExecutionOrderSort (0ms)
			DisableScriptedObjects (133ms)
			BackupInstance (0ms)
			ReleaseScriptingObjects (0ms)
			CreateAndSetChildDomain (522ms)
		EndReloadAssembly (2774ms)
			LoadAssemblies (520ms)
			RebuildTransferFunctionScriptingTraits (0ms)
			SetupTypeCache (1015ms)
			ReleaseScriptCaches (4ms)
			RebuildScriptCaches (85ms)
			SetupLoadedEditorAssemblies (1208ms)
				LogAssemblyErrors (0ms)
				InitializePlatformSupportModulesInManaged (23ms)
				SetLoadedEditorAssemblies (1ms)
				RefreshPlugins (1ms)
				BeforeProcessingInitializeOnLoad (252ms)
				ProcessInitializeOnLoadAttributes (796ms)
				ProcessInitializeOnLoadMethodAttributes (108ms)
				AfterProcessingInitializeOnLoad (25ms)
				EditorAssembliesLoaded (1ms)
			ExecutionOrderSort2 (0ms)
			AwakeInstancesAfterBackupRestoration (21ms)
Platform modules already initialized, skipping
Refreshing native plugins compatible for Editor in 6.03 ms, found 4 plugins.
Preloading 0 native plugins for Editor in 0.00 ms.
Unloading 4224 Unused Serialized files (Serialized files now loaded: 0)
Unloading 46 unused Assets / (0.9 MB). Loaded Objects now: 5893.
Memory consumption went from 166.0 MB to 165.1 MB.
Total: 8.897900 ms (FindLiveObjects: 0.951000 ms CreateObjectMapping: 0.530800 ms MarkObjects: 6.693600 ms  DeleteObjects: 0.721000 ms)

AssetImportParameters requested are different than current active one (requested -> active):
  custom:video-decoder-ogg-theora: a1e56fd34408186e4bbccfd4996cb3dc -> 
  custom:container-muxer-webm: aa71ff27fc2769a1b78a27578f13a17b -> 
  custom:container-demuxer-webm: 4f35f7cbe854078d1ac9338744f61a02 -> 
  custom:video-encoder-webm-vp8: eb34c28f22e8b96e1ab97ce403110664 -> 
  custom:audio-encoder-webm-vorbis: bf7c407c2cedff20999df2af8eb42d56 -> 
  custom:framework-win-MediaFoundation: 216162199b28c13a410421893ffa2e32 -> 
  custom:SearchIndexIgnoredProperties: e643bd26f0fe6173181afceb89e7c659 -> 
  custom:container-demuxer-ogg: 62fdf1f143b41e24485cea50d1cbac27 -> 
  custom:video-decoder-webm-vp8: 9c59270c3fd7afecdb556c50c9e8de78 -> 
  custom:audio-decoder-ogg-vorbis: bf7c407c2cedff20999df2af8eb42d56 -> 
========================================================================
Received Import Request.
  Time since last request: 2029.031133 seconds.
  path: Assets/Prefab/Bomberfly.prefab
  artifactKey: Guid(cd0e7c2a660b6cf44bdfd2699ee67bc1) Importer(815301076,1909f56bfc062723c751e8b465ee728b)
Start importing Assets/Prefab/Bomberfly.prefab using Guid(cd0e7c2a660b6cf44bdfd2699ee67bc1) Importer(815301076,1909f56bfc062723c751e8b465ee728b)  -> (artifact id: 'f7e4f2d0f9d65b1fc3e40a8f5fe18416') in 0.204810 seconds 
========================================================================
Received Import Request.
  Time since last request: 5.033320 seconds.
  path: Assets/Prefab/MineMove.prefab
  artifactKey: Guid(8ccb471006ef3cc4cbca317227f9eb98) Importer(815301076,1909f56bfc062723c751e8b465ee728b)
Start importing Assets/Prefab/MineMove.prefab using Guid(8ccb471006ef3cc4cbca317227f9eb98) Importer(815301076,1909f56bfc062723c751e8b465ee728b)  -> (artifact id: 'eb8940d901048ea02695d7d4a27b79da') in 0.091675 seconds 
========================================================================
Received Import Request.
  Time since last request: 3.177418 seconds.
  path: Assets/Prefab/Patrol.prefab
  artifactKey: Guid(33d54776866e0d9498e67f9f9016a52d) Importer(815301076,1909f56bfc062723c751e8b465ee728b)
Start importing Assets/Prefab/Patrol.prefab using Guid(33d54776866e0d9498e67f9f9016a52d) Importer(815301076,1909f56bfc062723c751e8b465ee728b)  -> (artifact id: '1d8fcdf9ee77bf5b36bd03d7e7e4b6f8') in 0.070608 seconds 
========================================================================
Received Import Request.
  Time since last request: 3.206744 seconds.
  path: Assets/Prefab/Pikeman.prefab
  artifactKey: Guid(1d4cbf6d648711240ace8ee195df550e) Importer(815301076,1909f56bfc062723c751e8b465ee728b)
Start importing Assets/Prefab/Pikeman.prefab using Guid(1d4cbf6d648711240ace8ee195df550e) Importer(815301076,1909f56bfc062723c751e8b465ee728b)  -> (artifact id: 'b7af198cc079c1ef3958c15f30d205f5') in 0.076125 seconds 
========================================================================
Received Prepare
Registering precompiled user dll's ...
Registered in 0.011859 seconds.
Begin MonoManager ReloadAssembly
Symbol file LoadedFromMemory doesn't match image C:\Users\Hadi\RunGun\Library\PackageCache\com.unity.visualscripting@1.7.8\Editor\VisualScripting.Core\Dependencies\YamlDotNet\Unity.VisualScripting.YamlDotNet.dll
Symbol file LoadedFromMemory doesn't match image C:\Users\Hadi\RunGun\Library\PackageCache\com.unity.visualscripting@1.7.8\Editor\VisualScripting.Core\Dependencies\DotNetZip\Unity.VisualScripting.IonicZip.dll
Native extension for UWP target not found
Native extension for WindowsStandalone target not found
Native extension for WebGL target not found
Refreshing native plugins compatible for Editor in 1.63 ms, found 4 plugins.
Preloading 0 native plugins for Editor in 0.00 ms.
Mono: successfully reloaded assembly
- Completed reload, in  3.020 seconds
Domain Reload Profiling:
	ReloadAssembly (3021ms)
		BeginReloadAssembly (202ms)
			ExecutionOrderSort (0ms)
			DisableScriptedObjects (8ms)
			BackupInstance (0ms)
			ReleaseScriptingObjects (0ms)
			CreateAndSetChildDomain (49ms)
		EndReloadAssembly (2644ms)
			LoadAssemblies (153ms)
			RebuildTransferFunctionScriptingTraits (0ms)
			SetupTypeCache (719ms)
			ReleaseScriptCaches (3ms)
			RebuildScriptCaches (159ms)
			SetupLoadedEditorAssemblies (1436ms)
				LogAssemblyErrors (0ms)
				InitializePlatformSupportModulesInManaged (67ms)
				SetLoadedEditorAssemblies (1ms)
				RefreshPlugins (2ms)
				BeforeProcessingInitializeOnLoad (339ms)
				ProcessInitializeOnLoadAttributes (891ms)
				ProcessInitializeOnLoadMethodAttributes (97ms)
				AfterProcessingInitializeOnLoad (38ms)
				EditorAssembliesLoaded (0ms)
			ExecutionOrderSort2 (0ms)
			AwakeInstancesAfterBackupRestoration (38ms)
Platform modules already initialized, skipping
Refreshing native plugins compatible for Editor in 6.06 ms, found 4 plugins.
Preloading 0 native plugins for Editor in 0.00 ms.
Unloading 4224 Unused Serialized files (Serialized files now loaded: 0)
Unloading 46 unused Assets / (0.9 MB). Loaded Objects now: 5908.
Memory consumption went from 166.1 MB to 165.1 MB.
Total: 13.272700 ms (FindLiveObjects: 1.695000 ms CreateObjectMapping: 0.726800 ms MarkObjects: 10.021800 ms  DeleteObjects: 0.825700 ms)

AssetImportParameters requested are different than current active one (requested -> active):
  custom:video-decoder-ogg-theora: a1e56fd34408186e4bbccfd4996cb3dc -> 
  custom:container-muxer-webm: aa71ff27fc2769a1b78a27578f13a17b -> 
  custom:container-demuxer-webm: 4f35f7cbe854078d1ac9338744f61a02 -> 
  custom:video-encoder-webm-vp8: eb34c28f22e8b96e1ab97ce403110664 -> 
  custom:audio-encoder-webm-vorbis: bf7c407c2cedff20999df2af8eb42d56 -> 
  custom:framework-win-MediaFoundation: 216162199b28c13a410421893ffa2e32 -> 
  custom:SearchIndexIgnoredProperties: e643bd26f0fe6173181afceb89e7c659 -> 
  custom:container-demuxer-ogg: 62fdf1f143b41e24485cea50d1cbac27 -> 
  custom:video-decoder-webm-vp8: 9c59270c3fd7afecdb556c50c9e8de78 -> 
  custom:audio-decoder-ogg-vorbis: bf7c407c2cedff20999df2af8eb42d56 -> 
========================================================================
Received Prepare
Registering precompiled user dll's ...
Registered in 0.009512 seconds.
Begin MonoManager ReloadAssembly
Symbol file LoadedFromMemory doesn't match image C:\Users\Hadi\RunGun\Library\PackageCache\com.unity.visualscripting@1.7.8\Editor\VisualScripting.Core\Dependencies\YamlDotNet\Unity.VisualScripting.YamlDotNet.dll
Symbol file LoadedFromMemory doesn't match image C:\Users\Hadi\RunGun\Library\PackageCache\com.unity.visualscripting@1.7.8\Editor\VisualScripting.Core\Dependencies\DotNetZip\Unity.VisualScripting.IonicZip.dll
Native extension for UWP target not found
Native extension for WindowsStandalone target not found
Native extension for WebGL target not found
Refreshing native plugins compatible for Editor in 1.38 ms, found 4 plugins.
Preloading 0 native plugins for Editor in 0.00 ms.
Mono: successfully reloaded assembly
- Completed reload, in  3.528 seconds
Domain Reload Profiling:
	ReloadAssembly (3529ms)
		BeginReloadAssembly (187ms)
			ExecutionOrderSort (0ms)
			DisableScriptedObjects (9ms)
			BackupInstance (0ms)
			ReleaseScriptingObjects (0ms)
			CreateAndSetChildDomain (51ms)
		EndReloadAssembly (3175ms)
			LoadAssemblies (145ms)
			RebuildTransferFunctionScriptingTraits (0ms)
			SetupTypeCache (1007ms)
			ReleaseScriptCaches (2ms)
			RebuildScriptCaches (306ms)
			SetupLoadedEditorAssemblies (1416ms)
				LogAssemblyErrors (0ms)
				InitializePlatformSupportModulesInManaged (83ms)
				SetLoadedEditorAssemblies (1ms)
				RefreshPlugins (1ms)
				BeforeProcessingInitializeOnLoad (313ms)
				ProcessInitializeOnLoadAttributes (822ms)
				ProcessInitializeOnLoadMethodAttributes (144ms)
				AfterProcessingInitializeOnLoad (51ms)
				EditorAssembliesLoaded (0ms)
			ExecutionOrderSort2 (0ms)
			AwakeInstancesAfterBackupRestoration (69ms)
Platform modules already initialized, skipping
Refreshing native plugins compatible for Editor in 11.45 ms, found 4 plugins.
Preloading 0 native plugins for Editor in 0.00 ms.
Unloading 4224 Unused Serialized files (Serialized files now loaded: 0)
Unloading 46 unused Assets / (0.9 MB). Loaded Objects now: 5923.
Memory consumption went from 166.1 MB to 165.1 MB.
Total: 7.304800 ms (FindLiveObjects: 0.805800 ms CreateObjectMapping: 0.569800 ms MarkObjects: 4.718700 ms  DeleteObjects: 1.208900 ms)

AssetImportParameters requested are different than current active one (requested -> active):
  custom:video-decoder-ogg-theora: a1e56fd34408186e4bbccfd4996cb3dc -> 
  custom:container-muxer-webm: aa71ff27fc2769a1b78a27578f13a17b -> 
  custom:container-demuxer-webm: 4f35f7cbe854078d1ac9338744f61a02 -> 
  custom:video-encoder-webm-vp8: eb34c28f22e8b96e1ab97ce403110664 -> 
  custom:audio-encoder-webm-vorbis: bf7c407c2cedff20999df2af8eb42d56 -> 
  custom:framework-win-MediaFoundation: 216162199b28c13a410421893ffa2e32 -> 
  custom:SearchIndexIgnoredProperties: e643bd26f0fe6173181afceb89e7c659 -> 
  custom:container-demuxer-ogg: 62fdf1f143b41e24485cea50d1cbac27 -> 
  custom:video-decoder-webm-vp8: 9c59270c3fd7afecdb556c50c9e8de78 -> 
  custom:audio-decoder-ogg-vorbis: bf7c407c2cedff20999df2af8eb42d56 -> 
========================================================================
Received Prepare
Registering precompiled user dll's ...
Registered in 0.009712 seconds.
Begin MonoManager ReloadAssembly
Symbol file LoadedFromMemory doesn't match image C:\Users\Hadi\RunGun\Library\PackageCache\com.unity.visualscripting@1.7.8\Editor\VisualScripting.Core\Dependencies\YamlDotNet\Unity.VisualScripting.YamlDotNet.dll
Symbol file LoadedFromMemory doesn't match image C:\Users\Hadi\RunGun\Library\PackageCache\com.unity.visualscripting@1.7.8\Editor\VisualScripting.Core\Dependencies\DotNetZip\Unity.VisualScripting.IonicZip.dll
Native extension for UWP target not found
Native extension for WindowsStandalone target not found
Native extension for WebGL target not found
Refreshing native plugins compatible for Editor in 1.21 ms, found 4 plugins.
Preloading 0 native plugins for Editor in 0.00 ms.
Mono: successfully reloaded assembly
- Completed reload, in  2.556 seconds
Domain Reload Profiling:
	ReloadAssembly (2557ms)
		BeginReloadAssembly (257ms)
			ExecutionOrderSort (0ms)
			DisableScriptedObjects (14ms)
			BackupInstance (0ms)
			ReleaseScriptingObjects (0ms)
			CreateAndSetChildDomain (64ms)
		EndReloadAssembly (2084ms)
			LoadAssemblies (227ms)
			RebuildTransferFunctionScriptingTraits (0ms)
			SetupTypeCache (547ms)
			ReleaseScriptCaches (3ms)
			RebuildScriptCaches (104ms)
			SetupLoadedEditorAssemblies (1083ms)
				LogAssemblyErrors (0ms)
				InitializePlatformSupportModulesInManaged (37ms)
				SetLoadedEditorAssemblies (1ms)
				RefreshPlugins (1ms)
				BeforeProcessingInitializeOnLoad (150ms)
				ProcessInitializeOnLoadAttributes (745ms)
				ProcessInitializeOnLoadMethodAttributes (120ms)
				AfterProcessingInitializeOnLoad (29ms)
				EditorAssembliesLoaded (0ms)
			ExecutionOrderSort2 (0ms)
			AwakeInstancesAfterBackupRestoration (28ms)
Platform modules already initialized, skipping
Refreshing native plugins compatible for Editor in 4.42 ms, found 4 plugins.
Preloading 0 native plugins for Editor in 0.00 ms.
Unloading 4224 Unused Serialized files (Serialized files now loaded: 0)
Unloading 46 unused Assets / (0.9 MB). Loaded Objects now: 5938.
Memory consumption went from 166.1 MB to 165.2 MB.
Total: 6.497200 ms (FindLiveObjects: 0.856900 ms CreateObjectMapping: 0.529600 ms MarkObjects: 4.566300 ms  DeleteObjects: 0.543200 ms)

AssetImportParameters requested are different than current active one (requested -> active):
  custom:video-decoder-ogg-theora: a1e56fd34408186e4bbccfd4996cb3dc -> 
  custom:container-muxer-webm: aa71ff27fc2769a1b78a27578f13a17b -> 
  custom:container-demuxer-webm: 4f35f7cbe854078d1ac9338744f61a02 -> 
  custom:video-encoder-webm-vp8: eb34c28f22e8b96e1ab97ce403110664 -> 
  custom:audio-encoder-webm-vorbis: bf7c407c2cedff20999df2af8eb42d56 -> 
  custom:framework-win-MediaFoundation: 216162199b28c13a410421893ffa2e32 -> 
  custom:SearchIndexIgnoredProperties: e643bd26f0fe6173181afceb89e7c659 -> 
  custom:container-demuxer-ogg: 62fdf1f143b41e24485cea50d1cbac27 -> 
  custom:video-decoder-webm-vp8: 9c59270c3fd7afecdb556c50c9e8de78 -> 
  custom:audio-decoder-ogg-vorbis: bf7c407c2cedff20999df2af8eb42d56 -> 
========================================================================
Received Import Request.
  Time since last request: 296.707970 seconds.
  path: Assets/Prefab/Enemy Bullet.prefab
  artifactKey: Guid(56735f80525c6fe46a2dd08b8f222055) Importer(815301076,1909f56bfc062723c751e8b465ee728b)
Start importing Assets/Prefab/Enemy Bullet.prefab using Guid(56735f80525c6fe46a2dd08b8f222055) Importer(815301076,1909f56bfc062723c751e8b465ee728b)  -> (artifact id: '180495a6f04e1e49c704e9d3f982eaec') in 0.178895 seconds 
========================================================================
Received Import Request.
  Time since last request: 0.000030 seconds.
  path: Assets/Prefab/Patrol.prefab
  artifactKey: Guid(33d54776866e0d9498e67f9f9016a52d) Importer(815301076,1909f56bfc062723c751e8b465ee728b)
Start importing Assets/Prefab/Patrol.prefab using Guid(33d54776866e0d9498e67f9f9016a52d) Importer(815301076,1909f56bfc062723c751e8b465ee728b)  -> (artifact id: 'ea4473ed005d2648b8ed949a2d91c4c9') in 0.053057 seconds 
========================================================================
Received Prepare
Registering precompiled user dll's ...
Registered in 0.020786 seconds.
Begin MonoManager ReloadAssembly
Symbol file LoadedFromMemory doesn't match image C:\Users\Hadi\RunGun\Library\PackageCache\com.unity.visualscripting@1.7.8\Editor\VisualScripting.Core\Dependencies\YamlDotNet\Unity.VisualScripting.YamlDotNet.dll
Symbol file LoadedFromMemory doesn't match image C:\Users\Hadi\RunGun\Library\PackageCache\com.unity.visualscripting@1.7.8\Editor\VisualScripting.Core\Dependencies\DotNetZip\Unity.VisualScripting.IonicZip.dll
Native extension for UWP target not found
Native extension for WindowsStandalone target not found
Native extension for WebGL target not found
Refreshing native plugins compatible for Editor in 3.23 ms, found 4 plugins.
Preloading 0 native plugins for Editor in 0.00 ms.
Mono: successfully reloaded assembly
- Completed reload, in  2.983 seconds
Domain Reload Profiling:
	ReloadAssembly (2984ms)
		BeginReloadAssembly (181ms)
			ExecutionOrderSort (0ms)
			DisableScriptedObjects (7ms)
			BackupInstance (0ms)
			ReleaseScriptingObjects (0ms)
			CreateAndSetChildDomain (47ms)
		EndReloadAssembly (2638ms)
			LoadAssemblies (138ms)
			RebuildTransferFunctionScriptingTraits (0ms)
			SetupTypeCache (666ms)
			ReleaseScriptCaches (4ms)
			RebuildScriptCaches (147ms)
			SetupLoadedEditorAssemblies (1478ms)
				LogAssemblyErrors (0ms)
				InitializePlatformSupportModulesInManaged (46ms)
				SetLoadedEditorAssemblies (6ms)
				RefreshPlugins (3ms)
				BeforeProcessingInitializeOnLoad (310ms)
				ProcessInitializeOnLoadAttributes (838ms)
				ProcessInitializeOnLoadMethodAttributes (249ms)
				AfterProcessingInitializeOnLoad (25ms)
				EditorAssembliesLoaded (1ms)
			ExecutionOrderSort2 (0ms)
			AwakeInstancesAfterBackupRestoration (27ms)
Platform modules already initialized, skipping
Refreshing native plugins compatible for Editor in 18.14 ms, found 4 plugins.
Preloading 0 native plugins for Editor in 0.00 ms.
Unloading 4224 Unused Serialized files (Serialized files now loaded: 0)
Unloading 46 unused Assets / (0.9 MB). Loaded Objects now: 5953.
Memory consumption went from 166.1 MB to 165.2 MB.
Total: 28.992600 ms (FindLiveObjects: 1.319800 ms CreateObjectMapping: 1.104200 ms MarkObjects: 25.492800 ms  DeleteObjects: 1.074100 ms)

AssetImportParameters requested are different than current active one (requested -> active):
  custom:video-decoder-ogg-theora: a1e56fd34408186e4bbccfd4996cb3dc -> 
  custom:container-muxer-webm: aa71ff27fc2769a1b78a27578f13a17b -> 
  custom:container-demuxer-webm: 4f35f7cbe854078d1ac9338744f61a02 -> 
  custom:video-encoder-webm-vp8: eb34c28f22e8b96e1ab97ce403110664 -> 
  custom:audio-encoder-webm-vorbis: bf7c407c2cedff20999df2af8eb42d56 -> 
  custom:framework-win-MediaFoundation: 216162199b28c13a410421893ffa2e32 -> 
  custom:SearchIndexIgnoredProperties: e643bd26f0fe6173181afceb89e7c659 -> 
  custom:container-demuxer-ogg: 62fdf1f143b41e24485cea50d1cbac27 -> 
  custom:video-decoder-webm-vp8: 9c59270c3fd7afecdb556c50c9e8de78 -> 
  custom:audio-decoder-ogg-vorbis: bf7c407c2cedff20999df2af8eb42d56 -> 
========================================================================
Received Prepare
Registering precompiled user dll's ...
Registered in 0.009508 seconds.
Begin MonoManager ReloadAssembly
Symbol file LoadedFromMemory doesn't match image C:\Users\Hadi\RunGun\Library\PackageCache\com.unity.visualscripting@1.7.8\Editor\VisualScripting.Core\Dependencies\YamlDotNet\Unity.VisualScripting.YamlDotNet.dll
Symbol file LoadedFromMemory doesn't match image C:\Users\Hadi\RunGun\Library\PackageCache\com.unity.visualscripting@1.7.8\Editor\VisualScripting.Core\Dependencies\DotNetZip\Unity.VisualScripting.IonicZip.dll
Native extension for UWP target not found
Native extension for WindowsStandalone target not found
Native extension for WebGL target not found
Refreshing native plugins compatible for Editor in 0.96 ms, found 4 plugins.
Preloading 0 native plugins for Editor in 0.00 ms.
Mono: successfully reloaded assembly
- Completed reload, in  2.765 seconds
Domain Reload Profiling:
	ReloadAssembly (2773ms)
		BeginReloadAssembly (193ms)
			ExecutionOrderSort (0ms)
			DisableScriptedObjects (10ms)
			BackupInstance (0ms)
			ReleaseScriptingObjects (0ms)
			CreateAndSetChildDomain (50ms)
		EndReloadAssembly (2426ms)
			LoadAssemblies (132ms)
			RebuildTransferFunctionScriptingTraits (0ms)
			SetupTypeCache (593ms)
			ReleaseScriptCaches (2ms)
			RebuildScriptCaches (142ms)
			SetupLoadedEditorAssemblies (1310ms)
				LogAssemblyErrors (0ms)
				InitializePlatformSupportModulesInManaged (35ms)
				SetLoadedEditorAssemblies (1ms)
				RefreshPlugins (1ms)
				BeforeProcessingInitializeOnLoad (190ms)
				ProcessInitializeOnLoadAttributes (952ms)
				ProcessInitializeOnLoadMethodAttributes (113ms)
				AfterProcessingInitializeOnLoad (15ms)
				EditorAssembliesLoaded (1ms)
			ExecutionOrderSort2 (0ms)
			AwakeInstancesAfterBackupRestoration (30ms)
Platform modules already initialized, skipping
Refreshing native plugins compatible for Editor in 5.80 ms, found 4 plugins.
Preloading 0 native plugins for Editor in 0.00 ms.
Unloading 4224 Unused Serialized files (Serialized files now loaded: 0)
Unloading 46 unused Assets / (0.9 MB). Loaded Objects now: 5968.
Memory consumption went from 166.1 MB to 165.2 MB.
Total: 23.160200 ms (FindLiveObjects: 0.940000 ms CreateObjectMapping: 0.391400 ms MarkObjects: 17.646900 ms  DeleteObjects: 4.178900 ms)

AssetImportParameters requested are different than current active one (requested -> active):
  custom:video-decoder-ogg-theora: a1e56fd34408186e4bbccfd4996cb3dc -> 
  custom:container-muxer-webm: aa71ff27fc2769a1b78a27578f13a17b -> 
  custom:container-demuxer-webm: 4f35f7cbe854078d1ac9338744f61a02 -> 
  custom:video-encoder-webm-vp8: eb34c28f22e8b96e1ab97ce403110664 -> 
  custom:audio-encoder-webm-vorbis: bf7c407c2cedff20999df2af8eb42d56 -> 
  custom:framework-win-MediaFoundation: 216162199b28c13a410421893ffa2e32 -> 
  custom:SearchIndexIgnoredProperties: e643bd26f0fe6173181afceb89e7c659 -> 
  custom:container-demuxer-ogg: 62fdf1f143b41e24485cea50d1cbac27 -> 
  custom:video-decoder-webm-vp8: 9c59270c3fd7afecdb556c50c9e8de78 -> 
  custom:audio-decoder-ogg-vorbis: bf7c407c2cedff20999df2af8eb42d56 -> 
========================================================================
Received Import Request.
  Time since last request: 531.553440 seconds.
  path: Assets/Prefab/Pikeman.prefab
  artifactKey: Guid(1d4cbf6d648711240ace8ee195df550e) Importer(815301076,1909f56bfc062723c751e8b465ee728b)
Start importing Assets/Prefab/Pikeman.prefab using Guid(1d4cbf6d648711240ace8ee195df550e) Importer(815301076,1909f56bfc062723c751e8b465ee728b)  -> (artifact id: '556a15234708fb48d0c94e1c6c822de9') in 0.150495 seconds 
========================================================================
Received Import Request.
  Time since last request: 15.408611 seconds.
  path: Assets/Prefab/Patrol.prefab
  artifactKey: Guid(33d54776866e0d9498e67f9f9016a52d) Importer(815301076,1909f56bfc062723c751e8b465ee728b)
Start importing Assets/Prefab/Patrol.prefab using Guid(33d54776866e0d9498e67f9f9016a52d) Importer(815301076,1909f56bfc062723c751e8b465ee728b)  -> (artifact id: '79d11b0725096c4ac07bcc921b7f2776') in 0.036909 seconds 
========================================================================
Received Prepare
Registering precompiled user dll's ...
Registered in 0.009789 seconds.
Begin MonoManager ReloadAssembly
Symbol file LoadedFromMemory doesn't match image C:\Users\Hadi\RunGun\Library\PackageCache\com.unity.visualscripting@1.7.8\Editor\VisualScripting.Core\Dependencies\YamlDotNet\Unity.VisualScripting.YamlDotNet.dll
Symbol file LoadedFromMemory doesn't match image C:\Users\Hadi\RunGun\Library\PackageCache\com.unity.visualscripting@1.7.8\Editor\VisualScripting.Core\Dependencies\DotNetZip\Unity.VisualScripting.IonicZip.dll
Native extension for UWP target not found
Native extension for WindowsStandalone target not found
Native extension for WebGL target not found
Refreshing native plugins compatible for Editor in 0.94 ms, found 4 plugins.
Preloading 0 native plugins for Editor in 0.00 ms.
Mono: successfully reloaded assembly
- Completed reload, in  2.033 seconds
Domain Reload Profiling:
	ReloadAssembly (2035ms)
		BeginReloadAssembly (190ms)
			ExecutionOrderSort (0ms)
			DisableScriptedObjects (8ms)
			BackupInstance (0ms)
			ReleaseScriptingObjects (0ms)
			CreateAndSetChildDomain (49ms)
		EndReloadAssembly (1675ms)
			LoadAssemblies (167ms)
			RebuildTransferFunctionScriptingTraits (0ms)
			SetupTypeCache (495ms)
			ReleaseScriptCaches (2ms)
			RebuildScriptCaches (89ms)
			SetupLoadedEditorAssemblies (797ms)
				LogAssemblyErrors (0ms)
				InitializePlatformSupportModulesInManaged (25ms)
				SetLoadedEditorAssemblies (1ms)
				RefreshPlugins (1ms)
				BeforeProcessingInitializeOnLoad (195ms)
				ProcessInitializeOnLoadAttributes (485ms)
				ProcessInitializeOnLoadMethodAttributes (77ms)
				AfterProcessingInitializeOnLoad (13ms)
				EditorAssembliesLoaded (0ms)
			ExecutionOrderSort2 (0ms)
			AwakeInstancesAfterBackupRestoration (17ms)
Platform modules already initialized, skipping
Refreshing native plugins compatible for Editor in 5.71 ms, found 4 plugins.
Preloading 0 native plugins for Editor in 0.00 ms.
Unloading 4224 Unused Serialized files (Serialized files now loaded: 0)
Unloading 46 unused Assets / (0.9 MB). Loaded Objects now: 5983.
Memory consumption went from 166.2 MB to 165.2 MB.
Total: 9.521200 ms (FindLiveObjects: 0.858600 ms CreateObjectMapping: 0.707800 ms MarkObjects: 7.169200 ms  DeleteObjects: 0.784000 ms)

AssetImportParameters requested are different than current active one (requested -> active):
  custom:video-decoder-ogg-theora: a1e56fd34408186e4bbccfd4996cb3dc -> 
  custom:container-muxer-webm: aa71ff27fc2769a1b78a27578f13a17b -> 
  custom:container-demuxer-webm: 4f35f7cbe854078d1ac9338744f61a02 -> 
  custom:video-encoder-webm-vp8: eb34c28f22e8b96e1ab97ce403110664 -> 
  custom:audio-encoder-webm-vorbis: bf7c407c2cedff20999df2af8eb42d56 -> 
  custom:framework-win-MediaFoundation: 216162199b28c13a410421893ffa2e32 -> 
  custom:SearchIndexIgnoredProperties: e643bd26f0fe6173181afceb89e7c659 -> 
  custom:container-demuxer-ogg: 62fdf1f143b41e24485cea50d1cbac27 -> 
  custom:video-decoder-webm-vp8: 9c59270c3fd7afecdb556c50c9e8de78 -> 
  custom:audio-decoder-ogg-vorbis: bf7c407c2cedff20999df2af8eb42d56 -> 
========================================================================
Received Import Request.
  Time since last request: 28.725952 seconds.
  path: Assets/Prefab/Bomberfly.prefab
  artifactKey: Guid(cd0e7c2a660b6cf44bdfd2699ee67bc1) Importer(815301076,1909f56bfc062723c751e8b465ee728b)
Start importing Assets/Prefab/Bomberfly.prefab using Guid(cd0e7c2a660b6cf44bdfd2699ee67bc1) Importer(815301076,1909f56bfc062723c751e8b465ee728b)  -> (artifact id: 'b9d072f46273aa82943441b1270ebb03') in 0.143953 seconds 
========================================================================
Received Import Request.
  Time since last request: 15.971230 seconds.
  path: Assets/Prefab/Bomberfly.prefab
  artifactKey: Guid(cd0e7c2a660b6cf44bdfd2699ee67bc1) Importer(815301076,1909f56bfc062723c751e8b465ee728b)
Start importing Assets/Prefab/Bomberfly.prefab using Guid(cd0e7c2a660b6cf44bdfd2699ee67bc1) Importer(815301076,1909f56bfc062723c751e8b465ee728b)  -> (artifact id: '4cbcc29337f6bdc135256ea8c4d87eab') in 0.026305 seconds 
========================================================================
Received Import Request.
  Time since last request: 4.387229 seconds.
  path: Assets/Prefab/Bomberfly.prefab
  artifactKey: Guid(cd0e7c2a660b6cf44bdfd2699ee67bc1) Importer(815301076,1909f56bfc062723c751e8b465ee728b)
Start importing Assets/Prefab/Bomberfly.prefab using Guid(cd0e7c2a660b6cf44bdfd2699ee67bc1) Importer(815301076,1909f56bfc062723c751e8b465ee728b)  -> (artifact id: '6c6dd5a5a6b1cbb81ca048a53e01cca3') in 0.028087 seconds 
========================================================================
Received Import Request.
  Time since last request: 2.037081 seconds.
  path: Assets/Prefab/Bomberfly.prefab
  artifactKey: Guid(cd0e7c2a660b6cf44bdfd2699ee67bc1) Importer(815301076,1909f56bfc062723c751e8b465ee728b)
Start importing Assets/Prefab/Bomberfly.prefab using Guid(cd0e7c2a660b6cf44bdfd2699ee67bc1) Importer(815301076,1909f56bfc062723c751e8b465ee728b)  -> (artifact id: 'bb89299ee92958ce2ec1f4006491d48b') in 0.046092 seconds 
========================================================================
Received Prepare
Registering precompiled user dll's ...
Registered in 0.015851 seconds.
Begin MonoManager ReloadAssembly
Symbol file LoadedFromMemory doesn't match image C:\Users\Hadi\RunGun\Library\PackageCache\com.unity.visualscripting@1.7.8\Editor\VisualScripting.Core\Dependencies\YamlDotNet\Unity.VisualScripting.YamlDotNet.dll
Symbol file LoadedFromMemory doesn't match image C:\Users\Hadi\RunGun\Library\PackageCache\com.unity.visualscripting@1.7.8\Editor\VisualScripting.Core\Dependencies\DotNetZip\Unity.VisualScripting.IonicZip.dll
Native extension for UWP target not found
Native extension for WindowsStandalone target not found
Native extension for WebGL target not found
Refreshing native plugins compatible for Editor in 2.10 ms, found 4 plugins.
Preloading 0 native plugins for Editor in 0.00 ms.
Mono: successfully reloaded assembly
- Completed reload, in  3.588 seconds
Domain Reload Profiling:
	ReloadAssembly (3589ms)
		BeginReloadAssembly (516ms)
			ExecutionOrderSort (0ms)
			DisableScriptedObjects (12ms)
			BackupInstance (0ms)
			ReleaseScriptingObjects (0ms)
			CreateAndSetChildDomain (85ms)
		EndReloadAssembly (2552ms)
			LoadAssemblies (464ms)
			RebuildTransferFunctionScriptingTraits (0ms)
			SetupTypeCache (766ms)
			ReleaseScriptCaches (3ms)
			RebuildScriptCaches (193ms)
			SetupLoadedEditorAssemblies (1197ms)
				LogAssemblyErrors (0ms)
				InitializePlatformSupportModulesInManaged (45ms)
				SetLoadedEditorAssemblies (1ms)
				RefreshPlugins (2ms)
				BeforeProcessingInitializeOnLoad (212ms)
				ProcessInitializeOnLoadAttributes (804ms)
				ProcessInitializeOnLoadMethodAttributes (115ms)
				AfterProcessingInitializeOnLoad (18ms)
				EditorAssembliesLoaded (0ms)
			ExecutionOrderSort2 (0ms)
			AwakeInstancesAfterBackupRestoration (31ms)
Platform modules already initialized, skipping
Refreshing native plugins compatible for Editor in 11.03 ms, found 4 plugins.
Preloading 0 native plugins for Editor in 0.00 ms.
Unloading 4224 Unused Serialized files (Serialized files now loaded: 0)
Unloading 46 unused Assets / (0.9 MB). Loaded Objects now: 5998.
Memory consumption went from 166.2 MB to 165.2 MB.
Total: 7.026100 ms (FindLiveObjects: 0.802800 ms CreateObjectMapping: 0.459500 ms MarkObjects: 5.167000 ms  DeleteObjects: 0.595200 ms)

AssetImportParameters requested are different than current active one (requested -> active):
  custom:video-decoder-ogg-theora: a1e56fd34408186e4bbccfd4996cb3dc -> 
  custom:container-muxer-webm: aa71ff27fc2769a1b78a27578f13a17b -> 
  custom:container-demuxer-webm: 4f35f7cbe854078d1ac9338744f61a02 -> 
  custom:video-encoder-webm-vp8: eb34c28f22e8b96e1ab97ce403110664 -> 
  custom:audio-encoder-webm-vorbis: bf7c407c2cedff20999df2af8eb42d56 -> 
  custom:framework-win-MediaFoundation: 216162199b28c13a410421893ffa2e32 -> 
  custom:SearchIndexIgnoredProperties: e643bd26f0fe6173181afceb89e7c659 -> 
  custom:container-demuxer-ogg: 62fdf1f143b41e24485cea50d1cbac27 -> 
  custom:video-decoder-webm-vp8: 9c59270c3fd7afecdb556c50c9e8de78 -> 
  custom:audio-decoder-ogg-vorbis: bf7c407c2cedff20999df2af8eb42d56 -> 
========================================================================
Received Import Request.
  Time since last request: 88.037084 seconds.
  path: Assets/Prefab/Bomberfly.prefab
  artifactKey: Guid(cd0e7c2a660b6cf44bdfd2699ee67bc1) Importer(815301076,1909f56bfc062723c751e8b465ee728b)
Start importing Assets/Prefab/Bomberfly.prefab using Guid(cd0e7c2a660b6cf44bdfd2699ee67bc1) Importer(815301076,1909f56bfc062723c751e8b465ee728b)  -> (artifact id: '145ec812e198e61d266775d79e28b467') in 0.138908 seconds 
========================================================================
Received Import Request.
  Time since last request: 18.466419 seconds.
  path: Assets/Prefab/Bomberfly.prefab
  artifactKey: Guid(cd0e7c2a660b6cf44bdfd2699ee67bc1) Importer(815301076,1909f56bfc062723c751e8b465ee728b)
Start importing Assets/Prefab/Bomberfly.prefab using Guid(cd0e7c2a660b6cf44bdfd2699ee67bc1) Importer(815301076,1909f56bfc062723c751e8b465ee728b)  -> (artifact id: 'b9c34dbc509fc3b0c9d6b36efb5963fa') in 0.036498 seconds 
========================================================================
Received Import Request.
  Time since last request: 17.909292 seconds.
  path: Assets/Prefab/Pikeman.prefab
  artifactKey: Guid(1d4cbf6d648711240ace8ee195df550e) Importer(815301076,1909f56bfc062723c751e8b465ee728b)
Start importing Assets/Prefab/Pikeman.prefab using Guid(1d4cbf6d648711240ace8ee195df550e) Importer(815301076,1909f56bfc062723c751e8b465ee728b)  -> (artifact id: 'b5e09886275bb5230334457a5c18dff9') in 0.048938 seconds 
========================================================================
Received Import Request.
  Time since last request: 8.447694 seconds.
  path: Assets/Prefab/Pikeman.prefab
  artifactKey: Guid(1d4cbf6d648711240ace8ee195df550e) Importer(815301076,1909f56bfc062723c751e8b465ee728b)
Start importing Assets/Prefab/Pikeman.prefab using Guid(1d4cbf6d648711240ace8ee195df550e) Importer(815301076,1909f56bfc062723c751e8b465ee728b)  -> (artifact id: '94f4aebe9244f3766b91476bd3c1c925') in 0.053997 seconds 
========================================================================
Received Import Request.
  Time since last request: 6.308834 seconds.
  path: Assets/Prefab/Patrol.prefab
  artifactKey: Guid(33d54776866e0d9498e67f9f9016a52d) Importer(815301076,1909f56bfc062723c751e8b465ee728b)
Start importing Assets/Prefab/Patrol.prefab using Guid(33d54776866e0d9498e67f9f9016a52d) Importer(815301076,1909f56bfc062723c751e8b465ee728b)  -> (artifact id: 'b1686513d01471bd97cdf6e5ee8a0148') in 0.033787 seconds 
========================================================================
Received Import Request.
  Time since last request: 22.788686 seconds.
  path: Assets/Prefab/MineMove.prefab
  artifactKey: Guid(8ccb471006ef3cc4cbca317227f9eb98) Importer(815301076,1909f56bfc062723c751e8b465ee728b)
Start importing Assets/Prefab/MineMove.prefab using Guid(8ccb471006ef3cc4cbca317227f9eb98) Importer(815301076,1909f56bfc062723c751e8b465ee728b)  -> (artifact id: '12570baf7a9c58265b50189e8ff12a78') in 0.066859 seconds 
========================================================================
Received Prepare
Registering precompiled user dll's ...
Registered in 0.010139 seconds.
Begin MonoManager ReloadAssembly
Symbol file LoadedFromMemory doesn't match image C:\Users\Hadi\RunGun\Library\PackageCache\com.unity.visualscripting@1.7.8\Editor\VisualScripting.Core\Dependencies\YamlDotNet\Unity.VisualScripting.YamlDotNet.dll
Symbol file LoadedFromMemory doesn't match image C:\Users\Hadi\RunGun\Library\PackageCache\com.unity.visualscripting@1.7.8\Editor\VisualScripting.Core\Dependencies\DotNetZip\Unity.VisualScripting.IonicZip.dll
Native extension for UWP target not found
Native extension for WindowsStandalone target not found
Native extension for WebGL target not found
Refreshing native plugins compatible for Editor in 1.38 ms, found 4 plugins.
Preloading 0 native plugins for Editor in 0.00 ms.
Mono: successfully reloaded assembly
- Completed reload, in  3.898 seconds
Domain Reload Profiling:
	ReloadAssembly (3899ms)
		BeginReloadAssembly (270ms)
			ExecutionOrderSort (0ms)
			DisableScriptedObjects (8ms)
			BackupInstance (0ms)
			ReleaseScriptingObjects (0ms)
			CreateAndSetChildDomain (82ms)
		EndReloadAssembly (3305ms)
			LoadAssemblies (383ms)
			RebuildTransferFunctionScriptingTraits (0ms)
			SetupTypeCache (1008ms)
			ReleaseScriptCaches (3ms)
			RebuildScriptCaches (216ms)
			SetupLoadedEditorAssemblies (1410ms)
				LogAssemblyErrors (0ms)
				InitializePlatformSupportModulesInManaged (42ms)
				SetLoadedEditorAssemblies (1ms)
				RefreshPlugins (1ms)
				BeforeProcessingInitializeOnLoad (218ms)
				ProcessInitializeOnLoadAttributes (887ms)
				ProcessInitializeOnLoadMethodAttributes (232ms)
				AfterProcessingInitializeOnLoad (28ms)
				EditorAssembliesLoaded (0ms)
			ExecutionOrderSort2 (0ms)
			AwakeInstancesAfterBackupRestoration (20ms)
Platform modules already initialized, skipping
Refreshing native plugins compatible for Editor in 7.44 ms, found 4 plugins.
Preloading 0 native plugins for Editor in 0.00 ms.
Unloading 4224 Unused Serialized files (Serialized files now loaded: 0)
Unloading 46 unused Assets / (0.9 MB). Loaded Objects now: 6013.
Memory consumption went from 166.2 MB to 165.2 MB.
Total: 12.144500 ms (FindLiveObjects: 2.913000 ms CreateObjectMapping: 2.587100 ms MarkObjects: 6.022800 ms  DeleteObjects: 0.618300 ms)

AssetImportParameters requested are different than current active one (requested -> active):
  custom:video-decoder-ogg-theora: a1e56fd34408186e4bbccfd4996cb3dc -> 
  custom:container-muxer-webm: aa71ff27fc2769a1b78a27578f13a17b -> 
  custom:container-demuxer-webm: 4f35f7cbe854078d1ac9338744f61a02 -> 
  custom:video-encoder-webm-vp8: eb34c28f22e8b96e1ab97ce403110664 -> 
  custom:audio-encoder-webm-vorbis: bf7c407c2cedff20999df2af8eb42d56 -> 
  custom:framework-win-MediaFoundation: 216162199b28c13a410421893ffa2e32 -> 
  custom:SearchIndexIgnoredProperties: e643bd26f0fe6173181afceb89e7c659 -> 
  custom:container-demuxer-ogg: 62fdf1f143b41e24485cea50d1cbac27 -> 
  custom:video-decoder-webm-vp8: 9c59270c3fd7afecdb556c50c9e8de78 -> 
  custom:audio-decoder-ogg-vorbis: bf7c407c2cedff20999df2af8eb42d56 -> 
========================================================================
Received Prepare
Registering precompiled user dll's ...
Registered in 0.009507 seconds.
Begin MonoManager ReloadAssembly
Symbol file LoadedFromMemory doesn't match image C:\Users\Hadi\RunGun\Library\PackageCache\com.unity.visualscripting@1.7.8\Editor\VisualScripting.Core\Dependencies\YamlDotNet\Unity.VisualScripting.YamlDotNet.dll
Symbol file LoadedFromMemory doesn't match image C:\Users\Hadi\RunGun\Library\PackageCache\com.unity.visualscripting@1.7.8\Editor\VisualScripting.Core\Dependencies\DotNetZip\Unity.VisualScripting.IonicZip.dll
Native extension for UWP target not found
Native extension for WindowsStandalone target not found
Native extension for WebGL target not found
Refreshing native plugins compatible for Editor in 1.79 ms, found 4 plugins.
Preloading 0 native plugins for Editor in 0.00 ms.
Mono: successfully reloaded assembly
- Completed reload, in  2.004 seconds
Domain Reload Profiling:
	ReloadAssembly (2005ms)
		BeginReloadAssembly (175ms)
			ExecutionOrderSort (0ms)
			DisableScriptedObjects (9ms)
			BackupInstance (0ms)
			ReleaseScriptingObjects (0ms)
			CreateAndSetChildDomain (49ms)
		EndReloadAssembly (1647ms)
			LoadAssemblies (146ms)
			RebuildTransferFunctionScriptingTraits (0ms)
			SetupTypeCache (482ms)
			ReleaseScriptCaches (2ms)
			RebuildScriptCaches (105ms)
			SetupLoadedEditorAssemblies (798ms)
				LogAssemblyErrors (0ms)
				InitializePlatformSupportModulesInManaged (35ms)
				SetLoadedEditorAssemblies (1ms)
				RefreshPlugins (2ms)
				BeforeProcessingInitializeOnLoad (146ms)
				ProcessInitializeOnLoadAttributes (523ms)
				ProcessInitializeOnLoadMethodAttributes (73ms)
				AfterProcessingInitializeOnLoad (17ms)
				EditorAssembliesLoaded (0ms)
			ExecutionOrderSort2 (0ms)
			AwakeInstancesAfterBackupRestoration (18ms)
Platform modules already initialized, skipping
Refreshing native plugins compatible for Editor in 9.21 ms, found 4 plugins.
Preloading 0 native plugins for Editor in 0.00 ms.
Unloading 4224 Unused Serialized files (Serialized files now loaded: 0)
Unloading 46 unused Assets / (0.9 MB). Loaded Objects now: 6028.
Memory consumption went from 166.2 MB to 165.3 MB.
Total: 5.394100 ms (FindLiveObjects: 0.592000 ms CreateObjectMapping: 0.538800 ms MarkObjects: 3.681400 ms  DeleteObjects: 0.580700 ms)

AssetImportParameters requested are different than current active one (requested -> active):
  custom:video-decoder-ogg-theora: a1e56fd34408186e4bbccfd4996cb3dc -> 
  custom:container-muxer-webm: aa71ff27fc2769a1b78a27578f13a17b -> 
  custom:container-demuxer-webm: 4f35f7cbe854078d1ac9338744f61a02 -> 
  custom:video-encoder-webm-vp8: eb34c28f22e8b96e1ab97ce403110664 -> 
  custom:audio-encoder-webm-vorbis: bf7c407c2cedff20999df2af8eb42d56 -> 
  custom:framework-win-MediaFoundation: 216162199b28c13a410421893ffa2e32 -> 
  custom:SearchIndexIgnoredProperties: e643bd26f0fe6173181afceb89e7c659 -> 
  custom:container-demuxer-ogg: 62fdf1f143b41e24485cea50d1cbac27 -> 
  custom:video-decoder-webm-vp8: 9c59270c3fd7afecdb556c50c9e8de78 -> 
  custom:audio-decoder-ogg-vorbis: bf7c407c2cedff20999df2af8eb42d56 -> 
========================================================================
Received Import Request.
  Time since last request: 124.379396 seconds.
  path: Assets/Prefab/Pikeman.prefab
  artifactKey: Guid(1d4cbf6d648711240ace8ee195df550e) Importer(815301076,1909f56bfc062723c751e8b465ee728b)
Start importing Assets/Prefab/Pikeman.prefab using Guid(1d4cbf6d648711240ace8ee195df550e) Importer(815301076,1909f56bfc062723c751e8b465ee728b)  -> (artifact id: '88ea4444ece16e1ff451f09885ab5deb') in 0.136910 seconds 
========================================================================
Received Prepare
Registering precompiled user dll's ...
Registered in 0.022466 seconds.
Begin MonoManager ReloadAssembly
Symbol file LoadedFromMemory doesn't match image C:\Users\Hadi\RunGun\Library\PackageCache\com.unity.visualscripting@1.7.8\Editor\VisualScripting.Core\Dependencies\YamlDotNet\Unity.VisualScripting.YamlDotNet.dll
Symbol file LoadedFromMemory doesn't match image C:\Users\Hadi\RunGun\Library\PackageCache\com.unity.visualscripting@1.7.8\Editor\VisualScripting.Core\Dependencies\DotNetZip\Unity.VisualScripting.IonicZip.dll
Native extension for UWP target not found
Native extension for WindowsStandalone target not found
Native extension for WebGL target not found
Refreshing native plugins compatible for Editor in 1.78 ms, found 4 plugins.
Preloading 0 native plugins for Editor in 0.00 ms.
Mono: successfully reloaded assembly
- Completed reload, in  2.567 seconds
Domain Reload Profiling:
	ReloadAssembly (2568ms)
		BeginReloadAssembly (462ms)
			ExecutionOrderSort (0ms)
			DisableScriptedObjects (15ms)
			BackupInstance (0ms)
			ReleaseScriptingObjects (0ms)
			CreateAndSetChildDomain (233ms)
		EndReloadAssembly (1907ms)
			LoadAssemblies (209ms)
			RebuildTransferFunctionScriptingTraits (0ms)
			SetupTypeCache (514ms)
			ReleaseScriptCaches (3ms)
			RebuildScriptCaches (118ms)
			SetupLoadedEditorAssemblies (940ms)
				LogAssemblyErrors (0ms)
				InitializePlatformSupportModulesInManaged (37ms)
				SetLoadedEditorAssemblies (2ms)
				RefreshPlugins (2ms)
				BeforeProcessingInitializeOnLoad (260ms)
				ProcessInitializeOnLoadAttributes (527ms)
				ProcessInitializeOnLoadMethodAttributes (97ms)
				AfterProcessingInitializeOnLoad (15ms)
				EditorAssembliesLoaded (0ms)
			ExecutionOrderSort2 (0ms)
			AwakeInstancesAfterBackupRestoration (16ms)
Platform modules already initialized, skipping
Refreshing native plugins compatible for Editor in 4.65 ms, found 4 plugins.
Preloading 0 native plugins for Editor in 0.00 ms.
Unloading 4224 Unused Serialized files (Serialized files now loaded: 0)
Unloading 46 unused Assets / (0.9 MB). Loaded Objects now: 6043.
Memory consumption went from 166.2 MB to 165.3 MB.
Total: 9.334200 ms (FindLiveObjects: 0.735200 ms CreateObjectMapping: 3.669600 ms MarkObjects: 4.388600 ms  DeleteObjects: 0.539600 ms)

AssetImportParameters requested are different than current active one (requested -> active):
  custom:video-decoder-ogg-theora: a1e56fd34408186e4bbccfd4996cb3dc -> 
  custom:container-muxer-webm: aa71ff27fc2769a1b78a27578f13a17b -> 
  custom:container-demuxer-webm: 4f35f7cbe854078d1ac9338744f61a02 -> 
  custom:video-encoder-webm-vp8: eb34c28f22e8b96e1ab97ce403110664 -> 
  custom:audio-encoder-webm-vorbis: bf7c407c2cedff20999df2af8eb42d56 -> 
  custom:framework-win-MediaFoundation: 216162199b28c13a410421893ffa2e32 -> 
  custom:SearchIndexIgnoredProperties: e643bd26f0fe6173181afceb89e7c659 -> 
  custom:container-demuxer-ogg: 62fdf1f143b41e24485cea50d1cbac27 -> 
  custom:video-decoder-webm-vp8: 9c59270c3fd7afecdb556c50c9e8de78 -> 
  custom:audio-decoder-ogg-vorbis: bf7c407c2cedff20999df2af8eb42d56 -> 
========================================================================
Received Import Request.
  Time since last request: 84.287025 seconds.
  path: Assets/Prefab/Patrol.prefab
  artifactKey: Guid(33d54776866e0d9498e67f9f9016a52d) Importer(815301076,1909f56bfc062723c751e8b465ee728b)
Start importing Assets/Prefab/Patrol.prefab using Guid(33d54776866e0d9498e67f9f9016a52d) Importer(815301076,1909f56bfc062723c751e8b465ee728b)  -> (artifact id: '2e0f70dc0f7ab55da7b58afe40e85fd4') in 0.122630 seconds 
========================================================================
Received Import Request.
  Time since last request: 55.455180 seconds.
  path: Assets/Prefab/Bomberfly.prefab
  artifactKey: Guid(cd0e7c2a660b6cf44bdfd2699ee67bc1) Importer(815301076,1909f56bfc062723c751e8b465ee728b)
Start importing Assets/Prefab/Bomberfly.prefab using Guid(cd0e7c2a660b6cf44bdfd2699ee67bc1) Importer(815301076,1909f56bfc062723c751e8b465ee728b)  -> (artifact id: 'c93f61f1e6fa0c524ac80f15070823e7') in 0.032410 seconds 
========================================================================
Received Prepare
Registering precompiled user dll's ...
Registered in 0.010166 seconds.
Begin MonoManager ReloadAssembly
Symbol file LoadedFromMemory doesn't match image C:\Users\Hadi\RunGun\Library\PackageCache\com.unity.visualscripting@1.7.8\Editor\VisualScripting.Core\Dependencies\YamlDotNet\Unity.VisualScripting.YamlDotNet.dll
Symbol file LoadedFromMemory doesn't match image C:\Users\Hadi\RunGun\Library\PackageCache\com.unity.visualscripting@1.7.8\Editor\VisualScripting.Core\Dependencies\DotNetZip\Unity.VisualScripting.IonicZip.dll
Native extension for UWP target not found
Native extension for WindowsStandalone target not found
Native extension for WebGL target not found
Refreshing native plugins compatible for Editor in 1.26 ms, found 4 plugins.
Preloading 0 native plugins for Editor in 0.00 ms.
Mono: successfully reloaded assembly
- Completed reload, in  2.829 seconds
Domain Reload Profiling:
	ReloadAssembly (2830ms)
		BeginReloadAssembly (184ms)
			ExecutionOrderSort (0ms)
			DisableScriptedObjects (8ms)
			BackupInstance (0ms)
			ReleaseScriptingObjects (0ms)
			CreateAndSetChildDomain (48ms)
		EndReloadAssembly (2471ms)
			LoadAssemblies (133ms)
			RebuildTransferFunctionScriptingTraits (0ms)
			SetupTypeCache (743ms)
			ReleaseScriptCaches (4ms)
			RebuildScriptCaches (179ms)
			SetupLoadedEditorAssemblies (1182ms)
				LogAssemblyErrors (0ms)
				InitializePlatformSupportModulesInManaged (43ms)
				SetLoadedEditorAssemblies (1ms)
				RefreshPlugins (1ms)
				BeforeProcessingInitializeOnLoad (226ms)
				ProcessInitializeOnLoadAttributes (779ms)
				ProcessInitializeOnLoadMethodAttributes (111ms)
				AfterProcessingInitializeOnLoad (20ms)
				EditorAssembliesLoaded (0ms)
			ExecutionOrderSort2 (0ms)
			AwakeInstancesAfterBackupRestoration (29ms)
Platform modules already initialized, skipping
Refreshing native plugins compatible for Editor in 7.61 ms, found 4 plugins.
Preloading 0 native plugins for Editor in 0.00 ms.
Unloading 4224 Unused Serialized files (Serialized files now loaded: 0)
Unloading 46 unused Assets / (0.9 MB). Loaded Objects now: 6058.
Memory consumption went from 166.2 MB to 165.3 MB.
Total: 10.029500 ms (FindLiveObjects: 0.750600 ms CreateObjectMapping: 1.320300 ms MarkObjects: 7.285400 ms  DeleteObjects: 0.671700 ms)

AssetImportParameters requested are different than current active one (requested -> active):
  custom:video-decoder-ogg-theora: a1e56fd34408186e4bbccfd4996cb3dc -> 
  custom:container-muxer-webm: aa71ff27fc2769a1b78a27578f13a17b -> 
  custom:container-demuxer-webm: 4f35f7cbe854078d1ac9338744f61a02 -> 
  custom:video-encoder-webm-vp8: eb34c28f22e8b96e1ab97ce403110664 -> 
  custom:audio-encoder-webm-vorbis: bf7c407c2cedff20999df2af8eb42d56 -> 
  custom:framework-win-MediaFoundation: 216162199b28c13a410421893ffa2e32 -> 
  custom:SearchIndexIgnoredProperties: e643bd26f0fe6173181afceb89e7c659 -> 
  custom:container-demuxer-ogg: 62fdf1f143b41e24485cea50d1cbac27 -> 
  custom:video-decoder-webm-vp8: 9c59270c3fd7afecdb556c50c9e8de78 -> 
  custom:audio-decoder-ogg-vorbis: bf7c407c2cedff20999df2af8eb42d56 -> 
========================================================================
Received Prepare
Registering precompiled user dll's ...
Registered in 0.009715 seconds.
Begin MonoManager ReloadAssembly
Symbol file LoadedFromMemory doesn't match image C:\Users\Hadi\RunGun\Library\PackageCache\com.unity.visualscripting@1.7.8\Editor\VisualScripting.Core\Dependencies\YamlDotNet\Unity.VisualScripting.YamlDotNet.dll
Symbol file LoadedFromMemory doesn't match image C:\Users\Hadi\RunGun\Library\PackageCache\com.unity.visualscripting@1.7.8\Editor\VisualScripting.Core\Dependencies\DotNetZip\Unity.VisualScripting.IonicZip.dll
Native extension for UWP target not found
Native extension for WindowsStandalone target not found
Native extension for WebGL target not found
Refreshing native plugins compatible for Editor in 1.29 ms, found 4 plugins.
Preloading 0 native plugins for Editor in 0.00 ms.
Mono: successfully reloaded assembly
- Completed reload, in  3.511 seconds
Domain Reload Profiling:
	ReloadAssembly (3513ms)
		BeginReloadAssembly (210ms)
			ExecutionOrderSort (0ms)
			DisableScriptedObjects (10ms)
			BackupInstance (0ms)
			ReleaseScriptingObjects (0ms)
			CreateAndSetChildDomain (55ms)
		EndReloadAssembly (2862ms)
			LoadAssemblies (199ms)
			RebuildTransferFunctionScriptingTraits (0ms)
			SetupTypeCache (880ms)
			ReleaseScriptCaches (6ms)
			RebuildScriptCaches (156ms)
			SetupLoadedEditorAssemblies (1275ms)
				LogAssemblyErrors (0ms)
				InitializePlatformSupportModulesInManaged (69ms)
				SetLoadedEditorAssemblies (2ms)
				RefreshPlugins (2ms)
				BeforeProcessingInitializeOnLoad (190ms)
				ProcessInitializeOnLoadAttributes (876ms)
				ProcessInitializeOnLoadMethodAttributes (111ms)
				AfterProcessingInitializeOnLoad (24ms)
				EditorAssembliesLoaded (1ms)
			ExecutionOrderSort2 (0ms)
			AwakeInstancesAfterBackupRestoration (22ms)
Platform modules already initialized, skipping
Refreshing native plugins compatible for Editor in 4.37 ms, found 4 plugins.
Preloading 0 native plugins for Editor in 0.00 ms.
Unloading 4224 Unused Serialized files (Serialized files now loaded: 0)
Unloading 46 unused Assets / (0.9 MB). Loaded Objects now: 6073.
Memory consumption went from 166.3 MB to 165.3 MB.
Total: 13.020800 ms (FindLiveObjects: 1.503600 ms CreateObjectMapping: 0.495800 ms MarkObjects: 8.756600 ms  DeleteObjects: 2.263200 ms)

AssetImportParameters requested are different than current active one (requested -> active):
  custom:video-decoder-ogg-theora: a1e56fd34408186e4bbccfd4996cb3dc -> 
  custom:container-muxer-webm: aa71ff27fc2769a1b78a27578f13a17b -> 
  custom:container-demuxer-webm: 4f35f7cbe854078d1ac9338744f61a02 -> 
  custom:video-encoder-webm-vp8: eb34c28f22e8b96e1ab97ce403110664 -> 
  custom:audio-encoder-webm-vorbis: bf7c407c2cedff20999df2af8eb42d56 -> 
  custom:framework-win-MediaFoundation: 216162199b28c13a410421893ffa2e32 -> 
  custom:SearchIndexIgnoredProperties: e643bd26f0fe6173181afceb89e7c659 -> 
  custom:container-demuxer-ogg: 62fdf1f143b41e24485cea50d1cbac27 -> 
  custom:video-decoder-webm-vp8: 9c59270c3fd7afecdb556c50c9e8de78 -> 
  custom:audio-decoder-ogg-vorbis: bf7c407c2cedff20999df2af8eb42d56 -> 
========================================================================
Received Import Request.
  Time since last request: 133.947817 seconds.
  path: Assets/Prefab/Patrol.prefab
  artifactKey: Guid(33d54776866e0d9498e67f9f9016a52d) Importer(815301076,1909f56bfc062723c751e8b465ee728b)
Start importing Assets/Prefab/Patrol.prefab using Guid(33d54776866e0d9498e67f9f9016a52d) Importer(815301076,1909f56bfc062723c751e8b465ee728b)  -> (artifact id: 'a2d83500b16161689ae5402e41de68fb') in 0.124244 seconds 
========================================================================
Received Prepare
Registering precompiled user dll's ...
Registered in 0.010199 seconds.
Begin MonoManager ReloadAssembly
Symbol file LoadedFromMemory doesn't match image C:\Users\Hadi\RunGun\Library\PackageCache\com.unity.visualscripting@1.7.8\Editor\VisualScripting.Core\Dependencies\YamlDotNet\Unity.VisualScripting.YamlDotNet.dll
Symbol file LoadedFromMemory doesn't match image C:\Users\Hadi\RunGun\Library\PackageCache\com.unity.visualscripting@1.7.8\Editor\VisualScripting.Core\Dependencies\DotNetZip\Unity.VisualScripting.IonicZip.dll
Native extension for UWP target not found
Native extension for WindowsStandalone target not found
Native extension for WebGL target not found
Refreshing native plugins compatible for Editor in 2.25 ms, found 4 plugins.
Preloading 0 native plugins for Editor in 0.00 ms.
Mono: successfully reloaded assembly
- Completed reload, in  2.811 seconds
Domain Reload Profiling:
	ReloadAssembly (2812ms)
		BeginReloadAssembly (184ms)
			ExecutionOrderSort (0ms)
			DisableScriptedObjects (9ms)
			BackupInstance (0ms)
			ReleaseScriptingObjects (0ms)
			CreateAndSetChildDomain (47ms)
		EndReloadAssembly (2464ms)
			LoadAssemblies (152ms)
			RebuildTransferFunctionScriptingTraits (0ms)
			SetupTypeCache (767ms)
			ReleaseScriptCaches (4ms)
			RebuildScriptCaches (142ms)
			SetupLoadedEditorAssemblies (1208ms)
				LogAssemblyErrors (0ms)
				InitializePlatformSupportModulesInManaged (53ms)
				SetLoadedEditorAssemblies (1ms)
				RefreshPlugins (2ms)
				BeforeProcessingInitializeOnLoad (231ms)
				ProcessInitializeOnLoadAttributes (782ms)
				ProcessInitializeOnLoadMethodAttributes (111ms)
				AfterProcessingInitializeOnLoad (26ms)
				EditorAssembliesLoaded (1ms)
			ExecutionOrderSort2 (0ms)
			AwakeInstancesAfterBackupRestoration (26ms)
Platform modules already initialized, skipping
Refreshing native plugins compatible for Editor in 10.53 ms, found 4 plugins.
Preloading 0 native plugins for Editor in 0.00 ms.
Unloading 4224 Unused Serialized files (Serialized files now loaded: 0)
Unloading 46 unused Assets / (0.9 MB). Loaded Objects now: 6088.
Memory consumption went from 166.3 MB to 165.3 MB.
Total: 9.161800 ms (FindLiveObjects: 0.954100 ms CreateObjectMapping: 1.305300 ms MarkObjects: 5.560900 ms  DeleteObjects: 1.340200 ms)

AssetImportParameters requested are different than current active one (requested -> active):
  custom:video-decoder-ogg-theora: a1e56fd34408186e4bbccfd4996cb3dc -> 
  custom:container-muxer-webm: aa71ff27fc2769a1b78a27578f13a17b -> 
  custom:container-demuxer-webm: 4f35f7cbe854078d1ac9338744f61a02 -> 
  custom:video-encoder-webm-vp8: eb34c28f22e8b96e1ab97ce403110664 -> 
  custom:audio-encoder-webm-vorbis: bf7c407c2cedff20999df2af8eb42d56 -> 
  custom:framework-win-MediaFoundation: 216162199b28c13a410421893ffa2e32 -> 
  custom:SearchIndexIgnoredProperties: e643bd26f0fe6173181afceb89e7c659 -> 
  custom:container-demuxer-ogg: 62fdf1f143b41e24485cea50d1cbac27 -> 
  custom:video-decoder-webm-vp8: 9c59270c3fd7afecdb556c50c9e8de78 -> 
  custom:audio-decoder-ogg-vorbis: bf7c407c2cedff20999df2af8eb42d56 -> 
========================================================================
Received Prepare
Registering precompiled user dll's ...
Registered in 0.009349 seconds.
Begin MonoManager ReloadAssembly
Symbol file LoadedFromMemory doesn't match image C:\Users\Hadi\RunGun\Library\PackageCache\com.unity.visualscripting@1.7.8\Editor\VisualScripting.Core\Dependencies\YamlDotNet\Unity.VisualScripting.YamlDotNet.dll
Symbol file LoadedFromMemory doesn't match image C:\Users\Hadi\RunGun\Library\PackageCache\com.unity.visualscripting@1.7.8\Editor\VisualScripting.Core\Dependencies\DotNetZip\Unity.VisualScripting.IonicZip.dll
Native extension for UWP target not found
Native extension for WindowsStandalone target not found
Native extension for WebGL target not found
Refreshing native plugins compatible for Editor in 0.95 ms, found 4 plugins.
Preloading 0 native plugins for Editor in 0.00 ms.
Mono: successfully reloaded assembly
- Completed reload, in  2.291 seconds
Domain Reload Profiling:
	ReloadAssembly (2350ms)
		BeginReloadAssembly (192ms)
			ExecutionOrderSort (0ms)
			DisableScriptedObjects (10ms)
			BackupInstance (0ms)
			ReleaseScriptingObjects (0ms)
			CreateAndSetChildDomain (48ms)
		EndReloadAssembly (1990ms)
			LoadAssemblies (137ms)
			RebuildTransferFunctionScriptingTraits (0ms)
			SetupTypeCache (413ms)
			ReleaseScriptCaches (4ms)
			RebuildScriptCaches (79ms)
			SetupLoadedEditorAssemblies (799ms)
				LogAssemblyErrors (0ms)
				InitializePlatformSupportModulesInManaged (39ms)
				SetLoadedEditorAssemblies (1ms)
				RefreshPlugins (1ms)
				BeforeProcessingInitializeOnLoad (138ms)
				ProcessInitializeOnLoadAttributes (506ms)
				ProcessInitializeOnLoadMethodAttributes (99ms)
				AfterProcessingInitializeOnLoad (13ms)
				EditorAssembliesLoaded (1ms)
			ExecutionOrderSort2 (0ms)
			AwakeInstancesAfterBackupRestoration (339ms)
Platform modules already initialized, skipping
Refreshing native plugins compatible for Editor in 4.46 ms, found 4 plugins.
Preloading 0 native plugins for Editor in 0.00 ms.
Unloading 4224 Unused Serialized files (Serialized files now loaded: 0)
Unloading 46 unused Assets / (0.9 MB). Loaded Objects now: 6103.
Memory consumption went from 166.3 MB to 165.3 MB.
Total: 7.850700 ms (FindLiveObjects: 0.671900 ms CreateObjectMapping: 0.565400 ms MarkObjects: 6.007500 ms  DeleteObjects: 0.604600 ms)

AssetImportParameters requested are different than current active one (requested -> active):
  custom:video-decoder-ogg-theora: a1e56fd34408186e4bbccfd4996cb3dc -> 
  custom:container-muxer-webm: aa71ff27fc2769a1b78a27578f13a17b -> 
  custom:container-demuxer-webm: 4f35f7cbe854078d1ac9338744f61a02 -> 
  custom:video-encoder-webm-vp8: eb34c28f22e8b96e1ab97ce403110664 -> 
  custom:audio-encoder-webm-vorbis: bf7c407c2cedff20999df2af8eb42d56 -> 
  custom:framework-win-MediaFoundation: 216162199b28c13a410421893ffa2e32 -> 
  custom:SearchIndexIgnoredProperties: e643bd26f0fe6173181afceb89e7c659 -> 
  custom:container-demuxer-ogg: 62fdf1f143b41e24485cea50d1cbac27 -> 
  custom:video-decoder-webm-vp8: 9c59270c3fd7afecdb556c50c9e8de78 -> 
  custom:audio-decoder-ogg-vorbis: bf7c407c2cedff20999df2af8eb42d56 -> 
========================================================================
Received Prepare
Registering precompiled user dll's ...
Registered in 0.009591 seconds.
Begin MonoManager ReloadAssembly
Symbol file LoadedFromMemory doesn't match image C:\Users\Hadi\RunGun\Library\PackageCache\com.unity.visualscripting@1.7.8\Editor\VisualScripting.Core\Dependencies\YamlDotNet\Unity.VisualScripting.YamlDotNet.dll
Symbol file LoadedFromMemory doesn't match image C:\Users\Hadi\RunGun\Library\PackageCache\com.unity.visualscripting@1.7.8\Editor\VisualScripting.Core\Dependencies\DotNetZip\Unity.VisualScripting.IonicZip.dll
Native extension for UWP target not found
Native extension for WindowsStandalone target not found
Native extension for WebGL target not found
Refreshing native plugins compatible for Editor in 1.29 ms, found 4 plugins.
Preloading 0 native plugins for Editor in 0.00 ms.
Mono: successfully reloaded assembly
- Completed reload, in  2.879 seconds
Domain Reload Profiling:
	ReloadAssembly (2882ms)
		BeginReloadAssembly (202ms)
			ExecutionOrderSort (0ms)
			DisableScriptedObjects (9ms)
			BackupInstance (0ms)
			ReleaseScriptingObjects (0ms)
			CreateAndSetChildDomain (51ms)
		EndReloadAssembly (2498ms)
			LoadAssemblies (153ms)
			RebuildTransferFunctionScriptingTraits (0ms)
			SetupTypeCache (775ms)
			ReleaseScriptCaches (7ms)
			RebuildScriptCaches (153ms)
			SetupLoadedEditorAssemblies (1177ms)
				LogAssemblyErrors (0ms)
				InitializePlatformSupportModulesInManaged (46ms)
				SetLoadedEditorAssemblies (1ms)
				RefreshPlugins (1ms)
				BeforeProcessingInitializeOnLoad (245ms)
				ProcessInitializeOnLoadAttributes (747ms)
				ProcessInitializeOnLoadMethodAttributes (118ms)
				AfterProcessingInitializeOnLoad (17ms)
				EditorAssembliesLoaded (1ms)
			ExecutionOrderSort2 (0ms)
			AwakeInstancesAfterBackupRestoration (27ms)
Platform modules already initialized, skipping
Refreshing native plugins compatible for Editor in 4.25 ms, found 4 plugins.
Preloading 0 native plugins for Editor in 0.00 ms.
Unloading 4224 Unused Serialized files (Serialized files now loaded: 0)
Unloading 46 unused Assets / (0.9 MB). Loaded Objects now: 6118.
Memory consumption went from 166.3 MB to 165.4 MB.
Total: 11.169800 ms (FindLiveObjects: 1.056900 ms CreateObjectMapping: 0.922000 ms MarkObjects: 7.391600 ms  DeleteObjects: 1.797100 ms)

AssetImportParameters requested are different than current active one (requested -> active):
  custom:video-decoder-ogg-theora: a1e56fd34408186e4bbccfd4996cb3dc -> 
  custom:container-muxer-webm: aa71ff27fc2769a1b78a27578f13a17b -> 
  custom:container-demuxer-webm: 4f35f7cbe854078d1ac9338744f61a02 -> 
  custom:video-encoder-webm-vp8: eb34c28f22e8b96e1ab97ce403110664 -> 
  custom:audio-encoder-webm-vorbis: bf7c407c2cedff20999df2af8eb42d56 -> 
  custom:framework-win-MediaFoundation: 216162199b28c13a410421893ffa2e32 -> 
  custom:SearchIndexIgnoredProperties: e643bd26f0fe6173181afceb89e7c659 -> 
  custom:container-demuxer-ogg: 62fdf1f143b41e24485cea50d1cbac27 -> 
  custom:video-decoder-webm-vp8: 9c59270c3fd7afecdb556c50c9e8de78 -> 
  custom:audio-decoder-ogg-vorbis: bf7c407c2cedff20999df2af8eb42d56 -> 
========================================================================
Received Prepare
Registering precompiled user dll's ...
Registered in 0.009571 seconds.
Begin MonoManager ReloadAssembly
Symbol file LoadedFromMemory doesn't match image C:\Users\Hadi\RunGun\Library\PackageCache\com.unity.visualscripting@1.7.8\Editor\VisualScripting.Core\Dependencies\YamlDotNet\Unity.VisualScripting.YamlDotNet.dll
Symbol file LoadedFromMemory doesn't match image C:\Users\Hadi\RunGun\Library\PackageCache\com.unity.visualscripting@1.7.8\Editor\VisualScripting.Core\Dependencies\DotNetZip\Unity.VisualScripting.IonicZip.dll
Native extension for UWP target not found
Native extension for WindowsStandalone target not found
Native extension for WebGL target not found
Refreshing native plugins compatible for Editor in 1.18 ms, found 4 plugins.
Preloading 0 native plugins for Editor in 0.00 ms.
Mono: successfully reloaded assembly
- Completed reload, in  1.788 seconds
Domain Reload Profiling:
	ReloadAssembly (1790ms)
		BeginReloadAssembly (174ms)
			ExecutionOrderSort (0ms)
			DisableScriptedObjects (8ms)
			BackupInstance (0ms)
			ReleaseScriptingObjects (0ms)
			CreateAndSetChildDomain (44ms)
		EndReloadAssembly (1463ms)
			LoadAssemblies (122ms)
			RebuildTransferFunctionScriptingTraits (0ms)
			SetupTypeCache (359ms)
			ReleaseScriptCaches (2ms)
			RebuildScriptCaches (87ms)
			SetupLoadedEditorAssemblies (782ms)
				LogAssemblyErrors (0ms)
				InitializePlatformSupportModulesInManaged (29ms)
				SetLoadedEditorAssemblies (1ms)
				RefreshPlugins (1ms)
				BeforeProcessingInitializeOnLoad (148ms)
				ProcessInitializeOnLoadAttributes (513ms)
				ProcessInitializeOnLoadMethodAttributes (76ms)
				AfterProcessingInitializeOnLoad (13ms)
				EditorAssembliesLoaded (0ms)
			ExecutionOrderSort2 (0ms)
			AwakeInstancesAfterBackupRestoration (15ms)
Platform modules already initialized, skipping
Refreshing native plugins compatible for Editor in 5.42 ms, found 4 plugins.
Preloading 0 native plugins for Editor in 0.00 ms.
Unloading 4224 Unused Serialized files (Serialized files now loaded: 0)
Unloading 46 unused Assets / (0.9 MB). Loaded Objects now: 6133.
Memory consumption went from 166.3 MB to 165.4 MB.
Total: 5.648000 ms (FindLiveObjects: 0.800500 ms CreateObjectMapping: 0.382800 ms MarkObjects: 3.864000 ms  DeleteObjects: 0.599000 ms)

AssetImportParameters requested are different than current active one (requested -> active):
  custom:video-decoder-ogg-theora: a1e56fd34408186e4bbccfd4996cb3dc -> 
  custom:container-muxer-webm: aa71ff27fc2769a1b78a27578f13a17b -> 
  custom:container-demuxer-webm: 4f35f7cbe854078d1ac9338744f61a02 -> 
  custom:video-encoder-webm-vp8: eb34c28f22e8b96e1ab97ce403110664 -> 
  custom:audio-encoder-webm-vorbis: bf7c407c2cedff20999df2af8eb42d56 -> 
  custom:framework-win-MediaFoundation: 216162199b28c13a410421893ffa2e32 -> 
  custom:SearchIndexIgnoredProperties: e643bd26f0fe6173181afceb89e7c659 -> 
  custom:container-demuxer-ogg: 62fdf1f143b41e24485cea50d1cbac27 -> 
  custom:video-decoder-webm-vp8: 9c59270c3fd7afecdb556c50c9e8de78 -> 
  custom:audio-decoder-ogg-vorbis: bf7c407c2cedff20999df2af8eb42d56 -> 
========================================================================
Received Import Request.
  Time since last request: 204.693047 seconds.
  path: Assets/Prefab/Bomberfly.prefab
  artifactKey: Guid(cd0e7c2a660b6cf44bdfd2699ee67bc1) Importer(815301076,1909f56bfc062723c751e8b465ee728b)
Start importing Assets/Prefab/Bomberfly.prefab using Guid(cd0e7c2a660b6cf44bdfd2699ee67bc1) Importer(815301076,1909f56bfc062723c751e8b465ee728b)  -> (artifact id: 'ea86699686d86d6208c181054c0a5acc') in 0.118650 seconds 
========================================================================
Received Prepare
Registering precompiled user dll's ...
Registered in 0.009248 seconds.
Begin MonoManager ReloadAssembly
Symbol file LoadedFromMemory doesn't match image C:\Users\Hadi\RunGun\Library\PackageCache\com.unity.visualscripting@1.7.8\Editor\VisualScripting.Core\Dependencies\YamlDotNet\Unity.VisualScripting.YamlDotNet.dll
Symbol file LoadedFromMemory doesn't match image C:\Users\Hadi\RunGun\Library\PackageCache\com.unity.visualscripting@1.7.8\Editor\VisualScripting.Core\Dependencies\DotNetZip\Unity.VisualScripting.IonicZip.dll
Native extension for UWP target not found
Native extension for WindowsStandalone target not found
Native extension for WebGL target not found
Refreshing native plugins compatible for Editor in 2.20 ms, found 4 plugins.
Preloading 0 native plugins for Editor in 0.00 ms.
Mono: successfully reloaded assembly
- Completed reload, in  1.727 seconds
Domain Reload Profiling:
	ReloadAssembly (1728ms)
		BeginReloadAssembly (185ms)
			ExecutionOrderSort (0ms)
			DisableScriptedObjects (7ms)
			BackupInstance (0ms)
			ReleaseScriptingObjects (0ms)
			CreateAndSetChildDomain (45ms)
		EndReloadAssembly (1394ms)
			LoadAssemblies (134ms)
			RebuildTransferFunctionScriptingTraits (0ms)
			SetupTypeCache (393ms)
			ReleaseScriptCaches (4ms)
			RebuildScriptCaches (82ms)
			SetupLoadedEditorAssemblies (683ms)
				LogAssemblyErrors (0ms)
				InitializePlatformSupportModulesInManaged (27ms)
				SetLoadedEditorAssemblies (1ms)
				RefreshPlugins (2ms)
				BeforeProcessingInitializeOnLoad (137ms)
				ProcessInitializeOnLoadAttributes (440ms)
				ProcessInitializeOnLoadMethodAttributes (63ms)
				AfterProcessingInitializeOnLoad (13ms)
				EditorAssembliesLoaded (0ms)
			ExecutionOrderSort2 (0ms)
			AwakeInstancesAfterBackupRestoration (15ms)
Platform modules already initialized, skipping
Refreshing native plugins compatible for Editor in 3.49 ms, found 4 plugins.
Preloading 0 native plugins for Editor in 0.00 ms.
Unloading 4224 Unused Serialized files (Serialized files now loaded: 0)
Unloading 46 unused Assets / (0.9 MB). Loaded Objects now: 6148.
Memory consumption went from 166.3 MB to 165.4 MB.
Total: 6.646200 ms (FindLiveObjects: 0.571300 ms CreateObjectMapping: 0.354700 ms MarkObjects: 4.181800 ms  DeleteObjects: 1.537000 ms)

AssetImportParameters requested are different than current active one (requested -> active):
  custom:video-decoder-ogg-theora: a1e56fd34408186e4bbccfd4996cb3dc -> 
  custom:container-muxer-webm: aa71ff27fc2769a1b78a27578f13a17b -> 
  custom:container-demuxer-webm: 4f35f7cbe854078d1ac9338744f61a02 -> 
  custom:video-encoder-webm-vp8: eb34c28f22e8b96e1ab97ce403110664 -> 
  custom:audio-encoder-webm-vorbis: bf7c407c2cedff20999df2af8eb42d56 -> 
  custom:framework-win-MediaFoundation: 216162199b28c13a410421893ffa2e32 -> 
  custom:SearchIndexIgnoredProperties: e643bd26f0fe6173181afceb89e7c659 -> 
  custom:container-demuxer-ogg: 62fdf1f143b41e24485cea50d1cbac27 -> 
  custom:video-decoder-webm-vp8: 9c59270c3fd7afecdb556c50c9e8de78 -> 
  custom:audio-decoder-ogg-vorbis: bf7c407c2cedff20999df2af8eb42d56 -> 
========================================================================
Received Import Request.
  Time since last request: 85.238877 seconds.
  path: Assets/Prefab/Bomberfly.prefab
  artifactKey: Guid(cd0e7c2a660b6cf44bdfd2699ee67bc1) Importer(815301076,1909f56bfc062723c751e8b465ee728b)
Start importing Assets/Prefab/Bomberfly.prefab using Guid(cd0e7c2a660b6cf44bdfd2699ee67bc1) Importer(815301076,1909f56bfc062723c751e8b465ee728b)  -> (artifact id: 'beae00a15c9ebe5568ad99d176b5c0f1') in 0.112243 seconds 
========================================================================
Received Prepare
Registering precompiled user dll's ...
Registered in 0.009461 seconds.
Begin MonoManager ReloadAssembly
Symbol file LoadedFromMemory doesn't match image C:\Users\Hadi\RunGun\Library\PackageCache\com.unity.visualscripting@1.7.8\Editor\VisualScripting.Core\Dependencies\YamlDotNet\Unity.VisualScripting.YamlDotNet.dll
Symbol file LoadedFromMemory doesn't match image C:\Users\Hadi\RunGun\Library\PackageCache\com.unity.visualscripting@1.7.8\Editor\VisualScripting.Core\Dependencies\DotNetZip\Unity.VisualScripting.IonicZip.dll
Native extension for UWP target not found
Native extension for WindowsStandalone target not found
Native extension for WebGL target not found
Refreshing native plugins compatible for Editor in 2.04 ms, found 4 plugins.
Preloading 0 native plugins for Editor in 0.00 ms.
Mono: successfully reloaded assembly
- Completed reload, in  2.849 seconds
Domain Reload Profiling:
	ReloadAssembly (2852ms)
		BeginReloadAssembly (198ms)
			ExecutionOrderSort (0ms)
			DisableScriptedObjects (9ms)
			BackupInstance (0ms)
			ReleaseScriptingObjects (0ms)
			CreateAndSetChildDomain (53ms)
		EndReloadAssembly (2480ms)
			LoadAssemblies (164ms)
			RebuildTransferFunctionScriptingTraits (0ms)
			SetupTypeCache (729ms)
			ReleaseScriptCaches (7ms)
			RebuildScriptCaches (132ms)
			SetupLoadedEditorAssemblies (1208ms)
				LogAssemblyErrors (0ms)
				InitializePlatformSupportModulesInManaged (45ms)
				SetLoadedEditorAssemblies (3ms)
				RefreshPlugins (2ms)
				BeforeProcessingInitializeOnLoad (250ms)
				ProcessInitializeOnLoadAttributes (763ms)
				ProcessInitializeOnLoadMethodAttributes (127ms)
				AfterProcessingInitializeOnLoad (17ms)
				EditorAssembliesLoaded (0ms)
			ExecutionOrderSort2 (0ms)
			AwakeInstancesAfterBackupRestoration (28ms)
Platform modules already initialized, skipping
Refreshing native plugins compatible for Editor in 4.21 ms, found 4 plugins.
Preloading 0 native plugins for Editor in 0.00 ms.
Unloading 4224 Unused Serialized files (Serialized files now loaded: 0)
Unloading 46 unused Assets / (0.9 MB). Loaded Objects now: 6163.
Memory consumption went from 166.5 MB to 165.5 MB.
Total: 12.814300 ms (FindLiveObjects: 0.725400 ms CreateObjectMapping: 0.723500 ms MarkObjects: 10.021400 ms  DeleteObjects: 1.342400 ms)

AssetImportParameters requested are different than current active one (requested -> active):
  custom:video-decoder-ogg-theora: a1e56fd34408186e4bbccfd4996cb3dc -> 
  custom:container-muxer-webm: aa71ff27fc2769a1b78a27578f13a17b -> 
  custom:container-demuxer-webm: 4f35f7cbe854078d1ac9338744f61a02 -> 
  custom:video-encoder-webm-vp8: eb34c28f22e8b96e1ab97ce403110664 -> 
  custom:audio-encoder-webm-vorbis: bf7c407c2cedff20999df2af8eb42d56 -> 
  custom:framework-win-MediaFoundation: 216162199b28c13a410421893ffa2e32 -> 
  custom:SearchIndexIgnoredProperties: e643bd26f0fe6173181afceb89e7c659 -> 
  custom:container-demuxer-ogg: 62fdf1f143b41e24485cea50d1cbac27 -> 
  custom:video-decoder-webm-vp8: 9c59270c3fd7afecdb556c50c9e8de78 -> 
  custom:audio-decoder-ogg-vorbis: bf7c407c2cedff20999df2af8eb42d56 -> 
========================================================================
Received Prepare
Registering precompiled user dll's ...
Registered in 0.010120 seconds.
Begin MonoManager ReloadAssembly
Symbol file LoadedFromMemory doesn't match image C:\Users\Hadi\RunGun\Library\PackageCache\com.unity.visualscripting@1.7.8\Editor\VisualScripting.Core\Dependencies\YamlDotNet\Unity.VisualScripting.YamlDotNet.dll
Symbol file LoadedFromMemory doesn't match image C:\Users\Hadi\RunGun\Library\PackageCache\com.unity.visualscripting@1.7.8\Editor\VisualScripting.Core\Dependencies\DotNetZip\Unity.VisualScripting.IonicZip.dll
Native extension for UWP target not found
Native extension for WindowsStandalone target not found
Native extension for WebGL target not found
Refreshing native plugins compatible for Editor in 1.11 ms, found 4 plugins.
Preloading 0 native plugins for Editor in 0.00 ms.
Mono: successfully reloaded assembly
- Completed reload, in  2.775 seconds
Domain Reload Profiling:
	ReloadAssembly (2776ms)
		BeginReloadAssembly (180ms)
			ExecutionOrderSort (0ms)
			DisableScriptedObjects (9ms)
			BackupInstance (0ms)
			ReleaseScriptingObjects (0ms)
			CreateAndSetChildDomain (41ms)
		EndReloadAssembly (2415ms)
			LoadAssemblies (153ms)
			RebuildTransferFunctionScriptingTraits (0ms)
			SetupTypeCache (680ms)
			ReleaseScriptCaches (3ms)
			RebuildScriptCaches (202ms)
			SetupLoadedEditorAssemblies (1178ms)
				LogAssemblyErrors (0ms)
				InitializePlatformSupportModulesInManaged (45ms)
				SetLoadedEditorAssemblies (2ms)
				RefreshPlugins (1ms)
				BeforeProcessingInitializeOnLoad (222ms)
				ProcessInitializeOnLoadAttributes (774ms)
				ProcessInitializeOnLoadMethodAttributes (116ms)
				AfterProcessingInitializeOnLoad (18ms)
				EditorAssembliesLoaded (0ms)
			ExecutionOrderSort2 (0ms)
			AwakeInstancesAfterBackupRestoration (25ms)
Platform modules already initialized, skipping
Refreshing native plugins compatible for Editor in 11.18 ms, found 4 plugins.
Preloading 0 native plugins for Editor in 0.00 ms.
Unloading 4224 Unused Serialized files (Serialized files now loaded: 0)
Unloading 46 unused Assets / (0.9 MB). Loaded Objects now: 6178.
Memory consumption went from 166.5 MB to 165.6 MB.
Total: 7.999800 ms (FindLiveObjects: 0.729200 ms CreateObjectMapping: 1.768400 ms MarkObjects: 4.888900 ms  DeleteObjects: 0.611700 ms)

AssetImportParameters requested are different than current active one (requested -> active):
  custom:video-decoder-ogg-theora: a1e56fd34408186e4bbccfd4996cb3dc -> 
  custom:container-muxer-webm: aa71ff27fc2769a1b78a27578f13a17b -> 
  custom:container-demuxer-webm: 4f35f7cbe854078d1ac9338744f61a02 -> 
  custom:video-encoder-webm-vp8: eb34c28f22e8b96e1ab97ce403110664 -> 
  custom:audio-encoder-webm-vorbis: bf7c407c2cedff20999df2af8eb42d56 -> 
  custom:framework-win-MediaFoundation: 216162199b28c13a410421893ffa2e32 -> 
  custom:SearchIndexIgnoredProperties: e643bd26f0fe6173181afceb89e7c659 -> 
  custom:container-demuxer-ogg: 62fdf1f143b41e24485cea50d1cbac27 -> 
  custom:video-decoder-webm-vp8: 9c59270c3fd7afecdb556c50c9e8de78 -> 
  custom:audio-decoder-ogg-vorbis: bf7c407c2cedff20999df2af8eb42d56 -> 
========================================================================
Received Import Request.
  Time since last request: 106.531759 seconds.
  path: Assets/Prefab/MineMove.prefab
  artifactKey: Guid(8ccb471006ef3cc4cbca317227f9eb98) Importer(815301076,1909f56bfc062723c751e8b465ee728b)
Start importing Assets/Prefab/MineMove.prefab using Guid(8ccb471006ef3cc4cbca317227f9eb98) Importer(815301076,1909f56bfc062723c751e8b465ee728b)  -> (artifact id: 'dc9ed49ece68bc037dab04bb7d38f544') in 0.122231 seconds 
========================================================================
Received Import Request.
  Time since last request: 4.899974 seconds.
  path: Assets/Prefab/MineMove.prefab
  artifactKey: Guid(8ccb471006ef3cc4cbca317227f9eb98) Importer(815301076,1909f56bfc062723c751e8b465ee728b)
Start importing Assets/Prefab/MineMove.prefab using Guid(8ccb471006ef3cc4cbca317227f9eb98) Importer(815301076,1909f56bfc062723c751e8b465ee728b)  -> (artifact id: '7673fb4ace0b8c1ea9105ef9432d9da8') in 0.043918 seconds 
========================================================================
Received Prepare
Registering precompiled user dll's ...
Registered in 0.011772 seconds.
Begin MonoManager ReloadAssembly
Symbol file LoadedFromMemory doesn't match image C:\Users\Hadi\RunGun\Library\PackageCache\com.unity.visualscripting@1.7.8\Editor\VisualScripting.Core\Dependencies\YamlDotNet\Unity.VisualScripting.YamlDotNet.dll
Symbol file LoadedFromMemory doesn't match image C:\Users\Hadi\RunGun\Library\PackageCache\com.unity.visualscripting@1.7.8\Editor\VisualScripting.Core\Dependencies\DotNetZip\Unity.VisualScripting.IonicZip.dll
Native extension for UWP target not found
Native extension for WindowsStandalone target not found
Native extension for WebGL target not found
Refreshing native plugins compatible for Editor in 1.13 ms, found 4 plugins.
Preloading 0 native plugins for Editor in 0.00 ms.
Mono: successfully reloaded assembly
- Completed reload, in  1.869 seconds
Domain Reload Profiling:
	ReloadAssembly (1870ms)
		BeginReloadAssembly (192ms)
			ExecutionOrderSort (0ms)
			DisableScriptedObjects (10ms)
			BackupInstance (0ms)
			ReleaseScriptingObjects (0ms)
			CreateAndSetChildDomain (54ms)
		EndReloadAssembly (1520ms)
			LoadAssemblies (132ms)
			RebuildTransferFunctionScriptingTraits (0ms)
			SetupTypeCache (383ms)
			ReleaseScriptCaches (2ms)
			RebuildScriptCaches (89ms)
			SetupLoadedEditorAssemblies (792ms)
				LogAssemblyErrors (0ms)
				InitializePlatformSupportModulesInManaged (33ms)
				SetLoadedEditorAssemblies (1ms)
				RefreshPlugins (1ms)
				BeforeProcessingInitializeOnLoad (158ms)
				ProcessInitializeOnLoadAttributes (510ms)
				ProcessInitializeOnLoadMethodAttributes (76ms)
				AfterProcessingInitializeOnLoad (13ms)
				EditorAssembliesLoaded (0ms)
			ExecutionOrderSort2 (0ms)
			AwakeInstancesAfterBackupRestoration (28ms)
Platform modules already initialized, skipping
Refreshing native plugins compatible for Editor in 9.49 ms, found 4 plugins.
Preloading 0 native plugins for Editor in 0.00 ms.
Unloading 4224 Unused Serialized files (Serialized files now loaded: 0)
Unloading 46 unused Assets / (0.9 MB). Loaded Objects now: 6193.
Memory consumption went from 166.5 MB to 165.6 MB.
Total: 4.863400 ms (FindLiveObjects: 0.592100 ms CreateObjectMapping: 0.340100 ms MarkObjects: 3.385300 ms  DeleteObjects: 0.544600 ms)

AssetImportParameters requested are different than current active one (requested -> active):
  custom:video-decoder-ogg-theora: a1e56fd34408186e4bbccfd4996cb3dc -> 
  custom:container-muxer-webm: aa71ff27fc2769a1b78a27578f13a17b -> 
  custom:container-demuxer-webm: 4f35f7cbe854078d1ac9338744f61a02 -> 
  custom:video-encoder-webm-vp8: eb34c28f22e8b96e1ab97ce403110664 -> 
  custom:audio-encoder-webm-vorbis: bf7c407c2cedff20999df2af8eb42d56 -> 
  custom:framework-win-MediaFoundation: 216162199b28c13a410421893ffa2e32 -> 
  custom:SearchIndexIgnoredProperties: e643bd26f0fe6173181afceb89e7c659 -> 
  custom:container-demuxer-ogg: 62fdf1f143b41e24485cea50d1cbac27 -> 
  custom:video-decoder-webm-vp8: 9c59270c3fd7afecdb556c50c9e8de78 -> 
  custom:audio-decoder-ogg-vorbis: bf7c407c2cedff20999df2af8eb42d56 -> 
========================================================================
Received Prepare
Registering precompiled user dll's ...
Registered in 0.010107 seconds.
Begin MonoManager ReloadAssembly
Symbol file LoadedFromMemory doesn't match image C:\Users\Hadi\RunGun\Library\PackageCache\com.unity.visualscripting@1.7.8\Editor\VisualScripting.Core\Dependencies\YamlDotNet\Unity.VisualScripting.YamlDotNet.dll
Symbol file LoadedFromMemory doesn't match image C:\Users\Hadi\RunGun\Library\PackageCache\com.unity.visualscripting@1.7.8\Editor\VisualScripting.Core\Dependencies\DotNetZip\Unity.VisualScripting.IonicZip.dll
Native extension for UWP target not found
Native extension for WindowsStandalone target not found
Native extension for WebGL target not found
Refreshing native plugins compatible for Editor in 1.00 ms, found 4 plugins.
Preloading 0 native plugins for Editor in 0.00 ms.
Mono: successfully reloaded assembly
- Completed reload, in  1.926 seconds
Domain Reload Profiling:
	ReloadAssembly (1927ms)
		BeginReloadAssembly (196ms)
			ExecutionOrderSort (0ms)
			DisableScriptedObjects (9ms)
			BackupInstance (0ms)
			ReleaseScriptingObjects (0ms)
			CreateAndSetChildDomain (49ms)
		EndReloadAssembly (1556ms)
			LoadAssemblies (155ms)
			RebuildTransferFunctionScriptingTraits (0ms)
			SetupTypeCache (417ms)
			ReleaseScriptCaches (2ms)
			RebuildScriptCaches (88ms)
			SetupLoadedEditorAssemblies (778ms)
				LogAssemblyErrors (0ms)
				InitializePlatformSupportModulesInManaged (28ms)
				SetLoadedEditorAssemblies (1ms)
				RefreshPlugins (1ms)
				BeforeProcessingInitializeOnLoad (152ms)
				ProcessInitializeOnLoadAttributes (503ms)
				ProcessInitializeOnLoadMethodAttributes (77ms)
				AfterProcessingInitializeOnLoad (16ms)
				EditorAssembliesLoaded (0ms)
			ExecutionOrderSort2 (0ms)
			AwakeInstancesAfterBackupRestoration (17ms)
Platform modules already initialized, skipping
Refreshing native plugins compatible for Editor in 3.41 ms, found 4 plugins.
Preloading 0 native plugins for Editor in 0.00 ms.
Unloading 4224 Unused Serialized files (Serialized files now loaded: 0)
Unloading 46 unused Assets / (0.9 MB). Loaded Objects now: 6208.
Memory consumption went from 166.6 MB to 165.6 MB.
Total: 8.009800 ms (FindLiveObjects: 0.737400 ms CreateObjectMapping: 0.523900 ms MarkObjects: 6.124700 ms  DeleteObjects: 0.622300 ms)

AssetImportParameters requested are different than current active one (requested -> active):
  custom:video-decoder-ogg-theora: a1e56fd34408186e4bbccfd4996cb3dc -> 
  custom:container-muxer-webm: aa71ff27fc2769a1b78a27578f13a17b -> 
  custom:container-demuxer-webm: 4f35f7cbe854078d1ac9338744f61a02 -> 
  custom:video-encoder-webm-vp8: eb34c28f22e8b96e1ab97ce403110664 -> 
  custom:audio-encoder-webm-vorbis: bf7c407c2cedff20999df2af8eb42d56 -> 
  custom:framework-win-MediaFoundation: 216162199b28c13a410421893ffa2e32 -> 
  custom:SearchIndexIgnoredProperties: e643bd26f0fe6173181afceb89e7c659 -> 
  custom:container-demuxer-ogg: 62fdf1f143b41e24485cea50d1cbac27 -> 
  custom:video-decoder-webm-vp8: 9c59270c3fd7afecdb556c50c9e8de78 -> 
  custom:audio-decoder-ogg-vorbis: bf7c407c2cedff20999df2af8eb42d56 -> 
========================================================================
Received Prepare
Registering precompiled user dll's ...
Registered in 0.010459 seconds.
Begin MonoManager ReloadAssembly
Symbol file LoadedFromMemory doesn't match image C:\Users\Hadi\RunGun\Library\PackageCache\com.unity.visualscripting@1.7.8\Editor\VisualScripting.Core\Dependencies\YamlDotNet\Unity.VisualScripting.YamlDotNet.dll
Symbol file LoadedFromMemory doesn't match image C:\Users\Hadi\RunGun\Library\PackageCache\com.unity.visualscripting@1.7.8\Editor\VisualScripting.Core\Dependencies\DotNetZip\Unity.VisualScripting.IonicZip.dll
Native extension for UWP target not found
Native extension for WindowsStandalone target not found
Native extension for WebGL target not found
Refreshing native plugins compatible for Editor in 2.55 ms, found 4 plugins.
Preloading 0 native plugins for Editor in 0.00 ms.
Mono: successfully reloaded assembly
- Completed reload, in  1.848 seconds
Domain Reload Profiling:
	ReloadAssembly (1850ms)
		BeginReloadAssembly (176ms)
			ExecutionOrderSort (0ms)
			DisableScriptedObjects (10ms)
			BackupInstance (0ms)
			ReleaseScriptingObjects (0ms)
			CreateAndSetChildDomain (49ms)
		EndReloadAssembly (1525ms)
			LoadAssemblies (123ms)
			RebuildTransferFunctionScriptingTraits (0ms)
			SetupTypeCache (421ms)
			ReleaseScriptCaches (2ms)
			RebuildScriptCaches (72ms)
			SetupLoadedEditorAssemblies (776ms)
				LogAssemblyErrors (0ms)
				InitializePlatformSupportModulesInManaged (33ms)
				SetLoadedEditorAssemblies (1ms)
				RefreshPlugins (3ms)
				BeforeProcessingInitializeOnLoad (153ms)
				ProcessInitializeOnLoadAttributes (484ms)
				ProcessInitializeOnLoadMethodAttributes (85ms)
				AfterProcessingInitializeOnLoad (17ms)
				EditorAssembliesLoaded (1ms)
			ExecutionOrderSort2 (0ms)
			AwakeInstancesAfterBackupRestoration (17ms)
Platform modules already initialized, skipping
Refreshing native plugins compatible for Editor in 5.71 ms, found 4 plugins.
Preloading 0 native plugins for Editor in 0.00 ms.
Unloading 4224 Unused Serialized files (Serialized files now loaded: 0)
Unloading 46 unused Assets / (0.9 MB). Loaded Objects now: 6223.
Memory consumption went from 166.6 MB to 165.6 MB.
Total: 8.129700 ms (FindLiveObjects: 0.647700 ms CreateObjectMapping: 0.332300 ms MarkObjects: 6.593700 ms  DeleteObjects: 0.554500 ms)

AssetImportParameters requested are different than current active one (requested -> active):
  custom:video-decoder-ogg-theora: a1e56fd34408186e4bbccfd4996cb3dc -> 
  custom:container-muxer-webm: aa71ff27fc2769a1b78a27578f13a17b -> 
  custom:container-demuxer-webm: 4f35f7cbe854078d1ac9338744f61a02 -> 
  custom:video-encoder-webm-vp8: eb34c28f22e8b96e1ab97ce403110664 -> 
  custom:audio-encoder-webm-vorbis: bf7c407c2cedff20999df2af8eb42d56 -> 
  custom:framework-win-MediaFoundation: 216162199b28c13a410421893ffa2e32 -> 
  custom:SearchIndexIgnoredProperties: e643bd26f0fe6173181afceb89e7c659 -> 
  custom:container-demuxer-ogg: 62fdf1f143b41e24485cea50d1cbac27 -> 
  custom:video-decoder-webm-vp8: 9c59270c3fd7afecdb556c50c9e8de78 -> 
  custom:audio-decoder-ogg-vorbis: bf7c407c2cedff20999df2af8eb42d56 -> 
========================================================================
Received Prepare
Registering precompiled user dll's ...
Registered in 0.009341 seconds.
Begin MonoManager ReloadAssembly
Symbol file LoadedFromMemory doesn't match image C:\Users\Hadi\RunGun\Library\PackageCache\com.unity.visualscripting@1.7.8\Editor\VisualScripting.Core\Dependencies\YamlDotNet\Unity.VisualScripting.YamlDotNet.dll
Symbol file LoadedFromMemory doesn't match image C:\Users\Hadi\RunGun\Library\PackageCache\com.unity.visualscripting@1.7.8\Editor\VisualScripting.Core\Dependencies\DotNetZip\Unity.VisualScripting.IonicZip.dll
Native extension for UWP target not found
Native extension for WindowsStandalone target not found
Native extension for WebGL target not found
Refreshing native plugins compatible for Editor in 1.35 ms, found 4 plugins.
Preloading 0 native plugins for Editor in 0.00 ms.
Mono: successfully reloaded assembly
- Completed reload, in  1.789 seconds
Domain Reload Profiling:
	ReloadAssembly (1790ms)
		BeginReloadAssembly (188ms)
			ExecutionOrderSort (0ms)
			DisableScriptedObjects (14ms)
			BackupInstance (0ms)
			ReleaseScriptingObjects (0ms)
			CreateAndSetChildDomain (48ms)
		EndReloadAssembly (1465ms)
			LoadAssemblies (140ms)
			RebuildTransferFunctionScriptingTraits (0ms)
			SetupTypeCache (380ms)
			ReleaseScriptCaches (3ms)
			RebuildScriptCaches (93ms)
			SetupLoadedEditorAssemblies (749ms)
				LogAssemblyErrors (0ms)
				InitializePlatformSupportModulesInManaged (37ms)
				SetLoadedEditorAssemblies (1ms)
				RefreshPlugins (1ms)
				BeforeProcessingInitializeOnLoad (158ms)
				ProcessInitializeOnLoadAttributes (464ms)
				ProcessInitializeOnLoadMethodAttributes (70ms)
				AfterProcessingInitializeOnLoad (17ms)
				EditorAssembliesLoaded (1ms)
			ExecutionOrderSort2 (0ms)
			AwakeInstancesAfterBackupRestoration (18ms)
Platform modules already initialized, skipping
Refreshing native plugins compatible for Editor in 5.17 ms, found 4 plugins.
Preloading 0 native plugins for Editor in 0.00 ms.
Unloading 4224 Unused Serialized files (Serialized files now loaded: 0)
Unloading 46 unused Assets / (0.9 MB). Loaded Objects now: 6238.
Memory consumption went from 166.6 MB to 165.6 MB.
Total: 197.933800 ms (FindLiveObjects: 1.341600 ms CreateObjectMapping: 151.759100 ms MarkObjects: 44.200400 ms  DeleteObjects: 0.631300 ms)

AssetImportParameters requested are different than current active one (requested -> active):
  custom:video-decoder-ogg-theora: a1e56fd34408186e4bbccfd4996cb3dc -> 
  custom:container-muxer-webm: aa71ff27fc2769a1b78a27578f13a17b -> 
  custom:container-demuxer-webm: 4f35f7cbe854078d1ac9338744f61a02 -> 
  custom:video-encoder-webm-vp8: eb34c28f22e8b96e1ab97ce403110664 -> 
  custom:audio-encoder-webm-vorbis: bf7c407c2cedff20999df2af8eb42d56 -> 
  custom:framework-win-MediaFoundation: 216162199b28c13a410421893ffa2e32 -> 
  custom:SearchIndexIgnoredProperties: e643bd26f0fe6173181afceb89e7c659 -> 
  custom:container-demuxer-ogg: 62fdf1f143b41e24485cea50d1cbac27 -> 
  custom:video-decoder-webm-vp8: 9c59270c3fd7afecdb556c50c9e8de78 -> 
  custom:audio-decoder-ogg-vorbis: bf7c407c2cedff20999df2af8eb42d56 -> 
========================================================================
Received Prepare
Registering precompiled user dll's ...
Registered in 0.009377 seconds.
Begin MonoManager ReloadAssembly
Symbol file LoadedFromMemory doesn't match image C:\Users\Hadi\RunGun\Library\PackageCache\com.unity.visualscripting@1.7.8\Editor\VisualScripting.Core\Dependencies\YamlDotNet\Unity.VisualScripting.YamlDotNet.dll
Symbol file LoadedFromMemory doesn't match image C:\Users\Hadi\RunGun\Library\PackageCache\com.unity.visualscripting@1.7.8\Editor\VisualScripting.Core\Dependencies\DotNetZip\Unity.VisualScripting.IonicZip.dll
Native extension for UWP target not found
Native extension for WindowsStandalone target not found
Native extension for WebGL target not found
Refreshing native plugins compatible for Editor in 1.08 ms, found 4 plugins.
Preloading 0 native plugins for Editor in 0.00 ms.
Mono: successfully reloaded assembly
- Completed reload, in  1.904 seconds
Domain Reload Profiling:
	ReloadAssembly (1905ms)
		BeginReloadAssembly (176ms)
			ExecutionOrderSort (0ms)
			DisableScriptedObjects (9ms)
			BackupInstance (0ms)
			ReleaseScriptingObjects (0ms)
			CreateAndSetChildDomain (44ms)
		EndReloadAssembly (1582ms)
			LoadAssemblies (131ms)
			RebuildTransferFunctionScriptingTraits (0ms)
			SetupTypeCache (409ms)
			ReleaseScriptCaches (2ms)
			RebuildScriptCaches (95ms)
			SetupLoadedEditorAssemblies (826ms)
				LogAssemblyErrors (0ms)
				InitializePlatformSupportModulesInManaged (28ms)
				SetLoadedEditorAssemblies (1ms)
				RefreshPlugins (1ms)
				BeforeProcessingInitializeOnLoad (147ms)
				ProcessInitializeOnLoadAttributes (529ms)
				ProcessInitializeOnLoadMethodAttributes (104ms)
				AfterProcessingInitializeOnLoad (15ms)
				EditorAssembliesLoaded (0ms)
			ExecutionOrderSort2 (0ms)
			AwakeInstancesAfterBackupRestoration (16ms)
Platform modules already initialized, skipping
Refreshing native plugins compatible for Editor in 7.09 ms, found 4 plugins.
Preloading 0 native plugins for Editor in 0.00 ms.
Unloading 4224 Unused Serialized files (Serialized files now loaded: 0)
Unloading 46 unused Assets / (0.9 MB). Loaded Objects now: 6253.
Memory consumption went from 166.6 MB to 165.7 MB.
Total: 14.184400 ms (FindLiveObjects: 0.685200 ms CreateObjectMapping: 0.403300 ms MarkObjects: 11.971400 ms  DeleteObjects: 1.123000 ms)

AssetImportParameters requested are different than current active one (requested -> active):
  custom:video-decoder-ogg-theora: a1e56fd34408186e4bbccfd4996cb3dc -> 
  custom:container-muxer-webm: aa71ff27fc2769a1b78a27578f13a17b -> 
  custom:container-demuxer-webm: 4f35f7cbe854078d1ac9338744f61a02 -> 
  custom:video-encoder-webm-vp8: eb34c28f22e8b96e1ab97ce403110664 -> 
  custom:audio-encoder-webm-vorbis: bf7c407c2cedff20999df2af8eb42d56 -> 
  custom:framework-win-MediaFoundation: 216162199b28c13a410421893ffa2e32 -> 
  custom:SearchIndexIgnoredProperties: e643bd26f0fe6173181afceb89e7c659 -> 
  custom:container-demuxer-ogg: 62fdf1f143b41e24485cea50d1cbac27 -> 
  custom:video-decoder-webm-vp8: 9c59270c3fd7afecdb556c50c9e8de78 -> 
  custom:audio-decoder-ogg-vorbis: bf7c407c2cedff20999df2af8eb42d56 -> 
========================================================================
Received Import Request.
  Time since last request: 507.118718 seconds.
  path: Assets/Prefab/Player Bullet.prefab
  artifactKey: Guid(a8d185e77f6452c4ca615a91a0f8dfa9) Importer(815301076,1909f56bfc062723c751e8b465ee728b)
Start importing Assets/Prefab/Player Bullet.prefab using Guid(a8d185e77f6452c4ca615a91a0f8dfa9) Importer(815301076,1909f56bfc062723c751e8b465ee728b)  -> (artifact id: '2f4d43c9192f5555078fb50fcd881010') in 0.116404 seconds 
========================================================================
Received Prepare
Registering precompiled user dll's ...
Registered in 0.009737 seconds.
Begin MonoManager ReloadAssembly
Symbol file LoadedFromMemory doesn't match image C:\Users\Hadi\RunGun\Library\PackageCache\com.unity.visualscripting@1.7.8\Editor\VisualScripting.Core\Dependencies\YamlDotNet\Unity.VisualScripting.YamlDotNet.dll
Symbol file LoadedFromMemory doesn't match image C:\Users\Hadi\RunGun\Library\PackageCache\com.unity.visualscripting@1.7.8\Editor\VisualScripting.Core\Dependencies\DotNetZip\Unity.VisualScripting.IonicZip.dll
Native extension for UWP target not found
Native extension for WindowsStandalone target not found
Native extension for WebGL target not found
Refreshing native plugins compatible for Editor in 0.98 ms, found 4 plugins.
Preloading 0 native plugins for Editor in 0.00 ms.
Mono: successfully reloaded assembly
- Completed reload, in  1.773 seconds
Domain Reload Profiling:
	ReloadAssembly (1774ms)
		BeginReloadAssembly (196ms)
			ExecutionOrderSort (0ms)
			DisableScriptedObjects (10ms)
			BackupInstance (0ms)
			ReleaseScriptingObjects (0ms)
			CreateAndSetChildDomain (49ms)
		EndReloadAssembly (1437ms)
			LoadAssemblies (155ms)
			RebuildTransferFunctionScriptingTraits (0ms)
			SetupTypeCache (372ms)
			ReleaseScriptCaches (3ms)
			RebuildScriptCaches (84ms)
			SetupLoadedEditorAssemblies (737ms)
				LogAssemblyErrors (0ms)
				InitializePlatformSupportModulesInManaged (20ms)
				SetLoadedEditorAssemblies (1ms)
				RefreshPlugins (1ms)
				BeforeProcessingInitializeOnLoad (131ms)
				ProcessInitializeOnLoadAttributes (492ms)
				ProcessInitializeOnLoadMethodAttributes (80ms)
				AfterProcessingInitializeOnLoad (12ms)
				EditorAssembliesLoaded (0ms)
			ExecutionOrderSort2 (0ms)
			AwakeInstancesAfterBackupRestoration (21ms)
Platform modules already initialized, skipping
Refreshing native plugins compatible for Editor in 4.79 ms, found 4 plugins.
Preloading 0 native plugins for Editor in 0.00 ms.
Unloading 4224 Unused Serialized files (Serialized files now loaded: 0)
Unloading 46 unused Assets / (0.9 MB). Loaded Objects now: 6268.
Memory consumption went from 166.6 MB to 165.7 MB.
Total: 5.649100 ms (FindLiveObjects: 0.948900 ms CreateObjectMapping: 0.540900 ms MarkObjects: 3.560800 ms  DeleteObjects: 0.596800 ms)

AssetImportParameters requested are different than current active one (requested -> active):
  custom:video-decoder-ogg-theora: a1e56fd34408186e4bbccfd4996cb3dc -> 
  custom:container-muxer-webm: aa71ff27fc2769a1b78a27578f13a17b -> 
  custom:container-demuxer-webm: 4f35f7cbe854078d1ac9338744f61a02 -> 
  custom:video-encoder-webm-vp8: eb34c28f22e8b96e1ab97ce403110664 -> 
  custom:audio-encoder-webm-vorbis: bf7c407c2cedff20999df2af8eb42d56 -> 
  custom:framework-win-MediaFoundation: 216162199b28c13a410421893ffa2e32 -> 
  custom:SearchIndexIgnoredProperties: e643bd26f0fe6173181afceb89e7c659 -> 
  custom:container-demuxer-ogg: 62fdf1f143b41e24485cea50d1cbac27 -> 
  custom:video-decoder-webm-vp8: 9c59270c3fd7afecdb556c50c9e8de78 -> 
  custom:audio-decoder-ogg-vorbis: bf7c407c2cedff20999df2af8eb42d56 -> 
========================================================================
Received Prepare
Registering precompiled user dll's ...
Registered in 0.017320 seconds.
Begin MonoManager ReloadAssembly
Symbol file LoadedFromMemory doesn't match image C:\Users\Hadi\RunGun\Library\PackageCache\com.unity.visualscripting@1.7.8\Editor\VisualScripting.Core\Dependencies\YamlDotNet\Unity.VisualScripting.YamlDotNet.dll
Symbol file LoadedFromMemory doesn't match image C:\Users\Hadi\RunGun\Library\PackageCache\com.unity.visualscripting@1.7.8\Editor\VisualScripting.Core\Dependencies\DotNetZip\Unity.VisualScripting.IonicZip.dll
Native extension for UWP target not found
Native extension for WindowsStandalone target not found
Native extension for WebGL target not found
Refreshing native plugins compatible for Editor in 0.97 ms, found 4 plugins.
Preloading 0 native plugins for Editor in 0.00 ms.
Mono: successfully reloaded assembly
- Completed reload, in  1.867 seconds
Domain Reload Profiling:
	ReloadAssembly (1868ms)
		BeginReloadAssembly (218ms)
			ExecutionOrderSort (0ms)
			DisableScriptedObjects (12ms)
			BackupInstance (0ms)
			ReleaseScriptingObjects (0ms)
			CreateAndSetChildDomain (58ms)
		EndReloadAssembly (1489ms)
			LoadAssemblies (160ms)
			RebuildTransferFunctionScriptingTraits (0ms)
			SetupTypeCache (351ms)
			ReleaseScriptCaches (2ms)
			RebuildScriptCaches (91ms)
			SetupLoadedEditorAssemblies (796ms)
				LogAssemblyErrors (0ms)
				InitializePlatformSupportModulesInManaged (40ms)
				SetLoadedEditorAssemblies (1ms)
				RefreshPlugins (1ms)
				BeforeProcessingInitializeOnLoad (151ms)
				ProcessInitializeOnLoadAttributes (521ms)
				ProcessInitializeOnLoadMethodAttributes (67ms)
				AfterProcessingInitializeOnLoad (14ms)
				EditorAssembliesLoaded (1ms)
			ExecutionOrderSort2 (0ms)
			AwakeInstancesAfterBackupRestoration (16ms)
Platform modules already initialized, skipping
Refreshing native plugins compatible for Editor in 3.43 ms, found 4 plugins.
Preloading 0 native plugins for Editor in 0.00 ms.
Unloading 4224 Unused Serialized files (Serialized files now loaded: 0)
Unloading 46 unused Assets / (0.9 MB). Loaded Objects now: 6283.
Memory consumption went from 166.6 MB to 165.7 MB.
Total: 7.099900 ms (FindLiveObjects: 0.599200 ms CreateObjectMapping: 0.406300 ms MarkObjects: 4.815900 ms  DeleteObjects: 1.276100 ms)

AssetImportParameters requested are different than current active one (requested -> active):
  custom:video-decoder-ogg-theora: a1e56fd34408186e4bbccfd4996cb3dc -> 
  custom:container-muxer-webm: aa71ff27fc2769a1b78a27578f13a17b -> 
  custom:container-demuxer-webm: 4f35f7cbe854078d1ac9338744f61a02 -> 
  custom:video-encoder-webm-vp8: eb34c28f22e8b96e1ab97ce403110664 -> 
  custom:audio-encoder-webm-vorbis: bf7c407c2cedff20999df2af8eb42d56 -> 
  custom:framework-win-MediaFoundation: 216162199b28c13a410421893ffa2e32 -> 
  custom:SearchIndexIgnoredProperties: e643bd26f0fe6173181afceb89e7c659 -> 
  custom:container-demuxer-ogg: 62fdf1f143b41e24485cea50d1cbac27 -> 
  custom:video-decoder-webm-vp8: 9c59270c3fd7afecdb556c50c9e8de78 -> 
  custom:audio-decoder-ogg-vorbis: bf7c407c2cedff20999df2af8eb42d56 -> 
========================================================================
Received Prepare
Registering precompiled user dll's ...
Registered in 0.009802 seconds.
Begin MonoManager ReloadAssembly
Symbol file LoadedFromMemory doesn't match image C:\Users\Hadi\RunGun\Library\PackageCache\com.unity.visualscripting@1.7.8\Editor\VisualScripting.Core\Dependencies\YamlDotNet\Unity.VisualScripting.YamlDotNet.dll
Symbol file LoadedFromMemory doesn't match image C:\Users\Hadi\RunGun\Library\PackageCache\com.unity.visualscripting@1.7.8\Editor\VisualScripting.Core\Dependencies\DotNetZip\Unity.VisualScripting.IonicZip.dll
Native extension for UWP target not found
Native extension for WindowsStandalone target not found
Native extension for WebGL target not found
Refreshing native plugins compatible for Editor in 1.95 ms, found 4 plugins.
Preloading 0 native plugins for Editor in 0.00 ms.
Mono: successfully reloaded assembly
- Completed reload, in  2.586 seconds
Domain Reload Profiling:
	ReloadAssembly (2588ms)
		BeginReloadAssembly (182ms)
			ExecutionOrderSort (0ms)
			DisableScriptedObjects (10ms)
			BackupInstance (0ms)
			ReleaseScriptingObjects (0ms)
			CreateAndSetChildDomain (44ms)
		EndReloadAssembly (2262ms)
			LoadAssemblies (131ms)
			RebuildTransferFunctionScriptingTraits (0ms)
			SetupTypeCache (565ms)
			ReleaseScriptCaches (3ms)
			RebuildScriptCaches (160ms)
			SetupLoadedEditorAssemblies (1194ms)
				LogAssemblyErrors (0ms)
				InitializePlatformSupportModulesInManaged (63ms)
				SetLoadedEditorAssemblies (1ms)
				RefreshPlugins (2ms)
				BeforeProcessingInitializeOnLoad (218ms)
				ProcessInitializeOnLoadAttributes (764ms)
				ProcessInitializeOnLoadMethodAttributes (117ms)
				AfterProcessingInitializeOnLoad (28ms)
				EditorAssembliesLoaded (0ms)
			ExecutionOrderSort2 (0ms)
			AwakeInstancesAfterBackupRestoration (22ms)
Platform modules already initialized, skipping
Refreshing native plugins compatible for Editor in 5.12 ms, found 4 plugins.
Preloading 0 native plugins for Editor in 0.00 ms.
Unloading 4224 Unused Serialized files (Serialized files now loaded: 0)
Unloading 46 unused Assets / (0.9 MB). Loaded Objects now: 6298.
Memory consumption went from 166.7 MB to 165.7 MB.
Total: 15.777100 ms (FindLiveObjects: 2.548900 ms CreateObjectMapping: 1.058200 ms MarkObjects: 9.928700 ms  DeleteObjects: 2.240000 ms)

AssetImportParameters requested are different than current active one (requested -> active):
  custom:video-decoder-ogg-theora: a1e56fd34408186e4bbccfd4996cb3dc -> 
  custom:container-muxer-webm: aa71ff27fc2769a1b78a27578f13a17b -> 
  custom:container-demuxer-webm: 4f35f7cbe854078d1ac9338744f61a02 -> 
  custom:video-encoder-webm-vp8: eb34c28f22e8b96e1ab97ce403110664 -> 
  custom:audio-encoder-webm-vorbis: bf7c407c2cedff20999df2af8eb42d56 -> 
  custom:framework-win-MediaFoundation: 216162199b28c13a410421893ffa2e32 -> 
  custom:SearchIndexIgnoredProperties: e643bd26f0fe6173181afceb89e7c659 -> 
  custom:container-demuxer-ogg: 62fdf1f143b41e24485cea50d1cbac27 -> 
  custom:video-decoder-webm-vp8: 9c59270c3fd7afecdb556c50c9e8de78 -> 
  custom:audio-decoder-ogg-vorbis: bf7c407c2cedff20999df2af8eb42d56 -> 
========================================================================
Received Import Request.
  Time since last request: 2430.913419 seconds.
  path: Assets/Prefab/Player Bullet.prefab
  artifactKey: Guid(a8d185e77f6452c4ca615a91a0f8dfa9) Importer(815301076,1909f56bfc062723c751e8b465ee728b)
Start importing Assets/Prefab/Player Bullet.prefab using Guid(a8d185e77f6452c4ca615a91a0f8dfa9) Importer(815301076,1909f56bfc062723c751e8b465ee728b)  -> (artifact id: '1df009338132def0473f999ad9c85900') in 0.131915 seconds 
========================================================================
Received Import Request.
  Time since last request: 12.251540 seconds.
  path: Assets/Prefab/Player Bullet.prefab
  artifactKey: Guid(a8d185e77f6452c4ca615a91a0f8dfa9) Importer(815301076,1909f56bfc062723c751e8b465ee728b)
Start importing Assets/Prefab/Player Bullet.prefab using Guid(a8d185e77f6452c4ca615a91a0f8dfa9) Importer(815301076,1909f56bfc062723c751e8b465ee728b)  -> (artifact id: '22251edd9363782a4d3e776e3812c490') in 0.028090 seconds 
========================================================================
Received Prepare
Registering precompiled user dll's ...
Registered in 0.010155 seconds.
Begin MonoManager ReloadAssembly
Symbol file LoadedFromMemory doesn't match image C:\Users\Hadi\RunGun\Library\PackageCache\com.unity.visualscripting@1.7.8\Editor\VisualScripting.Core\Dependencies\YamlDotNet\Unity.VisualScripting.YamlDotNet.dll
Symbol file LoadedFromMemory doesn't match image C:\Users\Hadi\RunGun\Library\PackageCache\com.unity.visualscripting@1.7.8\Editor\VisualScripting.Core\Dependencies\DotNetZip\Unity.VisualScripting.IonicZip.dll
Native extension for UWP target not found
Native extension for WindowsStandalone target not found
Native extension for WebGL target not found
Refreshing native plugins compatible for Editor in 2.54 ms, found 4 plugins.
Preloading 0 native plugins for Editor in 0.00 ms.
Mono: successfully reloaded assembly
- Completed reload, in  1.921 seconds
Domain Reload Profiling:
	ReloadAssembly (1922ms)
		BeginReloadAssembly (182ms)
			ExecutionOrderSort (0ms)
			DisableScriptedObjects (9ms)
			BackupInstance (0ms)
			ReleaseScriptingObjects (0ms)
			CreateAndSetChildDomain (48ms)
		EndReloadAssembly (1591ms)
			LoadAssemblies (175ms)
			RebuildTransferFunctionScriptingTraits (0ms)
			SetupTypeCache (390ms)
			ReleaseScriptCaches (4ms)
			RebuildScriptCaches (106ms)
			SetupLoadedEditorAssemblies (785ms)
				LogAssemblyErrors (0ms)
				InitializePlatformSupportModulesInManaged (29ms)
				SetLoadedEditorAssemblies (1ms)
				RefreshPlugins (3ms)
				BeforeProcessingInitializeOnLoad (160ms)
				ProcessInitializeOnLoadAttributes (498ms)
				ProcessInitializeOnLoadMethodAttributes (81ms)
				AfterProcessingInitializeOnLoad (14ms)
				EditorAssembliesLoaded (0ms)
			ExecutionOrderSort2 (0ms)
			AwakeInstancesAfterBackupRestoration (25ms)
Platform modules already initialized, skipping
Refreshing native plugins compatible for Editor in 4.89 ms, found 4 plugins.
Preloading 0 native plugins for Editor in 0.00 ms.
Unloading 4224 Unused Serialized files (Serialized files now loaded: 0)
Unloading 46 unused Assets / (0.9 MB). Loaded Objects now: 6313.
Memory consumption went from 166.7 MB to 165.7 MB.
Total: 6.404100 ms (FindLiveObjects: 0.767600 ms CreateObjectMapping: 0.754700 ms MarkObjects: 4.227000 ms  DeleteObjects: 0.653500 ms)

AssetImportParameters requested are different than current active one (requested -> active):
  custom:video-decoder-ogg-theora: a1e56fd34408186e4bbccfd4996cb3dc -> 
  custom:container-muxer-webm: aa71ff27fc2769a1b78a27578f13a17b -> 
  custom:container-demuxer-webm: 4f35f7cbe854078d1ac9338744f61a02 -> 
  custom:video-encoder-webm-vp8: eb34c28f22e8b96e1ab97ce403110664 -> 
  custom:audio-encoder-webm-vorbis: bf7c407c2cedff20999df2af8eb42d56 -> 
  custom:framework-win-MediaFoundation: 216162199b28c13a410421893ffa2e32 -> 
  custom:SearchIndexIgnoredProperties: e643bd26f0fe6173181afceb89e7c659 -> 
  custom:container-demuxer-ogg: 62fdf1f143b41e24485cea50d1cbac27 -> 
  custom:video-decoder-webm-vp8: 9c59270c3fd7afecdb556c50c9e8de78 -> 
  custom:audio-decoder-ogg-vorbis: bf7c407c2cedff20999df2af8eb42d56 -> 
========================================================================
Received Import Request.
  Time since last request: 136.254250 seconds.
  path: Assets/Scripts/Bullet.cs
  artifactKey: Guid(dea57468abc54834291fb5bad4e9f8ed) Importer(815301076,1909f56bfc062723c751e8b465ee728b)
Start importing Assets/Scripts/Bullet.cs using Guid(dea57468abc54834291fb5bad4e9f8ed) Importer(815301076,1909f56bfc062723c751e8b465ee728b)  -> (artifact id: '48325937507b8549aef70b3363331a4e') in 0.087973 seconds 
========================================================================
Received Prepare
Registering precompiled user dll's ...
Registered in 0.010200 seconds.
Begin MonoManager ReloadAssembly
Symbol file LoadedFromMemory doesn't match image C:\Users\Hadi\RunGun\Library\PackageCache\com.unity.visualscripting@1.7.8\Editor\VisualScripting.Core\Dependencies\YamlDotNet\Unity.VisualScripting.YamlDotNet.dll
Symbol file LoadedFromMemory doesn't match image C:\Users\Hadi\RunGun\Library\PackageCache\com.unity.visualscripting@1.7.8\Editor\VisualScripting.Core\Dependencies\DotNetZip\Unity.VisualScripting.IonicZip.dll
Native extension for UWP target not found
Native extension for WindowsStandalone target not found
Native extension for WebGL target not found
Refreshing native plugins compatible for Editor in 0.96 ms, found 4 plugins.
Preloading 0 native plugins for Editor in 0.00 ms.
Mono: successfully reloaded assembly
- Completed reload, in  3.168 seconds
Domain Reload Profiling:
	ReloadAssembly (3170ms)
		BeginReloadAssembly (247ms)
			ExecutionOrderSort (0ms)
			DisableScriptedObjects (17ms)
			BackupInstance (0ms)
			ReleaseScriptingObjects (0ms)
			CreateAndSetChildDomain (47ms)
		EndReloadAssembly (2648ms)
			LoadAssemblies (212ms)
			RebuildTransferFunctionScriptingTraits (0ms)
			SetupTypeCache (833ms)
			ReleaseScriptCaches (3ms)
			RebuildScriptCaches (205ms)
			SetupLoadedEditorAssemblies (1191ms)
				LogAssemblyErrors (0ms)
				InitializePlatformSupportModulesInManaged (37ms)
				SetLoadedEditorAssemblies (1ms)
				RefreshPlugins (1ms)
				BeforeProcessingInitializeOnLoad (279ms)
				ProcessInitializeOnLoadAttributes (734ms)
				ProcessInitializeOnLoadMethodAttributes (99ms)
				AfterProcessingInitializeOnLoad (39ms)
				EditorAssembliesLoaded (1ms)
			ExecutionOrderSort2 (0ms)
			AwakeInstancesAfterBackupRestoration (49ms)
Platform modules already initialized, skipping
Refreshing native plugins compatible for Editor in 3.83 ms, found 4 plugins.
Preloading 0 native plugins for Editor in 0.00 ms.
Unloading 4224 Unused Serialized files (Serialized files now loaded: 0)
Unloading 46 unused Assets / (0.9 MB). Loaded Objects now: 6328.
Memory consumption went from 166.7 MB to 165.8 MB.
Total: 30.491500 ms (FindLiveObjects: 1.515200 ms CreateObjectMapping: 8.982700 ms MarkObjects: 18.481500 ms  DeleteObjects: 1.509300 ms)

AssetImportParameters requested are different than current active one (requested -> active):
  custom:video-decoder-ogg-theora: a1e56fd34408186e4bbccfd4996cb3dc -> 
  custom:container-muxer-webm: aa71ff27fc2769a1b78a27578f13a17b -> 
  custom:container-demuxer-webm: 4f35f7cbe854078d1ac9338744f61a02 -> 
  custom:video-encoder-webm-vp8: eb34c28f22e8b96e1ab97ce403110664 -> 
  custom:audio-encoder-webm-vorbis: bf7c407c2cedff20999df2af8eb42d56 -> 
  custom:framework-win-MediaFoundation: 216162199b28c13a410421893ffa2e32 -> 
  custom:SearchIndexIgnoredProperties: e643bd26f0fe6173181afceb89e7c659 -> 
  custom:container-demuxer-ogg: 62fdf1f143b41e24485cea50d1cbac27 -> 
  custom:video-decoder-webm-vp8: 9c59270c3fd7afecdb556c50c9e8de78 -> 
  custom:audio-decoder-ogg-vorbis: bf7c407c2cedff20999df2af8eb42d56 -> 
========================================================================
Received Prepare
Registering precompiled user dll's ...
Registered in 0.010289 seconds.
Begin MonoManager ReloadAssembly
Symbol file LoadedFromMemory doesn't match image C:\Users\Hadi\RunGun\Library\PackageCache\com.unity.visualscripting@1.7.8\Editor\VisualScripting.Core\Dependencies\YamlDotNet\Unity.VisualScripting.YamlDotNet.dll
Symbol file LoadedFromMemory doesn't match image C:\Users\Hadi\RunGun\Library\PackageCache\com.unity.visualscripting@1.7.8\Editor\VisualScripting.Core\Dependencies\DotNetZip\Unity.VisualScripting.IonicZip.dll
Native extension for UWP target not found
Native extension for WindowsStandalone target not found
Native extension for WebGL target not found
Refreshing native plugins compatible for Editor in 1.22 ms, found 4 plugins.
Preloading 0 native plugins for Editor in 0.00 ms.
Mono: successfully reloaded assembly
- Completed reload, in  2.413 seconds
Domain Reload Profiling:
	ReloadAssembly (2415ms)
		BeginReloadAssembly (219ms)
			ExecutionOrderSort (0ms)
			DisableScriptedObjects (16ms)
			BackupInstance (0ms)
			ReleaseScriptingObjects (0ms)
			CreateAndSetChildDomain (71ms)
		EndReloadAssembly (2054ms)
			LoadAssemblies (127ms)
			RebuildTransferFunctionScriptingTraits (0ms)
			SetupTypeCache (581ms)
			ReleaseScriptCaches (5ms)
			RebuildScriptCaches (120ms)
			SetupLoadedEditorAssemblies (1054ms)
				LogAssemblyErrors (0ms)
				InitializePlatformSupportModulesInManaged (37ms)
				SetLoadedEditorAssemblies (1ms)
				RefreshPlugins (1ms)
				BeforeProcessingInitializeOnLoad (277ms)
				ProcessInitializeOnLoadAttributes (630ms)
				ProcessInitializeOnLoadMethodAttributes (94ms)
				AfterProcessingInitializeOnLoad (14ms)
				EditorAssembliesLoaded (0ms)
			ExecutionOrderSort2 (0ms)
			AwakeInstancesAfterBackupRestoration (24ms)
Platform modules already initialized, skipping
Callback registration failed. Increase kMaxCallback.
Fatal Error! Callback registration failed. Increase kMaxCallback.
Crash!!!
SymInit: Symbol-SearchPath: 'C:/Program Files/Unity/Hub/Editor/2021.3.16f1/Editor/Data/Mono;.;C:\Users\Hadi\RunGun;C:\Users\Hadi\RunGun\Library\BurstCache\JIT;C:\Program Files\Unity\Hub\Editor\2021.3.16f1\Editor;C:\Windows;C:\Windows\system32;', symOptions: 534, UserName: 'Hadi'
OS-Version: 10.0.0
C:\Program Files\Unity\Hub\Editor\2021.3.16f1\Editor\Unity.exe:Unity.exe (00007FF61DB10000), size: 73936896 (result: 0), SymType: '-deferred-', PDB: '', fileVersion: 2021.3.16.5719
C:\Windows\SYSTEM32\ntdll.dll:ntdll.dll (00007FFAFA730000), size: 2064384 (result: 0), SymType: '-deferred-', PDB: '', fileVersion: 10.0.19041.2788
C:\Windows\System32\KERNEL32.DLL:KERNEL32.DLL (00007FFAF91D0000), size: 782336 (result: 0), SymType: '-deferred-', PDB: '', fileVersion: 10.0.19041.2788
C:\Windows\System32\KERNELBASE.dll:KERNELBASE.dll (00007FFAF8170000), size: 2990080 (result: 0), SymType: '-deferred-', PDB: '', fileVersion: 10.0.19041.2788
C:\Windows\System32\CRYPT32.dll:CRYPT32.dll (00007FFAF85A0000), size: 1400832 (result: 0), SymType: '-deferred-', PDB: '', fileVersion: 10.0.19041.2486
C:\Windows\System32\ucrtbase.dll:ucrtbase.dll (00007FFAF7FF0000), size: 1048576 (result: 0), SymType: '-deferred-', PDB: '', fileVersion: 10.0.19041.789
C:\Windows\System32\USER32.dll:USER32.dll (00007FFAF8790000), size: 1691648 (result: 0), SymType: '-deferred-', PDB: '', fileVersion: 10.0.19041.2788
C:\Windows\System32\win32u.dll:win32u.dll (00007FFAF8140000), size: 139264 (result: 0), SymType: '-deferred-', PDB: '', fileVersion: 10.0.19041.2846
C:\Windows\System32\GDI32.dll:GDI32.dll (00007FFAFA650000), size: 176128 (result: 0), SymType: '-deferred-', PDB: '', fileVersion: 10.0.19041.2130
C:\Windows\System32\gdi32full.dll:gdi32full.dll (00007FFAF7E40000), size: 1114112 (result: 0), SymType: '-deferred-', PDB: '', fileVersion: 10.0.19041.2788
C:\Windows\System32\msvcp_win.dll:msvcp_win.dll (00007FFAF8500000), size: 643072 (result: 0), SymType: '-deferred-', PDB: '', fileVersion: 10.0.19041.789
C:\Windows\System32\ADVAPI32.dll:ADVAPI32.dll (00007FFAFA1E0000), size: 712704 (result: 0), SymType: '-deferred-', PDB: '', fileVersion: 10.0.19041.2130
C:\Windows\System32\msvcrt.dll:msvcrt.dll (00007FFAF9130000), size: 647168 (result: 0), SymType: '-deferred-', PDB: '', fileVersion: 7.0.19041.546
C:\Windows\System32\sechost.dll:sechost.dll (00007FFAFA5B0000), size: 638976 (result: 0), SymType: '-deferred-', PDB: '', fileVersion: 10.0.19041.2846
C:\Windows\System32\RPCRT4.dll:RPCRT4.dll (00007FFAFA0B0000), size: 1204224 (result: 0), SymType: '-deferred-', PDB: '', fileVersion: 10.0.19041.2846
C:\Program Files\Unity\Hub\Editor\2021.3.16f1\Editor\optix.6.0.0.dll:optix.6.0.0.dll (00007FFAEFAB0000), size: 208896 (result: 0), SymType: '-deferred-', PDB: '', fileVersion: 6.0.0.0
C:\Windows\System32\SHELL32.dll:SHELL32.dll (00007FFAF8930000), size: 7618560 (result: 0), SymType: '-deferred-', PDB: '', fileVersion: 10.0.19041.2788
C:\Windows\System32\SHLWAPI.dll:SHLWAPI.dll (00007FFAFA690000), size: 348160 (result: 0), SymType: '-deferred-', PDB: '', fileVersion: 10.0.19041.2075
C:\Windows\System32\ole32.dll:ole32.dll (00007FFAFA390000), size: 1220608 (result: 0), SymType: '-deferred-', PDB: '', fileVersion: 10.0.19041.1202
C:\Windows\System32\combase.dll:combase.dll (00007FFAF9C90000), size: 3489792 (result: 0), SymType: '-deferred-', PDB: '', fileVersion: 10.0.19041.2788
C:\Windows\System32\IMM32.dll:IMM32.dll (00007FFAFA290000), size: 196608 (result: 0), SymType: '-deferred-', PDB: '', fileVersion: 10.0.19041.2673
C:\Windows\System32\SETUPAPI.dll:SETUPAPI.dll (00007FFAF95B0000), size: 4620288 (result: 0), SymType: '-deferred-', PDB: '', fileVersion: 10.0.19041.2193
C:\Program Files\Unity\Hub\Editor\2021.3.16f1\Editor\s3tcompress.dll:s3tcompress.dll (00007FFAEFA80000), size: 180224 (result: 0), SymType: '-deferred-', PDB: ''
C:\Windows\System32\cfgmgr32.dll:cfgmgr32.dll (00007FFAF80F0000), size: 319488 (result: 0), SymType: '-deferred-', PDB: '', fileVersion: 10.0.19041.1620
C:\Program Files\Unity\Hub\Editor\2021.3.16f1\Editor\etccompress.dll:etccompress.dll (00007FFAA6510000), size: 5066752 (result: 0), SymType: '-deferred-', PDB: ''
C:\Windows\System32\bcrypt.dll:bcrypt.dll (00007FFAF7FC0000), size: 159744 (result: 0), SymType: '-deferred-', PDB: '', fileVersion: 10.0.19041.2486
C:\Program Files\Unity\Hub\Editor\2021.3.16f1\Editor\ispc_texcomp.dll:ispc_texcomp.dll (00007FFAB2720000), size: 1740800 (result: 0), SymType: '-deferred-', PDB: ''
C:\Program Files\Unity\Hub\Editor\2021.3.16f1\Editor\compress_bc7e.dll:compress_bc7e.dll (00007FFAB1CD0000), size: 1441792 (result: 0), SymType: '-deferred-', PDB: ''
C:\Windows\System32\WS2_32.dll:WS2_32.dll (00007FFAF9340000), size: 438272 (result: 0), SymType: '-deferred-', PDB: '', fileVersion: 10.0.19041.546
C:\Program Files\Unity\Hub\Editor\2021.3.16f1\Editor\FreeImage.dll:FreeImage.dll (0000000180000000), size: 6582272 (result: 0), SymType: '-deferred-', PDB: '', fileVersion: 3.18.0.0
C:\Windows\System32\OLEAUT32.dll:OLEAUT32.dll (00007FFAFA2C0000), size: 839680 (result: 0), SymType: '-deferred-', PDB: '', fileVersion: 10.0.19041.985
C:\Program Files\Unity\Hub\Editor\2021.3.16f1\Editor\OpenImageDenoise.dll:OpenImageDenoise.dll (00007FFA88990000), size: 48848896 (result: 0), SymType: '-deferred-', PDB: '', fileVersion: 1.4.2.0
C:\Windows\System32\WINTRUST.dll:WINTRUST.dll (00007FFAF7F50000), size: 421888 (result: 0), SymType: '-deferred-', PDB: '', fileVersion: 10.0.19041.2788
C:\Program Files\Unity\Hub\Editor\2021.3.16f1\Editor\WinPixEventRuntime.dll:WinPixEventRuntime.dll (00007FFAF54A0000), size: 45056 (result: 0), SymType: '-deferred-', PDB: '', fileVersion: 1.0.1812.6001
C:\Program Files\Unity\Hub\Editor\2021.3.16f1\Editor\umbraoptimizer64.dll:umbraoptimizer64.dll (00007FFAB9ED0000), size: 1187840 (result: 0), SymType: '-deferred-', PDB: ''
C:\Program Files\Unity\Hub\Editor\2021.3.16f1\Editor\libfbxsdk.dll:libfbxsdk.dll (00007FFAA6D40000), size: 10215424 (result: 0), SymType: '-deferred-', PDB: '', fileVersion: 2020.2.0.0
C:\Windows\SYSTEM32\OPENGL32.dll:OPENGL32.dll (00007FFAD7280000), size: 1200128 (result: 0), SymType: '-deferred-', PDB: '', fileVersion: 10.0.19041.2193
C:\Windows\SYSTEM32\GLU32.dll:GLU32.dll (00007FFAD7150000), size: 180224 (result: 0), SymType: '-deferred-', PDB: '', fileVersion: 10.0.19041.2193
C:\Windows\SYSTEM32\IPHLPAPI.DLL:IPHLPAPI.DLL (00007FFAF72A0000), size: 245760 (result: 0), SymType: '-deferred-', PDB: '', fileVersion: 10.0.19041.2788
C:\Windows\SYSTEM32\WINHTTP.dll:WINHTTP.dll (00007FFAE99D0000), size: 1089536 (result: 0), SymType: '-deferred-', PDB: '', fileVersion: 10.0.19041.2673
C:\Windows\SYSTEM32\HID.DLL:HID.DLL (00007FFAF66A0000), size: 53248 (result: 0), SymType: '-deferred-', PDB: '', fileVersion: 10.0.19041.546
C:\Windows\SYSTEM32\WINMM.dll:WINMM.dll (00007FFAE6180000), size: 159744 (result: 0), SymType: '-deferred-', PDB: '', fileVersion: 10.0.19041.546
C:\Windows\SYSTEM32\dwmapi.dll:dwmapi.dll (00007FFAF5A10000), size: 192512 (result: 0), SymType: '-deferred-', PDB: '', fileVersion: 10.0.19041.746
C:\Program Files\Unity\Hub\Editor\2021.3.16f1\Editor\RadeonImageFilters.dll:RadeonImageFilters.dll (00007FFAAF4F0000), size: 2961408 (result: 0), SymType: '-deferred-', PDB: '', fileVersion: 1.7.0.0
C:\Program Files\Unity\Hub\Editor\2021.3.16f1\Editor\SketchUpAPI.dll:SketchUpAPI.dll (00007FFAA5C30000), size: 9306112 (result: 0), SymType: '-deferred-', PDB: '', fileVersion: 20.2.172.0
C:\Windows\SYSTEM32\VERSION.dll:VERSION.dll (00007FFAEF4B0000), size: 40960 (result: 0), SymType: '-deferred-', PDB: '', fileVersion: 10.0.19041.546
C:\Program Files\Unity\Hub\Editor\2021.3.16f1\Editor\tbb12.dll:tbb12.dll (00007FFAEFA10000), size: 434176 (result: 0), SymType: '-deferred-', PDB: ''
C:\Windows\SYSTEM32\MSVCP140.dll:MSVCP140.dll (00007FFADB450000), size: 598016 (result: 0), SymType: '-deferred-', PDB: '', fileVersion: 14.28.29325.2
C:\Windows\SYSTEM32\VCRUNTIME140.dll:VCRUNTIME140.dll (00007FFADB410000), size: 102400 (result: 0), SymType: '-deferred-', PDB: '', fileVersion: 14.28.29325.2
C:\Windows\SYSTEM32\WSOCK32.dll:WSOCK32.dll (00007FFAF5490000), size: 36864 (result: 0), SymType: '-deferred-', PDB: '', fileVersion: 10.0.19041.1
C:\Program Files\Unity\Hub\Editor\2021.3.16f1\Editor\RadeonML.dll:RadeonML.dll (00007FFAEF900000), size: 94208 (result: 0), SymType: '-deferred-', PDB: '', fileVersion: 0.9.11.0
C:\Program Files\Unity\Hub\Editor\2021.3.16f1\Editor\SketchUpCommonPreferences.dll:SketchUpCommonPreferences.dll (00007FFAE9850000), size: 479232 (result: 0), SymType: '-deferred-', PDB: '', fileVersion: 20.2.172.37
C:\Windows\SYSTEM32\Secur32.dll:Secur32.dll (00007FFAD7840000), size: 49152 (result: 0), SymType: '-deferred-', PDB: '', fileVersion: 10.0.19041.546
C:\Windows\SYSTEM32\VCRUNTIME140_1.dll:VCRUNTIME140_1.dll (00007FFADB3E0000), size: 49152 (result: 0), SymType: '-deferred-', PDB: '', fileVersion: 14.28.29325.2
C:\Program Files\Unity\Hub\Editor\2021.3.16f1\Editor\tbbmalloc.dll:tbbmalloc.dll (00007FFAE98D0000), size: 282624 (result: 0), SymType: '-deferred-', PDB: ''
C:\Windows\SYSTEM32\SSPICLI.DLL:SSPICLI.DLL (00007FFAF7D00000), size: 204800 (result: 0), SymType: '-deferred-', PDB: '', fileVersion: 10.0.19041.2130
C:\Program Files\Unity\Hub\Editor\2021.3.16f1\Editor\OpenRL.dll:OpenRL.dll (000002019BAF0000), size: 12779520 (result: 0), SymType: '-deferred-', PDB: '', fileVersion: 1.5.0.2907
C:\Windows\SYSTEM32\MSVCR100.dll:MSVCR100.dll (0000000064800000), size: 860160 (result: 0), SymType: '-deferred-', PDB: '', fileVersion: 10.0.40219.332
C:\Windows\SYSTEM32\MSVCP100.dll:MSVCP100.dll (0000000063D80000), size: 622592 (result: 0), SymType: '-deferred-', PDB: '', fileVersion: 10.0.40219.332
C:\Program Files\Unity\Hub\Editor\2021.3.16f1\Editor\embree.dll:embree.dll (00007FFA91190000), size: 16711680 (result: 0), SymType: '-deferred-', PDB: '', fileVersion: 2.14.0.0
C:\Program Files\Unity\Hub\Editor\2021.3.16f1\Editor\tbb.dll:tbb.dll (00007FFAE7200000), size: 413696 (result: 0), SymType: '-deferred-', PDB: '', fileVersion: 2017.0.2016.1004
C:\Windows\SYSTEM32\MSVCP120.dll:MSVCP120.dll (00007FFAE6380000), size: 679936 (result: 0), SymType: '-deferred-', PDB: '', fileVersion: 12.0.21005.1
C:\Windows\SYSTEM32\MSVCR120.dll:MSVCR120.dll (00007FFAB7280000), size: 978944 (result: 0), SymType: '-deferred-', PDB: '', fileVersion: 12.0.21005.1
C:\Windows\SYSTEM32\MSWSOCK.DLL:MSWSOCK.DLL (00007FFAF7600000), size: 434176 (result: 0), SymType: '-deferred-', PDB: '', fileVersion: 10.0.19041.546
C:\Program Files\Unity\Hub\Editor\2021.3.16f1\Editor\OpenRL_pthread.dll:OpenRL_pthread.dll (000002019C740000), size: 61440 (result: 0), SymType: '-deferred-', PDB: '', fileVersion: 2.9.0.0
C:\Windows\SYSTEM32\MSASN1.dll:MSASN1.dll (00007FFAF7A30000), size: 73728 (result: 0), SymType: '-deferred-', PDB: '', fileVersion: 10.0.19041.2251
C:\Windows\SYSTEM32\kernel.appcore.dll:kernel.appcore.dll (00007FFAF5D00000), size: 73728 (result: 0), SymType: '-deferred-', PDB: '', fileVersion: 10.0.19041.546
C:\Windows\System32\bcryptPrimitives.dll:bcryptPrimitives.dll (00007FFAF8700000), size: 532480 (result: 0), SymType: '-deferred-', PDB: '', fileVersion: 10.0.19041.2486
C:\Windows\system32\uxtheme.dll:uxtheme.dll (00007FFAF57B0000), size: 647168 (result: 0), SymType: '-deferred-', PDB: '', fileVersion: 10.0.19041.2193
C:\Windows\System32\shcore.dll:shcore.dll (00007FFAF9290000), size: 708608 (result: 0), SymType: '-deferred-', PDB: '', fileVersion: 10.0.19041.1865
C:\Windows\SYSTEM32\windows.storage.dll:windows.storage.dll (00007FFAF5F00000), size: 7942144 (result: 0), SymType: '-deferred-', PDB: '', fileVersion: 10.0.19041.2788
C:\Windows\SYSTEM32\Wldp.dll:Wldp.dll (00007FFAF78A0000), size: 188416 (result: 0), SymType: '-deferred-', PDB: '', fileVersion: 10.0.19041.2788
C:\Windows\SYSTEM32\profapi.dll:profapi.dll (00007FFAF7D80000), size: 126976 (result: 0), SymType: '-deferred-', PDB: '', fileVersion: 10.0.19041.844
C:\Windows\system32\IconCodecService.dll:IconCodecService.dll (00007FFAC2360000), size: 36864 (result: 0), SymType: '-deferred-', PDB: '', fileVersion: 10.0.19041.1
C:\Windows\SYSTEM32\WindowsCodecs.dll:WindowsCodecs.dll (00007FFAF2370000), size: 1785856 (result: 0), SymType: '-deferred-', PDB: '', fileVersion: 10.0.19041.1706
C:\Windows\System32\clbcatq.dll:clbcatq.dll (00007FFAF9BE0000), size: 692224 (result: 0), SymType: '-deferred-', PDB: '', fileVersion: 2001.12.10941.16384
C:\Windows\System32\netprofm.dll:netprofm.dll (00007FFAF29D0000), size: 253952 (result: 0), SymType: '-deferred-', PDB: '', fileVersion: 10.0.19041.2311
C:\Windows\System32\NSI.dll:NSI.dll (00007FFAFA680000), size: 32768 (result: 0), SymType: '-deferred-', PDB: '', fileVersion: 10.0.19041.610
C:\Windows\SYSTEM32\dhcpcsvc6.DLL:dhcpcsvc6.DLL (00007FFAE9ED0000), size: 94208 (result: 0), SymType: '-deferred-', PDB: '', fileVersion: 10.0.19041.2673
C:\Windows\SYSTEM32\dhcpcsvc.DLL:dhcpcsvc.DLL (00007FFAED6C0000), size: 118784 (result: 0), SymType: '-deferred-', PDB: '', fileVersion: 10.0.19041.2673
C:\Windows\System32\npmproxy.dll:npmproxy.dll (00007FFAE8D10000), size: 65536 (result: 0), SymType: '-deferred-', PDB: '', fileVersion: 10.0.19041.2311
C:\Windows\SYSTEM32\DNSAPI.dll:DNSAPI.dll (00007FFAF72E0000), size: 831488 (result: 0), SymType: '-deferred-', PDB: '', fileVersion: 10.0.19041.2546
C:\Windows\system32\napinsp.dll:napinsp.dll (00007FFA98F90000), size: 94208 (result: 0), SymType: '-deferred-', PDB: '', fileVersion: 10.0.19041.546
C:\Windows\system32\pnrpnsp.dll:pnrpnsp.dll (00007FFA98F70000), size: 110592 (result: 0), SymType: '-deferred-', PDB: '', fileVersion: 10.0.19041.546
C:\Windows\system32\wshbth.dll:wshbth.dll (00007FFAF2530000), size: 86016 (result: 0), SymType: '-deferred-', PDB: '', fileVersion: 10.0.19041.546
C:\Windows\system32\NLAapi.dll:NLAapi.dll (00007FFAF37E0000), size: 118784 (result: 0), SymType: '-deferred-', PDB: '', fileVersion: 10.0.19041.2193
C:\Windows\System32\winrnr.dll:winrnr.dll (00007FFA98F50000), size: 73728 (result: 0), SymType: '-deferred-', PDB: '', fileVersion: 10.0.19041.546
C:\Program Files\Bonjour\mdnsNSP.dll:mdnsNSP.dll (00000000641B0000), size: 155648 (result: 0), SymType: '-deferred-', PDB: '', fileVersion: 3.0.0.10
C:\Windows\System32\fwpuclnt.dll:fwpuclnt.dll (00007FFAE4920000), size: 524288 (result: 0), SymType: '-deferred-', PDB: '', fileVersion: 10.0.19041.2486
C:\Windows\System32\rasadhlp.dll:rasadhlp.dll (00007FFAE4600000), size: 40960 (result: 0), SymType: '-deferred-', PDB: '', fileVersion: 10.0.19041.546
C:\Program Files\Unity\Hub\Editor\2021.3.16f1\Editor\NVUnityPlugin.DLL:NVUnityPlugin.DLL (00007FFAAE5E0000), size: 1536000 (result: 0), SymType: '-deferred-', PDB: ''
C:\Program Files\Unity\Hub\Editor\2021.3.16f1\Editor\Data\Tools\astcenc-avx2.dll:astcenc-avx2.dll (00007FFAE5390000), size: 561152 (result: 0), SymType: '-deferred-', PDB: ''
C:\Windows\SYSTEM32\d3d11.dll:d3d11.dll (00007FFAF40E0000), size: 2502656 (result: 0), SymType: '-deferred-', PDB: '', fileVersion: 10.0.19041.2075
C:\Windows\SYSTEM32\dxgi.dll:dxgi.dll (00007FFAF6700000), size: 995328 (result: 0), SymType: '-deferred-', PDB: '', fileVersion: 10.0.19041.2311
C:\Windows\System32\DriverStore\FileRepository\nvdm.inf_amd64_74adeee5e47197cc\nvldumdx.dll:nvldumdx.dll (00007FFAB0080000), size: 1077248 (result: 0), SymType: '-deferred-', PDB: '', fileVersion: 30.0.15.1169
C:\Windows\SYSTEM32\cryptnet.dll:cryptnet.dll (00007FFAED750000), size: 200704 (result: 0), SymType: '-deferred-', PDB: '', fileVersion: 10.0.19041.906
C:\Windows\SYSTEM32\drvstore.dll:drvstore.dll (00007FFAE8D40000), size: 1343488 (result: 0), SymType: '-deferred-', PDB: '', fileVersion: 10.0.19041.2546
C:\Windows\SYSTEM32\devobj.dll:devobj.dll (00007FFAF7BF0000), size: 180224 (result: 0), SymType: '-deferred-', PDB: '', fileVersion: 10.0.19041.1620
C:\Windows\SYSTEM32\cryptbase.dll:cryptbase.dll (00007FFAF77F0000), size: 49152 (result: 0), SymType: '-deferred-', PDB: '', fileVersion: 10.0.19041.546
C:\Windows\System32\imagehlp.dll:imagehlp.dll (00007FFAF9110000), size: 118784 (result: 0), SymType: '-deferred-', PDB: '', fileVersion: 10.0.19041.1415
C:\Windows\SYSTEM32\CRYPTSP.dll:CRYPTSP.dll (00007FFAF7800000), size: 98304 (result: 0), SymType: '-deferred-', PDB: '', fileVersion: 10.0.19041.546
C:\Windows\system32\rsaenh.dll:rsaenh.dll (00007FFAF6EB0000), size: 212992 (result: 0), SymType: '-deferred-', PDB: '', fileVersion: 10.0.19041.1052
C:\Windows\System32\DriverStore\FileRepository\nvdm.inf_amd64_74adeee5e47197cc\nvwgf2umx.dll:nvwgf2umx.dll (00007FFA83FB0000), size: 43159552 (result: 0), SymType: '-deferred-', PDB: '', fileVersion: 30.0.15.1169
C:\Windows\SYSTEM32\dxcore.dll:dxcore.dll (00007FFAEF4E0000), size: 241664 (result: 0), SymType: '-deferred-', PDB: '', fileVersion: 10.0.19041.546
C:\Windows\system32\wbem\wbemprox.dll:wbemprox.dll (00007FFAE9E50000), size: 69632 (result: 0), SymType: '-deferred-', PDB: '', fileVersion: 10.0.19041.1320
C:\Windows\SYSTEM32\wbemcomn.dll:wbemcomn.dll (00007FFAE84F0000), size: 589824 (result: 0), SymType: '-deferred-', PDB: '', fileVersion: 10.0.19041.1566
C:\Windows\system32\wbem\wbemsvc.dll:wbemsvc.dll (00007FFAE7BC0000), size: 81920 (result: 0), SymType: '-deferred-', PDB: '', fileVersion: 10.0.19041.1320
C:\Windows\system32\wbem\fastprox.dll:fastprox.dll (00007FFAE7BE0000), size: 1093632 (result: 0), SymType: '-deferred-', PDB: '', fileVersion: 10.0.19041.546
C:\Windows\SYSTEM32\amsi.dll:amsi.dll (00007FFAE7BA0000), size: 126976 (result: 0), SymType: '-deferred-', PDB: '', fileVersion: 10.0.19041.2075
C:\Windows\SYSTEM32\USERENV.dll:USERENV.dll (00007FFAF7D40000), size: 188416 (result: 0), SymType: '-deferred-', PDB: '', fileVersion: 10.0.19041.572
C:\ProgramData\Microsoft\Windows Defender\Platform\4.18.2304.8-0\MpOav.dll:MpOav.dll (00007FFAB43D0000), size: 503808 (result: 0), SymType: '-deferred-', PDB: '', fileVersion: 4.18.2304.8
C:\Program Files\Unity\Hub\Editor\2021.3.16f1\Editor\cudart64_90.dll:cudart64_90.dll (00007FFAE4470000), size: 397312 (result: 0), SymType: '-deferred-', PDB: '', fileVersion: 6.14.11.9000
C:\Windows\SYSTEM32\opencl.dll:opencl.dll (00007FFAAE470000), size: 1474560 (result: 0), SymType: '-deferred-', PDB: '', fileVersion: 3.0.1.0
C:\Program Files\Unity\Hub\Editor\2021.3.16f1\Editor\radeonrays.dll:radeonrays.dll (00007FFAC4280000), size: 557056 (result: 0), SymType: '-deferred-', PDB: ''
C:\Program Files\Unity\Hub\Editor\2021.3.16f1\Editor\Data\MonoBleedingEdge\EmbedRuntime\mono-2.0-bdwgc.dll:mono-2.0-bdwgc.dll (00007FFAA51F0000), size: 10686464 (result: 0), SymType: '-deferred-', PDB: ''
C:\Windows\SYSTEM32\PROPSYS.dll:PROPSYS.dll (00007FFAF39B0000), size: 1007616 (result: 0), SymType: '-deferred-', PDB: '', fileVersion: 7.0.19041.1741
C:\Windows\WinSxS\amd64_microsoft.windows.common-controls_6595b64144ccf1df_6.0.19041.1110_none_60b5254171f9507e\comctl32.dll:comctl32.dll (00007FFAE4C50000), size: 2727936 (result: 0), SymType: '-deferred-', PDB: '', fileVersion: 6.10.19041.1110
C:\Windows\System32\thumbcache.dll:thumbcache.dll (00007FFAC47C0000), size: 417792 (result: 0), SymType: '-deferred-', PDB: '', fileVersion: 10.0.19041.1865
C:\Windows\SYSTEM32\policymanager.dll:policymanager.dll (00007FFAF3660000), size: 667648 (result: 0), SymType: '-deferred-', PDB: '', fileVersion: 10.0.19041.2788
C:\Windows\SYSTEM32\msvcp110_win.dll:msvcp110_win.dll (00007FFAF6F40000), size: 565248 (result: 0), SymType: '-deferred-', PDB: '', fileVersion: 10.0.19041.546
C:\Windows\System32\MrmCoreR.dll:MrmCoreR.dll (00007FFAE4610000), size: 999424 (result: 0), SymType: '-deferred-', PDB: '', fileVersion: 10.0.19041.1566
C:\Windows\System32\iertutil.dll:iertutil.dll (00007FFAE2760000), size: 2822144 (result: 0), SymType: '-deferred-', PDB: '', fileVersion: 11.0.19041.2788
C:\Windows\SYSTEM32\windows.staterepositorycore.dll:windows.staterepositorycore.dll (00007FFAE8580000), size: 69632 (result: 0), SymType: '-deferred-', PDB: '', fileVersion: 10.0.19041.2673
C:\Windows\System32\bcp47mrm.dll:bcp47mrm.dll (00007FFACA160000), size: 184320 (result: 0), SymType: '-deferred-', PDB: '', fileVersion: 10.0.19041.1503
C:\Windows\System32\Windows.UI.dll:Windows.UI.dll (00007FFACAAD0000), size: 1314816 (result: 0), SymType: '-deferred-', PDB: '', fileVersion: 10.0.19041.746
C:\Windows\System32\WindowManagementAPI.dll:WindowManagementAPI.dll (00007FFAF27D0000), size: 659456 (result: 0), SymType: '-deferred-', PDB: ''
C:\Windows\System32\TextInputFramework.dll:TextInputFramework.dll (00007FFACAFC0000), size: 1019904 (result: 0), SymType: '-deferred-', PDB: '', fileVersion: 10.0.19041.2546
C:\Windows\System32\InputHost.dll:InputHost.dll (00007FFACA200000), size: 1384448 (result: 0), SymType: '-deferred-', PDB: '', fileVersion: 10.0.19041.1741
C:\Windows\System32\CoreUIComponents.dll:CoreUIComponents.dll (00007FFAF4FE0000), size: 3530752 (result: 0), SymType: '-deferred-', PDB: '', fileVersion: 10.0.19041.546
C:\Windows\System32\CoreMessaging.dll:CoreMessaging.dll (00007FFAF5340000), size: 991232 (result: 0), SymType: '-deferred-', PDB: '', fileVersion: 10.0.19041.2193
C:\Windows\SYSTEM32\wintypes.dll:wintypes.dll (00007FFAF4910000), size: 1392640 (result: 0), SymType: '-deferred-', PDB: '', fileVersion: 10.0.19041.2788
C:\Windows\SYSTEM32\twinapi.appcore.dll:twinapi.appcore.dll (00007FFAF2550000), size: 2097152 (result: 0), SymType: '-deferred-', PDB: '', fileVersion: 10.0.19041.1865
C:\Windows\SYSTEM32\ntmarta.dll:ntmarta.dll (00007FFAF6FD0000), size: 208896 (result: 0), SymType: '-deferred-', PDB: '', fileVersion: 10.0.19041.546
C:\Windows\WinSxS\amd64_microsoft.windows.gdiplus_6595b64144ccf1df_1.1.19041.2251_none_91a40448cc8846c1\gdiplus.dll:gdiplus.dll (00007FFAE4EF0000), size: 1724416 (result: 0), SymType: '-deferred-', PDB: '', fileVersion: 10.0.19041.2251
C:\Windows\System32\MSCTF.dll:MSCTF.dll (00007FFAF93B0000), size: 1130496 (result: 0), SymType: '-deferred-', PDB: '', fileVersion: 10.0.19041.2673
C:\Windows\SYSTEM32\edputil.dll:edputil.dll (00007FFAC4250000), size: 147456 (result: 0), SymType: '-deferred-', PDB: '', fileVersion: 10.0.19041.546
C:\Windows\System32\Windows.StateRepositoryPS.dll:Windows.StateRepositoryPS.dll (00007FFAE47D0000), size: 1335296 (result: 0), SymType: '-deferred-', PDB: '', fileVersion: 10.0.19041.2673
C:\Windows\SYSTEM32\dbghelp.dll:dbghelp.dll (00007FFAE5840000), size: 1982464 (result: 0), SymType: '-deferred-', PDB: '', fileVersion: 10.0.19041.867

========== OUTPUTTING STACK TRACE ==================

0x00007FFAF819CB69 (KERNELBASE) RaiseException
0x00007FF61F53D25B (Unity) EditorMonoConsole::LogToConsoleImplementation
0x00007FF61F53DD4D (Unity) EditorMonoConsole::LogToConsoleImplementation
0x00007FF620151517 (Unity) DebugStringToFilePostprocessedStacktrace
0x00007FF620150C6D (Unity) DebugStringToFile
0x00007FF61F96B415 (Unity) LoadDomainAndUserAssemblies
0x00007FF61F96BAA4 (Unity) LoadUserAssemblies
0x00007FF61FE5F43F (Unity) <lambda_9de660459e8618354eb514546334764f>::operator()
0x00007FF61FE9F392 (Unity) asio::detail::completion_handler<core::mutable_function<void __cdecl(void)>,asio::io_context::basic_executor_type<std::allocator<void>,0> >::do_complete
0x00007FF61FE8B27E (Unity) asio::detail::win_iocp_io_context::do_one
0x00007FF61FE8CEE4 (Unity) asio::detail::win_iocp_io_context::run
0x00007FF61FE9D77E (Unity) IOService::Run
0x00007FF61FE7038F (Unity) AssetImportWorkerClient::Run
0x00007FF61FE3A3D3 (Unity) RunAssetImportWorkerClientV2
0x00007FF61FE3A45B (Unity) RunAssetImporterV2
0x00007FF61F655DA8 (Unity) Application::InitializeProject
0x00007FF61FABB0A8 (Unity) WinMain
0x00007FF620E6E78E (Unity) __scrt_common_main_seh
0x00007FFAF91E7604 (KERNEL32) BaseThreadInitThunk
0x00007FFAFA7826A1 (ntdll) RtlUserThreadStart

========== END OF STACKTRACE ===========

A crash has been intercepted by the crash handler. For call stack and other details, see the latest crash report generated in:
 * C:/Users/Hadi/AppData/Local/Temp/Unity/Editor/Crashes
